vehicle_id,n_readouts,first_time,last_time,observation_duration
0,172,11.2,507.4,496.2
2,33,1.4,281.0,279.6
3,71,0.2,291.2,291.0
4,17,3.8,203.0,199.2
5,44,0.0,357.6,357.6
8,23,1.8,277.6,275.8
13,26,2.2,149.4,147.20000000000002
14,42,1.4,432.8,431.40000000000003
15,56,4.2,286.8,282.6
17,61,2.4,436.4,434.0
22,51,3.2,185.2,182.0
25,45,0.8,316.2,315.4
26,68,9.0,264.6,255.60000000000002
27,94,12.6,353.0,340.4
28,100,5.6,238.0,232.4
29,44,20.8,423.4,402.59999999999997
30,145,3.6,496.4,492.79999999999995
31,158,0.0,486.2,486.2
32,17,70.6,146.4,75.80000000000001
33,102,0.6,500.0,499.4
35,33,5.6,145.8,140.20000000000002
36,126,0.6,484.2,483.59999999999997
37,81,1.0,459.4,458.4
38,92,3.6,477.6,474.0
39,83,8.4,426.6,418.20000000000005
40,115,1.8,426.8,425.0
41,64,7.4,148.4,141.0
42,96,16.8,481.8,465.0
43,54,2.8,281.4,278.59999999999997
44,32,9.2,156.2,147.0
47,50,4.4,150.8,146.4
48,25,15.0,152.8,137.8
49,107,0.0,503.0,503.0
50,119,0.6,498.2,497.59999999999997
52,151,0.8,234.2,233.39999999999998
53,38,8.4,80.4,72.0
54,69,4.6,390.8,386.2
55,11,0.0,94.0,94.0
56,68,1.4,395.6,394.20000000000005
57,74,2.2,434.6,432.40000000000003
61,74,4.2,292.6,288.40000000000003
63,57,2.8,170.6,167.79999999999998
64,22,0.6,140.4,139.8
65,125,5.4,447.6,442.20000000000005
67,57,0.2,325.4,325.2
68,155,2.6,501.8,499.2
69,44,3.8,214.2,210.39999999999998
70,82,4.2,467.2,463.0
71,137,3.6,488.6,485.0
72,61,0.0,136.0,136.0
73,125,5.6,404.8,399.2
75,56,0.8,283.6,282.8
76,125,0.0,295.8,295.8
78,86,0.2,307.0,306.8
79,38,6.4,150.6,144.2
80,47,1.8,277.2,275.4
81,84,2.4,260.4,258.0
82,156,5.2,425.6,420.40000000000003
84,107,2.2,306.8,304.6
86,41,23.8,150.8,127.00000000000001
87,87,2.6,187.8,185.20000000000002
88,121,1.2,465.0,463.8
89,108,1.6,491.0,489.4
90,47,1.4,106.2,104.8
91,140,3.4,436.4,433.0
92,49,0.6,142.0,141.4
93,52,7.8,187.6,179.79999999999998
94,65,2.6,419.8,417.2
95,32,16.2,338.0,321.8
96,25,12.8,50.0,37.2
99,73,0.0,377.2,377.2
100,65,2.2,290.6,288.40000000000003
102,50,4.0,355.4,351.4
103,143,0.0,405.4,405.4
105,125,9.6,491.6,482.0
106,140,0.0,503.8,503.8
108,139,4.2,441.8,437.6
109,107,0.6,485.8,485.2
110,102,6.4,410.0,403.6
111,103,5.4,469.2,463.8
112,137,0.0,491.8,491.8
113,62,2.8,271.8,269.0
114,97,5.6,289.0,283.4
115,67,6.8,121.6,114.8
116,101,2.0,353.0,351.0
118,96,2.2,262.0,259.8
121,53,2.6,155.8,153.20000000000002
122,127,0.0,402.0,402.0
123,139,0.0,488.8,488.8
124,172,1.2,494.8,493.6
125,53,1.4,178.0,176.6
126,180,2.8,474.8,472.0
128,61,1.4,133.2,131.79999999999998
130,122,2.4,492.4,490.0
131,140,0.0,304.4,304.4
132,34,20.8,208.2,187.39999999999998
134,82,6.8,346.0,339.2
135,132,0.0,489.8,489.8
136,59,23.6,302.0,278.4
138,93,10.2,254.2,244.0
139,83,2.0,197.4,195.4
140,140,7.6,452.2,444.59999999999997
141,147,2.6,465.2,462.59999999999997
142,148,0.0,380.8,380.8
143,66,2.8,198.8,196.0
144,63,3.6,191.0,187.4
146,50,3.8,159.2,155.39999999999998
147,155,1.6,501.4,499.79999999999995
148,94,1.0,271.8,270.8
149,99,2.6,344.4,341.79999999999995
150,118,10.4,433.4,423.0
151,155,2.6,385.8,383.2
152,92,0.0,504.0,504.0
154,111,1.4,496.8,495.40000000000003
155,105,0.0,199.8,199.8
156,69,2.2,202.6,200.4
159,188,3.6,503.4,499.79999999999995
160,48,18.8,287.4,268.59999999999997
161,130,9.6,451.8,442.2
162,150,2.4,493.6,491.20000000000005
163,115,1.8,482.4,480.59999999999997
164,83,0.0,150.8,150.8
165,36,4.4,138.2,133.79999999999998
167,111,13.8,475.4,461.59999999999997
168,72,9.4,433.8,424.40000000000003
169,73,1.0,292.2,291.2
171,133,0.4,426.4,426.0
172,132,3.6,464.6,461.0
175,63,4.2,478.2,474.0
177,37,0.0,138.2,138.2
178,109,11.6,413.6,402.0
179,137,3.4,478.6,475.20000000000005
185,101,2.4,321.4,319.0
186,9,61.0,95.6,34.599999999999994
187,64,0.0,283.6,283.6
188,163,2.2,494.0,491.8
190,61,4.2,165.6,161.4
191,111,2.4,301.6,299.20000000000005
193,113,2.4,410.8,408.40000000000003
194,63,5.8,431.4,425.59999999999997
195,133,2.4,413.8,411.40000000000003
197,114,10.6,387.6,377.0
199,134,1.2,450.4,449.2
200,96,0.4,504.6,504.20000000000005
202,148,10.4,473.2,462.8
203,147,3.2,481.2,478.0
204,47,5.4,173.4,168.0
205,67,1.8,433.6,431.8
206,144,1.2,415.4,414.2
207,143,1.4,496.2,494.8
208,53,3.0,200.6,197.6
209,98,1.8,488.0,486.2
211,57,0.0,467.6,467.6
213,216,4.0,372.0,368.0
215,50,0.4,158.6,158.2
216,182,1.8,480.4,478.59999999999997
217,151,9.4,474.2,464.8
218,86,3.2,284.2,281.0
219,124,10.6,494.6,484.0
222,136,1.4,481.4,480.0
223,8,16.6,147.4,130.8
226,58,3.2,140.4,137.20000000000002
228,236,0.0,479.2,479.2
229,105,3.0,357.0,354.0
231,38,1.2,144.0,142.8
233,125,3.2,491.4,488.2
234,127,2.8,454.4,451.59999999999997
236,103,3.2,389.2,386.0
237,83,0.8,205.6,204.79999999999998
240,95,3.2,319.2,316.0
241,112,0.8,417.8,417.0
242,131,2.8,435.4,432.59999999999997
243,117,6.0,466.4,460.4
244,23,5.6,151.0,145.4
245,28,0.0,269.2,269.2
246,66,2.4,150.4,148.0
247,118,4.0,471.6,467.6
249,116,3.8,399.2,395.4
252,80,3.0,199.2,196.2
253,100,2.8,353.6,350.8
254,125,3.6,488.0,484.4
255,102,0.0,479.0,479.0
257,108,7.2,464.0,456.8
258,128,2.2,436.0,433.8
259,75,1.2,269.2,268.0
260,19,0.4,167.4,167.0
261,144,6.2,457.8,451.6
262,122,2.2,493.6,491.40000000000003
263,47,1.8,168.8,167.0
267,18,3.8,150.6,146.79999999999998
269,116,0.0,479.0,479.0
270,26,0.0,258.2,258.2
271,101,2.4,393.0,390.6
272,84,1.6,247.8,246.20000000000002
273,132,3.0,346.6,343.6
274,132,2.8,421.8,419.0
275,129,1.2,470.2,469.0
276,138,0.0,457.8,457.8
277,37,5.4,205.4,200.0
278,154,0.4,484.4,484.0
279,113,2.0,481.8,479.8
280,49,0.0,148.4,148.4
281,53,5.8,263.4,257.59999999999997
282,115,1.0,491.2,490.2
284,61,10.8,473.2,462.4
287,46,2.8,105.6,102.8
288,141,18.6,491.6,473.0
289,146,0.8,468.4,467.59999999999997
290,102,14.4,487.8,473.40000000000003
291,92,0.0,433.8,433.8
292,47,14.6,454.4,439.79999999999995
293,237,19.2,488.0,468.8
294,175,2.4,482.6,480.20000000000005
295,116,1.6,415.0,413.4
296,25,3.8,135.2,131.39999999999998
297,72,6.4,357.6,351.20000000000005
298,139,0.2,370.6,370.40000000000003
300,72,0.0,301.6,301.6
301,33,8.4,355.6,347.20000000000005
304,92,7.0,399.6,392.6
305,80,1.8,442.4,440.59999999999997
306,119,17.0,491.4,474.4
308,118,0.6,482.6,482.0
310,77,4.6,384.2,379.59999999999997
311,173,0.2,494.0,493.8
312,81,0.0,346.4,346.4
313,61,9.0,475.2,466.2
314,30,0.6,170.0,169.4
316,148,1.0,491.0,490.0
318,24,13.0,279.8,266.8
319,89,0.6,216.4,215.8
321,109,1.2,489.0,487.8
322,97,5.2,478.4,473.2
323,136,3.2,488.0,484.8
324,99,0.0,411.6,411.6
325,23,0.0,284.8,284.8
326,41,0.0,281.4,281.4
327,64,0.0,285.4,285.4
328,7,9.6,115.8,106.2
329,231,2.0,430.4,428.4
332,66,3.6,254.6,251.0
334,41,8.2,353.8,345.6
335,60,2.2,268.2,266.0
336,61,4.0,320.0,316.0
337,13,34.2,132.2,97.99999999999999
338,108,8.8,486.4,477.59999999999997
341,116,5.2,477.4,472.2
342,71,14.4,290.0,275.6
343,28,14.0,347.2,333.2
346,83,15.6,350.4,334.79999999999995
347,27,4.4,360.0,355.6
348,78,4.0,215.8,211.8
349,99,0.8,362.8,362.0
350,146,1.2,481.2,480.0
351,69,3.8,203.6,199.79999999999998
352,119,2.4,485.6,483.20000000000005
353,158,2.4,487.2,484.8
354,82,5.8,218.8,213.0
355,110,8.8,483.6,474.8
356,30,8.2,288.0,279.8
357,12,10.4,128.4,118.0
358,30,0.0,139.8,139.8
360,53,0.0,173.2,173.2
361,33,1.2,292.6,291.40000000000003
362,112,6.8,452.4,445.59999999999997
365,104,3.6,474.4,470.79999999999995
366,60,1.4,149.0,147.6
368,27,11.6,372.0,360.4
370,66,0.6,165.2,164.6
371,42,5.6,212.6,207.0
372,149,0.0,472.8,472.8
374,60,2.6,194.6,192.0
375,70,9.0,360.4,351.4
376,81,1.0,271.4,270.4
378,103,8.0,470.8,462.8
381,69,7.2,349.6,342.40000000000003
382,18,1.4,204.6,203.2
383,49,2.2,345.4,343.2
384,86,2.4,278.4,276.0
385,118,3.6,481.6,478.0
386,48,9.6,232.2,222.6
388,6,10.6,83.6,73.0
389,54,0.0,473.4,473.4
390,46,6.6,135.8,129.20000000000002
391,26,1.6,235.6,234.0
393,14,123.6,190.6,67.0
394,94,2.2,490.2,488.0
395,164,6.6,479.8,473.2
396,54,7.0,267.4,260.4
399,47,7.6,416.8,409.2
401,25,5.2,139.2,134.0
402,24,9.6,463.2,453.59999999999997
404,89,1.4,285.6,284.20000000000005
406,83,3.0,455.2,452.2
408,48,4.0,288.0,284.0
409,120,5.2,476.6,471.40000000000003
410,43,7.4,281.2,273.8
412,139,1.8,493.0,491.2
413,11,1.2,215.4,214.20000000000002
415,101,1.0,488.4,487.4
416,8,6.8,128.2,121.39999999999999
418,128,1.0,490.0,489.0
419,78,7.0,282.8,275.8
421,5,13.2,136.4,123.2
425,90,40.0,361.6,321.6
426,112,20.4,435.0,414.6
427,40,2.2,209.4,207.20000000000002
428,58,4.0,312.6,308.6
429,104,11.2,481.6,470.40000000000003
430,68,40.0,359.6,319.6
431,76,4.2,355.0,350.8
432,41,1.8,93.4,91.60000000000001
433,121,1.4,479.2,477.8
434,150,3.8,430.6,426.8
436,51,2.6,180.6,178.0
437,114,1.2,487.8,486.6
440,59,0.0,285.8,285.8
441,58,1.2,388.6,387.40000000000003
442,134,50.6,485.8,435.2
443,96,15.8,463.6,447.8
445,110,1.4,489.2,487.8
447,55,12.8,299.0,286.2
451,61,13.0,384.8,371.8
452,117,2.4,440.4,438.0
453,66,18.4,318.6,300.20000000000005
454,6,0.0,154.8,154.8
455,66,8.4,468.4,460.0
456,14,9.2,192.8,183.60000000000002
457,19,4.0,167.6,163.6
458,110,3.8,468.8,465.0
461,6,6.2,252.6,246.4
464,19,1.0,279.8,278.8
466,127,13.2,432.4,419.2
467,45,6.6,399.0,392.4
469,68,4.4,289.2,284.8
471,23,10.6,315.2,304.59999999999997
472,105,6.0,376.4,370.4
474,15,0.6,168.0,167.4
475,111,4.4,477.6,473.20000000000005
477,12,64.0,178.4,114.4
479,36,12.8,379.6,366.8
480,100,0.0,348.2,348.2
481,58,12.4,471.8,459.40000000000003
482,23,0.0,127.2,127.2
485,61,7.0,277.2,270.2
488,18,6.8,471.2,464.4
489,52,1.4,330.6,329.20000000000005
490,72,0.0,281.0,281.0
491,62,3.0,148.6,145.6
494,122,4.6,482.8,478.2
495,111,8.0,411.6,403.6
497,5,15.8,110.4,94.60000000000001
498,76,4.0,229.6,225.6
501,33,4.6,242.4,237.8
502,11,0.0,119.4,119.4
504,29,0.0,243.4,243.4
505,53,9.6,485.8,476.2
507,22,46.4,325.2,278.8
509,9,51.4,223.0,171.6
510,57,2.8,450.8,448.0
511,90,37.8,394.0,356.2
512,24,33.6,402.2,368.59999999999997
514,115,21.0,476.0,455.0
516,84,3.8,121.2,117.4
517,70,2.4,169.8,167.4
519,169,2.4,481.4,479.0
522,47,5.8,213.4,207.6
523,131,1.8,457.0,455.2
524,32,2.0,238.6,236.6
525,26,26.6,428.2,401.59999999999997
526,136,11.8,487.6,475.8
528,126,4.2,461.2,457.0
529,48,7.0,162.2,155.2
530,124,8.4,465.0,456.6
531,85,7.4,372.8,365.40000000000003
533,59,0.0,341.6,341.6
534,45,8.2,239.2,231.0
535,92,5.2,382.8,377.6
536,30,6.4,270.2,263.8
537,39,7.0,252.8,245.8
538,92,1.6,435.2,433.59999999999997
540,74,0.2,296.6,296.40000000000003
545,114,3.0,454.2,451.2
546,84,2.4,290.6,288.20000000000005
549,23,41.4,477.4,436.0
550,74,5.8,268.0,262.2
551,116,0.0,383.2,383.2
552,60,2.6,248.8,246.20000000000002
553,104,0.0,371.4,371.4
555,104,0.2,346.2,346.0
556,78,0.6,355.6,355.0
557,83,3.8,481.4,477.59999999999997
558,44,2.2,160.6,158.4
559,18,1.0,205.8,204.8
561,89,6.0,476.2,470.2
562,57,1.2,245.8,244.60000000000002
563,15,0.0,148.6,148.6
564,82,1.2,370.4,369.2
565,72,32.2,368.8,336.6
567,56,8.2,200.8,192.60000000000002
569,116,11.0,459.8,448.8
570,82,3.8,463.0,459.2
571,122,4.2,480.4,476.2
572,8,8.2,133.8,125.60000000000001
574,118,12.4,436.4,424.0
576,32,0.8,276.6,275.8
577,13,7.8,125.2,117.4
578,113,2.8,465.0,462.2
579,16,0.0,170.4,170.4
580,92,2.6,337.2,334.59999999999997
581,113,9.4,474.8,465.40000000000003
582,102,5.2,483.8,478.6
583,62,18.8,339.0,320.2
584,8,16.0,100.4,84.4
585,13,0.0,127.8,127.8
586,9,8.2,113.2,105.0
588,88,0.0,221.2,221.2
589,52,32.6,445.4,412.79999999999995
590,109,5.4,410.4,405.0
592,61,2.6,277.2,274.59999999999997
593,103,3.8,484.0,480.2
595,33,0.0,219.0,219.0
596,134,1.8,464.6,462.8
597,17,2.4,134.2,131.79999999999998
599,113,9.4,402.6,393.20000000000005
600,106,4.2,344.4,340.2
601,45,14.0,207.8,193.8
602,63,11.4,360.8,349.40000000000003
604,94,0.0,378.8,378.8
605,76,3.2,409.4,406.2
606,74,4.6,360.6,356.0
607,60,5.8,398.0,392.2
609,84,8.2,476.6,468.40000000000003
612,112,9.0,451.0,442.0
613,124,5.6,479.0,473.4
614,52,5.4,281.2,275.8
615,109,9.8,465.2,455.4
616,68,13.0,451.6,438.6
617,46,18.0,285.4,267.4
620,112,4.8,452.0,447.2
621,41,0.0,194.4,194.4
622,100,0.8,467.2,466.4
623,41,25.8,240.8,215.0
625,45,18.8,278.4,259.59999999999997
626,116,4.4,479.8,475.40000000000003
628,96,3.0,401.8,398.8
629,50,4.8,160.6,155.79999999999998
630,31,2.8,141.4,138.6
631,19,0.6,139.4,138.8
632,31,1.0,134.4,133.4
633,18,8.4,148.6,140.2
634,23,3.6,120.8,117.2
636,37,11.6,190.8,179.20000000000002
637,116,2.8,409.6,406.8
638,33,3.2,192.2,189.0
640,87,1.8,371.2,369.4
641,46,2.6,184.0,181.4
642,107,3.6,474.2,470.59999999999997
644,80,8.4,200.0,191.6
645,95,6.8,469.4,462.59999999999997
646,66,3.8,344.2,340.4
648,26,0.0,270.6,270.6
651,26,0.0,345.6,345.6
652,30,10.4,331.4,321.0
654,41,18.2,277.8,259.6
655,35,7.8,145.4,137.6
657,46,11.2,213.4,202.20000000000002
659,46,1.0,277.4,276.4
660,170,2.6,471.0,468.4
665,66,2.0,306.6,304.6
668,45,15.8,268.8,253.0
669,89,13.4,467.6,454.20000000000005
671,5,31.6,108.6,77.0
672,90,0.0,436.4,436.4
673,60,22.2,426.8,404.6
675,45,12.4,210.8,198.4
676,73,0.6,469.0,468.4
678,44,7.2,403.0,395.8
680,12,19.8,138.2,118.39999999999999
682,66,0.4,318.8,318.40000000000003
683,70,1.6,232.2,230.6
685,106,6.8,478.2,471.4
686,92,0.0,424.0,424.0
688,144,1.4,471.6,470.20000000000005
690,101,0.0,298.2,298.2
691,94,0.0,342.6,342.6
692,12,0.8,216.8,216.0
693,8,16.2,123.0,106.8
694,26,11.4,310.4,299.0
695,23,3.6,199.6,196.0
697,13,0.6,152.0,151.4
699,104,0.0,358.0,358.0
702,19,5.6,277.4,271.79999999999995
703,118,2.4,474.4,472.0
705,101,6.6,469.0,462.4
706,102,8.6,466.2,457.59999999999997
708,123,0.4,448.4,448.0
709,19,32.4,290.2,257.8
710,95,0.2,422.6,422.40000000000003
713,11,7.2,138.0,130.8
714,42,1.4,211.2,209.79999999999998
717,51,0.0,191.8,191.8
718,75,4.0,414.6,410.6
719,114,2.2,471.6,469.40000000000003
720,20,0.2,308.8,308.6
721,129,0.2,462.2,462.0
722,31,32.0,358.8,326.8
723,61,1.6,477.8,476.2
725,9,3.0,159.4,156.4
729,9,2.6,129.2,126.6
731,87,6.4,354.6,348.20000000000005
732,28,37.8,182.8,145.0
733,12,0.0,168.4,168.4
734,16,10.2,165.6,155.4
735,11,7.6,212.0,204.4
738,51,8.4,257.0,248.6
739,90,8.2,382.4,374.2
740,34,9.8,323.4,313.59999999999997
741,46,7.2,240.8,233.60000000000002
743,77,16.0,362.0,346.0
744,39,5.6,143.4,137.8
745,83,3.8,465.4,461.59999999999997
746,21,0.0,141.8,141.8
747,97,0.0,358.2,358.2
748,70,9.8,381.4,371.59999999999997
749,90,5.8,455.2,449.4
750,69,4.0,255.4,251.4
751,15,3.0,163.8,160.8
753,6,12.6,148.4,135.8
755,52,0.8,409.6,408.8
756,107,33.4,436.8,403.40000000000003
758,74,0.0,429.6,429.6
759,37,22.8,374.8,352.0
760,67,1.2,365.2,364.0
762,50,8.2,361.8,353.6
767,90,0.4,366.8,366.40000000000003
768,95,19.2,469.2,450.0
770,24,4.8,250.2,245.39999999999998
771,85,1.2,444.4,443.2
772,15,32.2,122.2,90.0
773,31,8.4,459.2,450.8
775,164,6.6,453.6,447.0
776,115,10.8,466.6,455.8
777,12,12.2,144.2,132.0
778,6,11.4,135.4,124.0
779,59,2.2,254.8,252.60000000000002
780,42,0.0,472.8,472.8
781,18,5.2,162.0,156.8
782,18,1.2,145.6,144.4
784,32,5.6,139.8,134.20000000000002
785,75,0.4,224.8,224.4
787,85,20.0,392.4,372.4
788,22,4.0,182.0,178.0
789,36,4.4,214.4,210.0
790,98,0.0,450.8,450.8
791,98,8.0,373.4,365.4
793,6,3.4,112.8,109.39999999999999
794,106,5.4,471.8,466.40000000000003
795,133,2.0,418.6,416.6
797,8,3.4,117.6,114.19999999999999
799,18,0.4,277.6,277.20000000000005
800,9,18.4,132.4,114.0
801,43,5.2,472.4,467.2
804,107,44.6,464.6,420.0
805,61,21.0,289.6,268.6
806,18,8.8,138.0,129.2
807,105,13.2,454.0,440.8
808,109,3.8,463.4,459.59999999999997
810,42,13.2,457.4,444.2
813,11,10.8,214.2,203.39999999999998
815,128,0.4,477.0,476.6
816,53,3.6,202.0,198.4
817,25,26.0,138.8,112.80000000000001
820,46,7.2,218.2,211.0
821,130,0.0,425.8,425.8
822,107,0.0,363.6,363.6
823,52,3.4,184.2,180.79999999999998
825,108,0.0,467.4,467.4
826,6,36.4,152.6,116.19999999999999
827,25,1.2,182.0,180.8
828,40,3.8,143.8,140.0
830,104,10.6,458.6,448.0
831,144,17.8,468.6,450.8
833,86,1.2,330.2,329.0
834,40,1.2,148.2,147.0
836,35,1.4,143.8,142.4
837,149,6.0,478.2,472.2
838,98,2.6,446.4,443.79999999999995
839,49,3.8,230.4,226.6
840,74,14.0,384.4,370.4
841,79,10.2,326.2,316.0
842,64,2.6,311.0,308.4
843,146,2.4,477.4,475.0
844,69,3.8,342.4,338.59999999999997
845,16,4.0,180.2,176.2
846,65,3.2,457.6,454.40000000000003
847,64,8.8,316.4,307.59999999999997
848,82,7.8,381.2,373.4
850,59,7.2,271.2,264.0
851,99,0.2,469.0,468.8
852,33,8.2,215.2,207.0
853,31,2.4,202.2,199.79999999999998
854,40,3.2,197.8,194.60000000000002
855,87,16.0,421.2,405.2
856,75,0.0,463.6,463.6
857,53,11.8,452.2,440.4
858,18,0.0,114.8,114.8
859,93,10.6,381.4,370.79999999999995
860,55,8.4,462.0,453.6
861,79,4.0,468.2,464.2
862,60,1.4,444.6,443.20000000000005
863,92,0.8,377.8,377.0
864,80,7.0,434.8,427.8
866,101,4.4,436.2,431.8
868,68,8.2,263.4,255.2
869,96,5.8,479.0,473.2
873,21,8.6,143.2,134.6
874,69,3.0,467.8,464.8
875,126,1.4,471.4,470.0
877,16,14.4,245.0,230.6
878,132,0.0,446.6,446.6
879,104,24.6,468.6,444.0
880,54,24.0,470.2,446.2
881,45,13.0,355.8,342.8
883,97,6.6,389.2,382.59999999999997
884,12,2.0,142.0,140.0
885,28,6.8,265.6,258.8
886,17,16.2,232.8,216.60000000000002
887,106,12.0,468.2,456.2
889,13,6.2,105.0,98.8
890,13,33.0,168.8,135.8
892,15,7.4,125.4,118.0
893,69,12.6,364.0,351.4
897,66,9.6,247.4,237.8
898,64,8.8,271.4,262.59999999999997
899,116,24.0,466.2,442.2
900,39,0.2,440.2,440.0
901,20,0.0,241.2,241.2
904,39,11.6,281.8,270.2
905,101,3.8,451.8,448.0
906,69,6.6,461.4,454.79999999999995
907,10,14.8,210.2,195.39999999999998
908,140,0.0,405.2,405.2
909,25,29.0,138.8,109.80000000000001
910,43,19.0,216.6,197.6
911,37,11.8,269.6,257.8
912,46,8.8,449.8,441.0
913,17,40.4,138.2,97.79999999999998
915,100,5.4,394.8,389.40000000000003
916,25,4.2,140.6,136.4
918,16,23.8,276.8,253.0
920,58,0.0,425.2,425.2
921,102,11.0,444.8,433.8
923,23,13.2,174.6,161.4
924,55,15.2,415.2,400.0
925,66,4.0,366.8,362.8
926,79,4.2,367.0,362.8
927,90,3.4,268.6,265.20000000000005
928,81,29.6,475.6,446.0
929,53,13.0,409.2,396.2
930,90,0.0,420.2,420.2
932,91,8.2,455.8,447.6
933,45,17.4,436.0,418.6
934,43,15.2,278.8,263.6
935,105,8.4,452.8,444.40000000000003
936,83,7.2,440.6,433.40000000000003
938,55,28.6,402.0,373.4
939,90,6.6,461.2,454.59999999999997
943,49,5.2,438.8,433.6
946,39,2.0,276.4,274.4
948,105,0.0,462.0,462.0
949,136,0.2,461.6,461.40000000000003
950,98,1.2,442.0,440.8
953,56,0.4,267.6,267.20000000000005
955,33,2.2,355.6,353.40000000000003
956,65,0.2,288.2,288.0
957,88,0.2,470.8,470.6
958,80,1.8,356.8,355.0
961,43,3.0,211.4,208.4
962,105,8.4,463.8,455.40000000000003
963,107,2.6,474.2,471.59999999999997
964,46,11.4,209.4,198.0
965,51,4.0,205.8,201.8
967,91,12.8,451.0,438.2
968,21,9.8,212.8,203.0
969,89,0.8,453.8,453.0
971,94,0.4,470.8,470.40000000000003
972,20,3.0,233.4,230.4
973,89,8.2,440.8,432.6
974,56,3.0,242.4,239.4
976,55,2.4,217.0,214.6
977,22,3.6,218.4,214.8
978,27,0.4,165.6,165.2
979,106,4.8,424.2,419.4
980,9,0.0,144.2,144.2
981,15,5.6,184.0,178.4
982,114,4.0,463.6,459.6
983,9,0.0,108.2,108.2
984,107,8.4,467.8,459.40000000000003
985,44,4.0,209.6,205.6
987,52,12.4,421.6,409.20000000000005
989,116,2.8,468.6,465.8
990,6,0.4,104.2,103.8
991,53,7.8,462.2,454.4
994,100,0.0,377.2,377.2
995,11,5.4,202.2,196.79999999999998
996,7,20.4,138.0,117.6
998,98,0.0,347.2,347.2
1001,122,7.2,460.6,453.40000000000003
1003,18,0.0,314.6,314.6
1006,49,17.8,287.0,269.2
1008,103,0.0,467.2,467.2
1009,46,0.0,446.4,446.4
1010,35,21.8,452.0,430.2
1012,23,11.2,110.2,99.0
1013,63,11.0,314.2,303.2
1014,84,7.2,356.8,349.6
1015,18,23.6,356.2,332.59999999999997
1016,25,15.0,305.6,290.6
1017,72,3.0,456.2,453.2
1018,55,16.0,465.4,449.4
1019,15,7.8,171.0,163.2
1021,17,8.8,170.8,162.0
1022,26,6.6,154.0,147.4
1024,91,48.0,399.2,351.2
1026,37,0.0,327.4,327.4
1027,31,32.0,453.6,421.6
1028,65,4.2,286.0,281.8
1030,18,28.8,217.4,188.6
1032,76,0.2,285.4,285.2
1034,18,13.0,199.4,186.4
1035,92,9.0,434.4,425.4
1036,95,2.6,457.0,454.4
1037,114,2.0,468.8,466.8
1038,60,13.2,385.6,372.40000000000003
1042,66,12.6,323.6,311.0
1044,92,5.0,340.2,335.2
1045,99,14.4,449.6,435.20000000000005
1046,80,7.8,420.4,412.59999999999997
1047,115,6.8,399.2,392.4
1048,23,0.0,245.6,245.6
1049,66,0.0,471.6,471.6
1054,17,12.0,145.4,133.4
1055,48,6.8,222.4,215.6
1056,53,0.0,184.0,184.0
1057,35,4.0,212.6,208.6
1059,16,14.2,141.6,127.39999999999999
1060,9,16.0,170.8,154.8
1062,65,12.4,431.6,419.20000000000005
1064,56,0.4,384.0,383.6
1065,59,20.2,445.6,425.40000000000003
1066,37,22.6,243.6,221.0
1067,39,0.2,415.0,414.8
1068,41,5.8,456.2,450.4
1071,26,7.0,162.4,155.4
1072,77,14.2,435.6,421.40000000000003
1074,25,11.6,140.2,128.6
1076,29,22.4,150.2,127.79999999999998
1077,6,0.6,105.6,105.0
1078,49,21.0,357.2,336.2
1080,89,12.6,429.8,417.2
1081,40,3.6,208.8,205.20000000000002
1082,66,16.8,473.4,456.59999999999997
1086,35,3.8,181.2,177.39999999999998
1088,53,38.6,418.8,380.2
1089,34,10.6,302.8,292.2
1090,45,12.8,282.6,269.8
1091,94,0.2,454.8,454.6
1092,109,2.4,474.4,472.0
1093,109,4.2,364.6,360.40000000000003
1095,38,15.0,210.0,195.0
1097,48,2.4,281.2,278.8
1098,117,6.2,458.2,452.0
1099,50,0.0,314.0,314.0
1101,90,2.8,227.8,225.0
1102,95,9.0,456.2,447.2
1103,14,8.0,237.6,229.6
1104,30,75.0,390.0,315.0
1105,17,6.4,153.4,147.0
1106,86,13.4,347.6,334.20000000000005
1108,47,0.0,237.2,237.2
1109,48,6.8,433.0,426.2
1110,62,2.8,279.4,276.59999999999997
1111,116,0.0,456.2,456.2
1112,98,5.8,445.4,439.59999999999997
1113,48,6.8,227.2,220.39999999999998
1114,114,7.8,469.0,461.2
1115,10,8.4,120.0,111.6
1116,75,16.0,418.2,402.2
1117,33,8.4,403.8,395.40000000000003
1118,90,5.2,373.6,368.40000000000003
1119,14,7.4,175.0,167.6
1122,38,4.4,460.4,456.0
1123,59,1.8,280.6,278.8
1124,112,0.0,352.0,352.0
1126,100,10.2,442.6,432.40000000000003
1127,95,7.4,312.6,305.20000000000005
1128,96,0.4,455.2,454.8
1130,104,4.0,427.0,423.0
1132,19,27.4,247.8,220.4
1133,67,13.6,369.2,355.59999999999997
1134,61,4.0,327.0,323.0
1135,55,0.0,426.0,426.0
1136,128,4.0,465.8,461.8
1137,80,17.0,446.2,429.2
1139,17,0.0,237.2,237.2
1140,9,41.4,141.0,99.6
1141,81,4.6,296.2,291.59999999999997
1142,42,1.4,188.2,186.79999999999998
1143,102,14.2,452.2,438.0
1145,94,13.2,392.6,379.40000000000003
1146,110,3.8,467.8,464.0
1147,86,3.0,365.6,362.6
1149,57,1.8,293.4,291.59999999999997
1152,110,4.0,447.8,443.8
1153,36,9.0,394.8,385.8
1154,95,5.6,444.2,438.59999999999997
1155,75,6.0,283.0,277.0
1157,8,5.6,145.6,140.0
1158,60,27.8,343.0,315.2
1159,43,0.2,199.0,198.8
1160,13,12.2,139.2,126.99999999999999
1162,22,15.4,195.4,180.0
1163,74,5.2,456.6,451.40000000000003
1164,53,2.6,460.6,458.0
1166,39,5.0,204.0,199.0
1167,77,6.6,400.2,393.59999999999997
1168,45,6.6,254.6,248.0
1169,67,0.6,259.8,259.2
1170,15,1.6,144.0,142.4
1172,110,3.6,445.8,442.2
1173,38,12.2,323.0,310.8
1174,101,4.0,453.8,449.8
1175,30,7.8,173.6,165.79999999999998
1176,36,7.0,203.2,196.2
1177,70,0.0,309.2,309.2
1178,32,6.6,179.2,172.6
1180,41,6.6,268.8,262.2
1181,37,0.0,148.8,148.8
1182,26,0.0,285.4,285.4
1183,38,0.0,142.4,142.4
1184,38,4.2,222.6,218.4
1186,88,14.6,426.0,411.4
1188,84,15.2,452.0,436.8
1189,43,9.2,198.6,189.4
1190,77,2.6,397.4,394.79999999999995
1191,77,2.8,460.6,457.8
1192,58,13.8,410.2,396.4
1193,32,5.8,204.2,198.39999999999998
1194,80,6.2,402.0,395.8
1195,12,2.6,110.6,108.0
1196,87,4.0,426.6,422.6
1198,56,6.2,316.2,310.0
1200,30,17.0,175.0,158.0
1201,17,3.6,83.8,80.2
1202,68,2.6,386.4,383.79999999999995
1203,37,17.0,226.8,209.8
1204,109,2.6,459.6,457.0
1206,19,5.8,94.0,88.2
1207,25,7.2,212.0,204.8
1209,43,6.2,381.2,375.0
1210,33,15.2,194.6,179.4
1211,11,10.4,127.4,117.0
1214,35,17.0,216.0,199.0
1216,103,2.8,468.4,465.59999999999997
1219,92,1.8,458.2,456.4
1220,97,11.0,421.2,410.2
1221,29,6.2,176.2,170.0
1222,41,6.0,243.4,237.4
1223,33,4.0,168.8,164.8
1224,69,25.2,360.4,335.2
1225,82,4.2,348.4,344.2
1226,49,6.0,289.4,283.4
1227,59,13.2,234.2,221.0
1229,35,17.0,213.6,196.6
1230,65,6.0,363.8,357.8
1231,57,12.4,396.2,383.8
1232,50,6.0,202.0,196.0
1233,45,6.0,241.6,235.6
1234,46,6.0,250.8,244.8
1235,79,3.0,469.4,466.4
1237,66,0.8,289.0,288.2
1238,52,6.0,318.2,312.2
1239,43,6.0,215.6,209.6
1240,23,6.0,140.6,134.6
1241,76,6.0,439.8,433.8
1242,21,1.8,158.6,156.79999999999998
1243,77,4.0,382.0,378.0
1244,96,3.8,445.2,441.4
1245,62,4.0,345.2,341.2
1246,115,1.4,339.6,338.20000000000005
1247,97,5.8,442.4,436.59999999999997
1248,66,12.0,344.2,332.2
1249,10,1.4,142.0,140.6
1250,109,3.4,459.2,455.8
1251,9,5.2,134.2,129.0
1253,17,8.6,167.6,159.0
1254,37,3.2,249.4,246.20000000000002
1256,8,8.2,137.0,128.8
1257,54,9.0,181.0,172.0
1258,24,4.0,132.6,128.6
1259,37,0.0,146.4,146.4
1261,53,4.0,341.6,337.6
1265,115,13.0,463.0,450.0
1266,103,9.4,441.0,431.6
1269,107,0.0,346.4,346.4
1270,79,4.0,453.4,449.4
1271,27,3.2,185.4,182.20000000000002
1273,14,12.0,278.6,266.6
1275,89,7.4,435.0,427.6
1276,118,17.8,438.8,421.0
1278,32,10.8,170.6,159.79999999999998
1281,94,7.0,469.4,462.4
1283,29,38.2,407.8,369.6
1284,87,15.8,454.6,438.8
1287,97,0.0,311.6,311.6
1288,25,0.0,144.4,144.4
1290,85,0.0,287.8,287.8
1291,50,6.8,459.0,452.2
1292,26,0.0,128.0,128.0
1295,12,13.4,211.4,198.0
1298,45,0.0,199.8,199.8
1299,13,2.6,176.6,174.0
1300,74,6.2,433.2,427.0
1301,105,0.0,390.6,390.6
1302,36,4.4,142.2,137.79999999999998
1303,67,13.4,411.2,397.8
1304,68,6.8,346.8,340.0
1305,91,2.8,453.8,451.0
1306,78,8.6,340.2,331.59999999999997
1307,75,6.6,431.6,425.0
1308,65,8.8,438.2,429.4
1309,37,4.6,176.6,172.0
1312,12,16.4,176.4,160.0
1313,17,0.6,112.0,111.4
1314,47,10.2,269.8,259.6
1316,63,4.0,410.2,406.2
1317,34,6.4,433.6,427.20000000000005
1318,70,3.6,446.2,442.59999999999997
1319,54,0.0,170.8,170.8
1321,36,9.2,194.0,184.8
1322,112,3.8,444.8,441.0
1323,21,0.0,142.8,142.8
1324,47,4.0,251.0,247.0
1325,35,0.8,214.6,213.79999999999998
1326,10,0.0,93.4,93.4
1328,61,1.2,439.2,438.0
1329,33,9.0,217.6,208.6
1330,84,9.0,451.8,442.8
1331,40,0.0,440.4,440.4
1335,32,11.6,428.0,416.4
1340,38,5.8,215.2,209.39999999999998
1341,74,7.4,289.8,282.40000000000003
1342,64,0.6,318.6,318.0
1343,33,31.8,254.0,222.2
1344,93,5.8,437.4,431.59999999999997
1345,83,14.2,426.6,412.40000000000003
1347,15,17.6,190.0,172.4
1348,63,10.6,321.4,310.79999999999995
1351,12,17.4,132.2,114.79999999999998
1353,93,14.2,457.6,443.40000000000003
1354,24,7.8,152.6,144.79999999999998
1355,37,17.0,328.8,311.8
1356,35,0.0,182.0,182.0
1359,38,6.4,362.2,355.8
1360,43,12.6,213.6,201.0
1362,38,12.4,186.4,174.0
1363,26,8.4,172.2,163.79999999999998
1364,48,0.0,413.0,413.0
1367,13,9.4,277.8,268.40000000000003
1369,32,0.0,176.4,176.4
1370,51,0.4,425.6,425.20000000000005
1371,41,0.4,392.0,391.6
1372,36,4.8,192.4,187.6
1373,27,11.2,130.2,118.99999999999999
1374,33,11.0,129.6,118.6
1375,11,11.0,88.8,77.8
1377,57,7.2,286.0,278.8
1378,34,0.0,166.8,166.8
1379,46,8.6,333.8,325.2
1380,54,4.8,239.8,235.0
1381,91,0.0,421.0,421.0
1383,68,8.0,296.8,288.8
1384,117,4.8,445.8,441.0
1385,28,3.0,199.0,196.0
1386,54,4.8,425.2,420.4
1387,41,14.0,413.6,399.6
1392,21,9.6,286.6,277.0
1393,23,14.2,123.2,109.0
1394,92,7.2,442.0,434.8
1395,87,0.6,425.2,424.59999999999997
1396,75,9.0,418.2,409.2
1397,103,6.2,361.4,355.2
1398,60,4.2,241.6,237.4
1399,22,12.4,285.2,272.8
1401,103,9.2,446.4,437.2
1404,49,5.8,301.4,295.59999999999997
1405,86,4.0,400.6,396.6
1406,16,0.8,128.0,127.2
1408,21,9.4,221.6,212.2
1409,79,2.0,342.6,340.6
1410,45,4.0,286.4,282.4
1411,47,4.0,239.6,235.6
1413,29,12.6,144.2,131.6
1414,90,18.2,453.0,434.8
1415,19,1.4,177.8,176.4
1418,106,0.6,462.2,461.59999999999997
1420,29,12.2,360.2,348.0
1421,78,20.0,306.2,286.2
1422,13,15.0,141.8,126.80000000000001
1423,10,1.2,110.8,109.6
1425,50,0.0,188.2,188.2
1427,14,5.2,277.2,272.0
1429,54,2.8,332.6,329.8
1431,133,6.0,434.2,428.2
1432,21,13.4,131.0,117.6
1433,41,0.2,190.8,190.60000000000002
1435,90,12.4,428.0,415.6
1437,30,2.0,360.2,358.2
1438,40,8.4,271.6,263.20000000000005
1439,38,5.4,416.4,411.0
1440,29,8.0,128.8,120.80000000000001
1442,21,11.4,156.8,145.4
1443,59,6.6,245.6,239.0
1444,15,2.2,162.4,160.20000000000002
1445,8,7.4,119.2,111.8
1446,15,10.4,106.0,95.6
1448,40,2.4,432.6,430.20000000000005
1449,34,0.0,241.2,241.2
1452,164,0.0,424.4,424.4
1453,117,0.2,453.6,453.40000000000003
1454,12,0.0,242.0,242.0
1455,120,1.8,450.8,449.0
1457,80,11.2,358.4,347.2
1459,22,3.0,242.4,239.4
1460,8,11.2,241.4,230.20000000000002
1461,78,16.8,399.2,382.4
1462,50,6.8,281.2,274.4
1463,10,8.6,242.4,233.8
1464,47,20.4,235.6,215.2
1465,30,11.8,214.6,202.79999999999998
1466,30,3.0,203.6,200.6
1467,36,8.4,203.4,195.0
1468,32,19.2,181.0,161.8
1469,37,0.8,433.0,432.2
1470,33,16.2,212.0,195.8
1471,16,8.6,226.0,217.4
1472,73,14.6,326.8,312.2
1474,59,2.6,239.0,236.4
1475,66,0.2,363.2,363.0
1477,35,8.4,289.6,281.20000000000005
1479,112,14.8,456.8,442.0
1480,74,6.6,420.0,413.4
1482,56,11.0,278.4,267.4
1484,34,1.0,142.0,141.0
1485,9,9.8,164.0,154.2
1486,53,17.6,241.0,223.4
1487,34,19.0,190.6,171.6
1489,141,0.0,453.6,453.6
1490,33,8.6,222.8,214.20000000000002
1491,63,0.8,261.2,260.4
1493,91,3.8,434.6,430.8
1494,38,3.6,220.8,217.20000000000002
1496,29,7.0,142.2,135.2
1497,60,0.0,266.2,266.2
1498,41,9.4,214.2,204.79999999999998
1499,44,5.6,348.8,343.2
1504,17,14.0,251.4,237.4
1505,25,11.0,325.0,314.0
1506,56,13.8,299.4,285.59999999999997
1510,122,6.2,417.6,411.40000000000003
1514,85,6.6,433.2,426.59999999999997
1515,40,1.4,204.4,203.0
1516,82,12.0,352.8,340.8
1517,122,7.0,439.0,432.0
1518,86,7.8,438.0,430.2
1519,34,10.4,172.4,162.0
1520,28,3.4,148.0,144.6
1521,84,10.6,362.8,352.2
1523,79,4.4,436.0,431.6
1524,72,9.6,347.8,338.2
1528,23,5.2,441.2,436.0
1529,66,5.0,253.4,248.4
1532,31,10.0,280.0,270.0
1534,70,8.0,303.0,295.0
1535,8,11.6,170.4,158.8
1537,118,0.8,451.4,450.59999999999997
1538,44,0.2,439.4,439.2
1539,56,8.8,348.6,339.8
1540,78,2.8,390.8,388.0
1543,50,13.6,295.2,281.59999999999997
1544,51,8.8,281.4,272.59999999999997
1545,36,0.0,383.4,383.4
1546,42,4.2,402.2,398.0
1547,61,10.0,394.4,384.4
1548,52,8.8,323.0,314.2
1550,76,6.6,433.6,427.0
1551,77,10.0,454.6,444.6
1553,62,8.0,327.2,319.2
1554,53,10.6,288.2,277.59999999999997
1555,39,6.8,182.0,175.2
1557,60,5.8,294.2,288.4
1558,49,0.0,247.6,247.6
1559,80,8.6,449.6,441.0
1560,44,0.0,393.2,393.2
1561,26,8.8,137.6,128.79999999999998
1562,108,6.0,378.8,372.8
1563,36,0.0,189.0,189.0
1565,69,6.6,274.6,268.0
1566,36,8.6,170.6,162.0
1568,64,7.8,280.0,272.2
1569,14,3.8,142.2,138.39999999999998
1573,68,7.8,350.2,342.4
1575,111,11.8,438.0,426.2
1577,62,60.4,326.2,265.8
1578,20,6.2,135.2,129.0
1579,38,0.0,400.4,400.4
1580,41,6.0,135.6,129.6
1581,27,6.4,141.0,134.6
1582,24,0.8,126.0,125.2
1583,55,1.4,213.6,212.2
1584,49,8.8,377.4,368.59999999999997
1587,108,0.0,443.0,443.0
1589,59,0.0,169.2,169.2
1590,84,8.2,389.2,381.0
1592,111,1.6,439.8,438.2
1593,27,3.6,139.2,135.6
1594,54,4.4,377.8,373.40000000000003
1596,41,0.0,285.6,285.6
1602,8,8.8,105.8,97.0
1603,6,10.8,201.4,190.6
1604,45,7.2,248.4,241.20000000000002
1607,48,1.8,215.4,213.6
1608,103,2.6,384.8,382.2
1609,22,15.2,431.4,416.2
1610,88,1.2,446.0,444.8
1611,43,4.6,151.8,147.20000000000002
1612,59,0.2,250.2,250.0
1613,74,0.0,409.0,409.0
1614,26,6.4,315.6,309.20000000000005
1615,88,1.8,347.0,345.2
1617,25,11.4,156.8,145.4
1619,14,1.4,160.4,159.0
1620,63,8.6,319.6,311.0
1621,22,10.6,144.0,133.4
1624,43,9.0,222.6,213.6
1625,52,7.6,305.2,297.59999999999997
1626,8,13.6,97.6,84.0
1627,23,8.6,137.8,129.20000000000002
1629,41,7.6,177.8,170.20000000000002
1630,114,3.0,452.8,449.8
1631,29,12.2,144.0,131.8
1632,118,10.0,434.2,424.2
1635,84,5.0,174.0,169.0
1636,56,7.2,276.0,268.8
1637,25,6.0,169.6,163.6
1638,103,6.4,209.6,203.2
1640,164,3.0,453.4,450.4
1643,98,4.8,189.6,184.79999999999998
1644,153,0.0,353.2,353.2
1645,48,5.8,228.4,222.6
1646,118,4.6,270.2,265.59999999999997
1647,85,0.4,413.2,412.8
1648,55,5.6,282.2,276.59999999999997
1649,137,6.8,380.4,373.59999999999997
1650,44,4.0,211.6,207.6
1651,104,5.0,204.0,199.0
1653,126,1.2,316.8,315.6
1654,89,4.2,428.8,424.6
1655,128,6.6,342.2,335.59999999999997
1656,104,5.2,192.4,187.20000000000002
1657,73,0.0,340.8,340.8
1658,95,7.2,237.2,230.0
1659,99,5.8,201.4,195.6
1661,140,9.8,218.2,208.39999999999998
1662,96,1.6,432.6,431.0
1664,134,0.4,314.2,313.8
1666,80,10.0,212.4,202.4
1667,21,12.8,278.8,266.0
1669,81,5.2,199.8,194.60000000000002
1672,85,5.2,160.4,155.20000000000002
1674,84,1.0,210.8,209.8
1676,45,5.4,198.0,192.6
1678,52,4.8,202.4,197.6
1680,136,1.2,294.0,292.8
1683,32,7.2,152.4,145.20000000000002
1684,35,9.6,369.8,360.2
1687,140,0.2,179.4,179.20000000000002
1688,38,6.4,193.4,187.0
1691,8,0.0,91.4,91.4
1692,23,8.6,292.0,283.4
1693,10,8.8,201.2,192.39999999999998
1695,126,2.2,222.2,220.0
1696,34,5.8,175.8,170.0
1698,47,4.6,189.2,184.6
1700,47,0.4,309.6,309.20000000000005
1701,120,0.0,353.6,353.6
1703,9,36.2,102.0,65.8
1704,108,6.8,249.6,242.79999999999998
1709,114,5.8,250.0,244.2
1710,39,3.0,188.8,185.8
1711,119,0.0,432.2,432.2
1712,77,0.0,302.0,302.0
1713,26,9.8,136.8,127.00000000000001
1714,91,0.0,433.4,433.4
1715,19,56.0,247.0,191.0
1716,113,6.0,444.8,438.8
1717,102,5.6,318.8,313.2
1718,44,0.0,346.2,346.2
1719,86,9.4,373.4,364.0
1721,65,9.4,251.8,242.4
1722,19,10.0,139.6,129.6
1723,82,7.8,174.8,167.0
1724,161,4.0,432.6,428.6
1725,64,3.4,334.6,331.20000000000005
1726,143,1.2,388.8,387.6
1728,146,0.0,349.6,349.6
1732,76,5.6,135.8,130.20000000000002
1733,11,1.6,128.2,126.6
1734,51,9.8,263.2,253.39999999999998
1735,65,4.8,330.4,325.59999999999997
1736,23,8.8,366.6,357.8
1737,33,4.6,176.4,171.8
1738,19,64.8,313.2,248.39999999999998
1739,116,4.2,438.2,434.0
1740,67,9.4,301.8,292.40000000000003
1741,23,0.8,153.6,152.79999999999998
1742,31,0.8,122.8,122.0
1743,67,1.8,274.2,272.4
1745,57,9.4,220.8,211.4
1747,42,0.8,235.6,234.79999999999998
1750,24,0.0,151.8,151.8
1752,22,12.2,144.0,131.8
1754,43,3.4,210.8,207.4
1758,111,9.0,434.0,425.0
1759,61,9.6,272.4,262.79999999999995
1760,8,12.6,165.0,152.4
1761,5,7.0,75.6,68.6
1762,44,20.8,361.4,340.59999999999997
1764,83,2.8,179.8,177.0
1765,77,1.0,155.0,154.0
1768,65,12.4,318.2,305.8
1769,105,0.0,425.6,425.6
1770,77,9.6,431.2,421.59999999999997
1772,18,6.6,248.8,242.20000000000002
1773,118,2.2,423.6,421.40000000000003
1775,74,3.2,168.6,165.4
1776,9,11.4,142.4,131.0
1777,106,4.2,414.4,410.2
1778,20,9.6,281.6,272.0
1780,97,5.6,176.8,171.20000000000002
1783,103,2.4,143.8,141.4
1785,95,3.8,237.8,234.0
1786,69,0.0,132.8,132.8
1787,115,6.6,247.8,241.20000000000002
1788,85,8.8,212.6,203.79999999999998
1792,61,9.6,331.4,321.79999999999995
1793,32,2.4,289.8,287.40000000000003
1794,22,3.0,135.2,132.2
1795,53,0.0,286.6,286.6
1796,10,0.0,126.2,126.2
1797,16,0.2,244.0,243.8
1798,46,3.8,225.4,221.6
1799,78,0.0,406.8,406.8
1800,77,8.2,360.8,352.6
1801,75,8.4,376.6,368.20000000000005
1802,65,9.6,412.8,403.2
1803,29,0.0,172.0,172.0
1805,152,0.0,437.8,437.8
1806,68,9.6,426.4,416.79999999999995
1807,76,8.4,420.0,411.6
1808,136,5.8,322.6,316.8
1809,70,2.8,387.0,384.2
1810,20,14.6,247.4,232.8
1811,65,12.0,355.6,343.6
1812,48,4.4,217.0,212.6
1813,55,0.0,435.2,435.2
1815,106,4.0,432.6,428.6
1816,57,9.6,288.2,278.59999999999997
1817,142,0.0,445.2,445.2
1819,28,9.6,150.6,141.0
1821,82,4.8,128.8,124.00000000000001
1822,32,8.6,355.0,346.4
1823,80,8.4,408.6,400.20000000000005
1825,38,6.8,211.8,205.0
1826,45,15.0,238.6,223.6
1827,133,2.8,335.6,332.8
1828,50,4.4,208.6,204.2
1829,75,0.0,175.6,175.6
1830,63,6.8,324.0,317.2
1832,84,0.6,392.0,391.4
1833,67,54.4,428.2,373.8
1835,8,10.0,142.4,132.4
1836,150,0.0,431.2,431.2
1837,14,9.2,159.2,150.0
1838,66,8.8,379.6,370.8
1841,7,11.2,79.2,68.0
1844,58,0.0,119.2,119.2
1845,72,6.4,306.2,299.8
1847,57,8.6,171.2,162.6
1848,45,3.4,211.8,208.4
1849,13,34.8,260.4,225.59999999999997
1850,58,0.4,267.6,267.20000000000005
1851,156,4.8,429.6,424.8
1852,39,6.8,241.8,235.0
1853,56,0.0,407.2,407.2
1854,13,0.0,287.8,287.8
1855,54,4.6,213.8,209.20000000000002
1856,11,16.0,190.8,174.8
1857,75,0.0,412.2,412.2
1858,6,0.0,135.8,135.8
1859,75,2.6,431.8,429.2
1860,83,6.2,440.4,434.2
1863,133,2.4,289.0,286.6
1865,22,9.6,136.2,126.6
1866,146,6.0,424.0,418.0
1867,167,3.4,377.4,374.0
1869,32,1.4,140.2,138.79999999999998
1870,7,0.0,156.8,156.8
1872,75,11.8,332.0,320.2
1873,62,0.8,315.6,314.8
1874,148,5.0,443.8,438.8
1875,66,101.8,435.6,333.8
1876,113,2.0,241.8,239.8
1878,124,0.0,412.2,412.2
1879,72,6.4,300.2,293.8
1880,32,3.8,158.2,154.39999999999998
1881,74,10.4,289.6,279.20000000000005
1882,60,12.0,428.2,416.2
1887,52,4.0,220.0,216.0
1888,230,0.0,387.2,387.2
1889,82,15.6,445.0,429.4
1892,108,1.0,433.0,432.0
1893,67,3.0,442.6,439.6
1896,124,4.4,440.8,436.40000000000003
1897,81,3.0,406.0,403.0
1898,35,5.8,220.2,214.39999999999998
1900,33,6.2,175.8,169.60000000000002
1902,74,5.4,352.6,347.20000000000005
1904,74,3.8,377.0,373.2
1905,156,0.0,443.8,443.8
1908,10,16.6,100.6,84.0
1911,95,10.6,227.2,216.6
1912,24,16.6,288.8,272.2
1913,120,4.8,416.0,411.2
1914,67,7.0,436.4,429.4
1915,98,9.4,423.2,413.8
1916,54,16.2,442.0,425.8
1917,40,1.2,174.8,173.60000000000002
1918,37,4.2,163.4,159.20000000000002
1919,128,14.0,430.2,416.2
1920,34,6.6,157.6,151.0
1921,92,9.6,405.4,395.79999999999995
1922,75,6.4,347.4,341.0
1924,62,0.2,290.8,290.6
1925,48,5.4,438.0,432.6
1926,25,1.8,125.4,123.60000000000001
1927,45,0.0,204.2,204.2
1928,49,14.0,267.0,253.0
1929,40,9.8,199.4,189.6
1930,34,4.4,191.0,186.6
1931,56,8.2,269.6,261.40000000000003
1932,70,13.2,382.6,369.40000000000003
1934,46,4.0,291.2,287.2
1935,44,5.4,408.6,403.20000000000005
1936,24,0.0,133.0,133.0
1938,71,1.4,322.4,321.0
1939,89,8.2,217.8,209.60000000000002
1940,46,0.0,159.4,159.4
1942,11,12.8,167.0,154.2
1943,113,2.4,439.0,436.6
1945,180,0.0,441.0,441.0
1946,52,8.2,247.8,239.60000000000002
1947,44,36.4,412.0,375.6
1950,125,45.0,388.4,343.4
1952,10,7.2,99.0,91.8
1953,23,14.8,211.6,196.79999999999998
1955,56,5.4,285.6,280.20000000000005
1956,61,2.8,322.4,319.59999999999997
1957,10,4.6,81.6,77.0
1958,51,2.6,257.6,255.00000000000003
1961,119,10.8,435.2,424.4
1962,84,3.0,346.8,343.8
1963,68,0.0,427.0,427.0
1964,45,5.8,233.0,227.2
1967,47,4.0,277.2,273.2
1968,143,17.0,316.8,299.8
1969,48,2.8,215.0,212.2
1970,23,10.4,139.0,128.6
1972,61,14.6,364.4,349.79999999999995
1975,36,12.4,240.0,227.6
1977,86,2.0,422.0,420.0
1978,29,7.6,140.0,132.4
1979,59,6.6,219.8,213.20000000000002
1980,10,2.0,142.6,140.6
1981,74,0.2,288.8,288.6
1982,108,5.4,394.2,388.8
1984,72,14.0,426.6,412.6
1985,112,6.4,441.2,434.8
1987,18,4.8,210.0,205.2
1988,107,3.4,287.2,283.8
1989,44,0.6,431.2,430.59999999999997
1992,80,0.4,439.6,439.20000000000005
1994,31,2.6,134.2,131.6
1996,7,19.2,199.8,180.60000000000002
1997,91,2.6,428.0,425.4
1998,92,9.4,327.6,318.20000000000005
1999,33,5.2,188.4,183.20000000000002
2002,70,4.0,311.4,307.4
2003,58,59.0,398.6,339.6
2004,102,3.0,392.0,389.0
2005,8,16.6,179.2,162.6
2006,56,7.0,354.6,347.6
2007,32,0.2,179.4,179.20000000000002
2009,18,7.6,195.8,188.20000000000002
2010,30,7.2,137.6,130.4
2013,7,6.2,124.6,118.39999999999999
2014,30,44.8,196.8,152.0
2015,84,3.8,425.6,421.8
2016,48,6.2,206.0,199.8
2017,57,15.4,348.0,332.6
2018,45,2.2,224.4,222.20000000000002
2022,14,11.2,209.0,197.8
2023,101,8.4,402.2,393.8
2024,48,5.0,133.4,128.4
2026,92,0.2,331.0,330.8
2027,58,0.6,294.4,293.79999999999995
2028,154,7.6,442.0,434.4
2030,43,7.0,242.6,235.6
2031,26,19.2,149.0,129.8
2032,56,13.0,392.8,379.8
2034,87,3.8,418.0,414.2
2035,33,2.8,140.4,137.6
2037,47,6.8,221.8,215.0
2038,96,5.2,411.4,406.2
2039,29,7.8,373.2,365.4
2041,83,0.0,391.6,391.6
2043,45,6.8,222.0,215.2
2045,23,8.2,190.4,182.20000000000002
2046,74,10.6,424.0,413.4
2047,103,4.6,427.0,422.4
2048,24,0.0,159.4,159.4
2049,140,5.6,423.6,418.0
2051,64,10.6,424.0,413.4
2052,53,4.8,288.4,283.59999999999997
2053,6,33.0,171.8,138.8
2055,86,2.8,186.2,183.39999999999998
2056,39,0.2,354.0,353.8
2057,71,9.0,329.4,320.4
2059,26,25.2,140.4,115.2
2060,50,14.8,276.6,261.8
2062,47,20.6,168.6,148.0
2063,154,5.4,305.4,300.0
2064,28,2.2,174.0,171.8
2065,75,0.2,360.6,360.40000000000003
2066,76,20.0,434.8,414.8
2068,35,5.4,218.0,212.6
2069,22,1.6,237.4,235.8
2070,16,1.2,191.2,190.0
2071,57,6.4,164.8,158.4
2074,27,14.0,162.0,148.0
2075,114,1.0,429.6,428.6
2077,61,0.2,404.0,403.8
2078,76,14.0,394.4,380.4
2085,76,1.4,429.6,428.20000000000005
2087,39,2.2,278.8,276.6
2089,103,0.0,336.0,336.0
2092,147,4.2,443.6,439.40000000000003
2093,10,8.2,165.0,156.8
2094,97,19.0,393.4,374.4
2095,27,5.4,168.8,163.4
2097,44,4.8,213.0,208.2
2102,74,64.6,388.2,323.6
2103,10,15.8,201.4,185.6
2104,150,0.4,411.2,410.8
2105,103,3.4,350.6,347.20000000000005
2107,71,7.8,342.8,335.0
2108,153,3.8,432.6,428.8
2109,46,13.2,242.6,229.4
2110,166,11.4,439.2,427.8
2111,29,54.0,395.0,341.0
2113,138,11.0,351.8,340.8
2115,57,1.2,276.4,275.2
2116,168,0.6,437.8,437.2
2120,119,8.8,389.4,380.59999999999997
2121,151,11.2,425.4,414.2
2122,160,8.0,330.0,322.0
2123,36,4.8,174.6,169.79999999999998
2127,112,2.8,415.8,413.0
2128,35,2.6,137.2,134.6
2130,111,11.0,231.4,220.4
2131,43,5.6,216.0,210.4
2132,58,8.2,244.6,236.4
2133,162,1.0,430.0,429.0
2134,25,3.0,128.0,125.0
2135,15,9.0,240.8,231.8
2136,81,20.6,408.6,388.0
2137,25,10.0,120.0,110.0
2139,70,8.8,156.8,148.0
2140,146,10.0,401.6,391.6
2141,55,7.4,293.8,286.40000000000003
2142,43,8.8,322.8,314.0
2143,14,11.2,282.0,270.8
2145,60,0.2,294.8,294.6
2148,61,10.4,301.2,290.8
2149,68,9.0,426.0,417.0
2150,133,12.8,410.0,397.2
2151,36,9.2,171.2,162.0
2152,49,5.2,211.2,206.0
2153,34,9.0,185.2,176.2
2154,35,1.4,200.2,198.79999999999998
2156,27,9.0,158.6,149.6
2157,62,0.0,128.0,128.0
2160,54,8.8,289.4,280.59999999999997
2161,86,3.8,420.6,416.8
2162,73,0.6,423.4,422.79999999999995
2163,73,0.0,428.2,428.2
2164,100,13.4,433.2,419.8
2165,55,0.4,217.2,216.79999999999998
2166,157,7.8,427.0,419.2
2167,97,7.0,402.6,395.6
2168,93,19.8,423.0,403.2
2169,65,0.0,314.8,314.8
2171,53,19.2,227.4,208.20000000000002
2172,72,7.8,431.4,423.59999999999997
2173,84,13.0,137.2,124.19999999999999
2175,163,7.4,425.6,418.20000000000005
2177,7,2.0,138.6,136.6
2178,56,2.4,287.2,284.8
2181,72,25.8,319.8,294.0
2182,15,25.8,385.6,359.8
2183,83,7.4,355.2,347.8
2184,14,2.8,240.8,238.0
2185,88,5.4,424.6,419.20000000000005
2186,69,4.8,420.0,415.2
2187,124,3.8,321.6,317.8
2188,81,13.2,428.8,415.6
2189,67,30.2,412.0,381.8
2191,108,0.4,216.4,216.0
2192,133,10.6,314.8,304.2
2193,87,12.2,420.8,408.6
2194,44,0.0,364.4,364.4
2195,31,0.0,179.4,179.4
2196,149,1.2,428.0,426.8
2197,38,0.0,177.2,177.2
2198,80,10.8,173.2,162.39999999999998
2199,33,0.0,286.8,286.8
2200,113,0.0,439.6,439.6
2201,42,5.2,218.0,212.8
2203,40,11.8,210.2,198.39999999999998
2204,86,5.8,369.8,364.0
2205,130,5.8,285.2,279.4
2207,72,0.0,364.0,364.0
2211,78,7.0,298.4,291.4
2212,39,12.2,282.4,270.2
2213,127,8.6,354.2,345.59999999999997
2214,35,13.4,143.4,130.0
2216,127,8.6,424.4,415.79999999999995
2217,42,4.8,275.6,270.8
2218,93,1.6,352.6,351.0
2219,101,1.6,306.8,305.2
2221,39,13.4,435.2,421.8
2223,41,8.6,422.8,414.2
2224,37,13.4,433.2,419.8
2225,29,1.0,381.2,380.2
2226,103,0.4,436.8,436.40000000000003
2227,25,10.6,156.2,145.6
2228,40,3.4,212.8,209.4
2229,51,13.0,284.8,271.8
2230,28,0.0,145.4,145.4
2231,36,6.0,206.0,200.0
2232,60,1.6,258.4,256.79999999999995
2233,123,7.2,311.6,304.40000000000003
2234,22,7.0,148.4,141.4
2235,83,0.0,419.8,419.8
2237,43,4.8,172.2,167.39999999999998
2241,108,13.8,310.4,296.59999999999997
2242,26,28.2,135.4,107.2
2244,82,12.0,140.6,128.6
2245,19,1.4,205.8,204.4
2246,96,4.0,266.8,262.8
2247,57,2.6,367.8,365.2
2248,83,4.4,336.4,332.0
2250,138,0.0,421.0,421.0
2251,111,6.8,260.6,253.8
2252,39,0.4,204.0,203.6
2253,88,53.0,439.8,386.8
2254,79,4.6,436.8,432.2
2255,58,13.2,331.4,318.2
2256,69,5.4,322.4,317.0
2257,110,6.8,258.8,252.0
2258,85,0.2,130.8,130.60000000000002
2259,21,6.0,203.4,197.4
2260,75,0.2,341.4,341.2
2261,27,6.6,164.8,158.20000000000002
2262,144,1.2,437.6,436.40000000000003
2263,41,0.8,218.0,217.2
2264,131,10.0,407.0,397.0
2265,138,6.0,391.0,385.0
2266,86,0.6,218.6,218.0
2267,47,4.2,219.8,215.60000000000002
2268,72,11.6,430.8,419.2
2269,110,6.0,233.6,227.6
2270,146,2.4,431.0,428.6
2271,81,0.0,393.2,393.2
2272,46,6.4,220.0,213.6
2273,71,9.4,137.6,128.2
2274,36,7.4,213.8,206.4
2277,71,8.8,402.8,394.0
2278,28,11.8,128.2,116.39999999999999
2279,89,4.8,415.8,411.0
2280,20,7.4,128.6,121.19999999999999
2281,42,1.8,217.8,216.0
2283,25,0.6,246.8,246.20000000000002
2284,91,5.8,396.4,390.59999999999997
2285,80,8.8,418.6,409.8
2286,110,7.2,261.2,254.0
2288,100,9.8,211.4,201.6
2290,134,1.2,329.0,327.8
2291,147,1.6,350.8,349.2
2292,102,10.8,433.8,423.0
2293,149,5.4,434.4,429.0
2294,68,3.4,409.2,405.8
2295,68,0.0,143.0,143.0
2296,117,12.6,281.8,269.2
2297,27,0.0,352.0,352.0
2298,47,2.0,222.4,220.4
2300,72,4.8,384.0,379.2
2301,112,4.4,431.0,426.6
2302,9,0.6,118.2,117.60000000000001
2307,35,3.4,170.0,166.6
2308,40,4.4,279.8,275.40000000000003
2309,38,4.8,209.6,204.79999999999998
2310,138,6.8,439.4,432.59999999999997
2312,54,0.0,281.0,281.0
2313,107,10.8,319.8,309.0
2314,103,4.6,285.2,280.59999999999997
2315,13,8.6,235.0,226.4
2316,76,5.4,358.0,352.6
2317,55,4.8,238.2,233.39999999999998
2318,22,0.0,116.2,116.2
2319,74,4.4,311.0,306.6
2321,36,8.2,427.6,419.40000000000003
2323,92,3.6,432.2,428.59999999999997
2325,22,12.4,134.2,121.79999999999998
2326,78,6.0,353.6,347.6
2327,47,5.8,364.8,359.0
2330,5,23.8,114.4,90.60000000000001
2331,54,2.6,211.6,209.0
2332,51,4.6,286.4,281.79999999999995
2333,39,12.4,386.0,373.6
2334,18,5.0,212.2,207.2
2335,56,9.4,142.0,132.6
2336,124,13.0,285.4,272.4
2338,82,1.4,194.2,192.79999999999998
2339,30,8.8,177.6,168.79999999999998
2340,41,11.8,222.0,210.2
2341,53,3.4,251.8,248.4
2342,54,0.0,266.0,266.0
2344,99,8.2,416.4,408.2
2346,62,8.4,409.8,401.40000000000003
2347,10,15.0,144.6,129.6
2348,64,7.6,301.0,293.4
2349,64,3.8,330.0,326.2
2352,102,7.6,420.8,413.2
2353,114,12.8,395.2,382.4
2354,29,9.0,130.8,121.80000000000001
2355,19,0.0,138.2,138.2
2356,19,13.6,139.8,126.20000000000002
2357,41,0.0,394.0,394.0
2359,27,13.8,351.0,337.2
2360,69,6.0,231.0,225.0
2361,89,10.4,428.2,417.8
2363,75,7.6,431.2,423.59999999999997
2364,52,4.4,286.6,282.20000000000005
2365,24,7.6,174.8,167.20000000000002
2366,85,0.6,278.8,278.2
2367,78,25.0,355.0,330.0
2368,29,1.2,142.8,141.60000000000002
2370,166,0.2,421.4,421.2
2371,35,4.4,209.0,204.6
2372,65,0.4,342.6,342.20000000000005
2373,27,0.0,143.0,143.0
2374,39,1.8,183.2,181.39999999999998
2377,65,0.4,344.2,343.8
2379,41,1.0,210.4,209.4
2380,34,0.0,168.0,168.0
2381,28,3.6,363.4,359.79999999999995
2382,11,8.4,136.8,128.4
2383,111,5.2,408.6,403.40000000000003
2384,27,0.0,134.6,134.6
2385,21,10.6,140.6,130.0
2386,17,15.2,96.8,81.6
2387,22,7.8,170.8,163.0
2390,7,3.0,143.4,140.4
2391,52,0.4,423.4,423.0
2392,77,7.8,433.0,425.2
2393,78,4.8,334.8,330.0
2394,55,1.2,273.4,272.2
2395,89,1.0,418.4,417.4
2396,25,4.8,130.8,126.00000000000001
2397,38,5.0,240.8,235.8
2399,136,5.4,398.6,393.20000000000005
2402,48,3.8,233.4,229.6
2403,114,7.8,432.6,424.8
2404,20,0.6,130.8,130.20000000000002
2406,39,0.0,336.0,336.0
2409,64,8.8,286.8,278.0
2410,42,0.0,383.0,383.0
2411,46,10.0,377.8,367.8
2412,24,7.6,126.8,119.2
2413,42,4.8,215.2,210.39999999999998
2414,84,4.8,369.6,364.8
2416,28,0.0,159.0,159.0
2417,76,6.8,364.0,357.2
2420,98,9.2,425.2,416.0
2422,90,7.0,425.6,418.6
2423,54,0.0,218.4,218.4
2425,24,36.2,233.6,197.39999999999998
2426,54,5.0,320.6,315.6
2427,33,8.8,169.8,161.0
2430,60,8.8,285.0,276.2
2431,36,9.6,283.4,273.79999999999995
2432,19,0.2,174.4,174.20000000000002
2434,7,9.8,211.2,201.39999999999998
2435,7,23.6,145.0,121.4
2437,75,27.0,359.4,332.4
2438,26,12.2,138.0,125.8
2440,24,4.8,263.0,258.2
2442,70,9.4,336.2,326.8
2443,143,3.8,307.4,303.59999999999997
2444,69,4.0,398.8,394.8
2445,63,0.6,219.6,219.0
2446,119,1.6,425.6,424.0
2448,100,7.2,420.0,412.8
2449,17,7.6,276.4,268.79999999999995
2450,58,1.2,276.4,275.2
2451,70,14.2,397.4,383.2
2453,29,12.2,359.2,347.0
2454,118,4.8,421.4,416.59999999999997
2455,29,0.2,396.4,396.2
2456,6,5.8,211.6,205.79999999999998
2457,32,0.4,223.2,222.79999999999998
2460,184,0.0,416.0,416.0
2461,55,19.0,287.0,268.0
2463,85,4.0,435.6,431.6
2465,112,6.2,396.4,390.2
2467,69,13.6,408.2,394.59999999999997
2468,62,0.0,282.6,282.6
2470,59,3.4,285.8,282.40000000000003
2471,58,4.8,318.6,313.8
2472,28,5.2,138.0,132.8
2474,115,12.8,424.4,411.59999999999997
2475,34,14.6,390.0,375.4
2476,59,1.0,276.0,275.0
2477,17,0.0,211.6,211.6
2478,56,5.0,429.0,424.0
2479,47,5.4,214.8,209.4
2480,63,4.4,310.6,306.20000000000005
2482,23,0.0,302.4,302.4
2483,39,4.6,354.6,350.0
2484,10,0.0,177.2,177.2
2485,25,10.2,301.8,291.6
2486,42,6.6,213.6,207.0
2489,97,8.0,208.6,200.6
2491,50,4.6,214.2,209.6
2492,147,6.4,418.2,411.8
2493,99,3.8,378.2,374.4
2494,112,0.0,411.4,411.4
2495,45,12.2,215.2,203.0
2496,49,3.0,249.0,246.0
2497,110,5.0,361.4,356.4
2498,65,6.6,328.4,321.79999999999995
2500,27,5.2,139.6,134.4
2503,11,8.0,249.0,241.0
2504,122,3.4,418.8,415.40000000000003
2505,35,28.6,205.2,176.6
2506,57,57.4,365.0,307.6
2508,124,4.8,424.4,419.59999999999997
2509,69,0.4,303.0,302.6
2510,47,6.2,402.4,396.2
2511,57,8.0,284.8,276.8
2514,46,5.2,215.4,210.20000000000002
2516,22,14.4,281.6,267.20000000000005
2517,11,23.0,125.2,102.2
2518,66,8.4,285.8,277.40000000000003
2519,132,0.4,408.2,407.8
2522,45,4.8,214.2,209.39999999999998
2523,21,0.8,179.6,178.79999999999998
2524,91,6.8,384.4,377.59999999999997
2528,67,2.2,411.2,409.0
2531,21,3.2,187.6,184.4
2532,36,0.0,172.6,172.6
2533,85,10.2,428.4,418.2
2534,19,6.8,289.4,282.59999999999997
2536,99,0.0,426.8,426.8
2537,43,9.8,256.6,246.8
2539,92,1.8,422.8,421.0
2540,56,8.6,318.4,309.79999999999995
2541,117,3.8,432.4,428.59999999999997
2542,38,3.2,167.0,163.8
2543,23,5.2,148.0,142.8
2545,95,0.0,427.4,427.4
2547,79,11.0,356.6,345.6
2549,54,6.6,275.0,268.4
2550,65,1.6,266.0,264.4
2552,65,10.6,427.2,416.59999999999997
2554,49,10.2,216.2,206.0
2556,76,4.0,366.4,362.4
2557,93,1.2,417.0,415.8
2559,8,18.4,131.6,113.19999999999999
2560,48,10.0,166.6,156.6
2561,10,11.8,127.0,115.2
2562,49,3.4,216.2,212.79999999999998
2563,72,1.4,358.0,356.6
2564,99,3.0,289.8,286.8
2567,83,8.4,417.0,408.6
2568,63,1.4,325.4,324.0
2569,75,0.0,413.8,413.8
2573,52,8.4,269.0,260.6
2574,102,9.6,430.8,421.2
2576,84,4.8,406.8,402.0
2577,46,0.0,163.8,163.8
2578,68,21.0,309.4,288.4
2580,51,7.6,296.0,288.4
2582,95,5.4,369.4,364.0
2584,23,13.6,341.8,328.2
2585,53,1.2,211.8,210.60000000000002
2586,87,1.0,418.2,417.2
2588,94,3.8,376.8,373.0
2589,99,4.0,334.4,330.4
2590,48,14.0,383.2,369.2
2592,30,0.8,154.4,153.6
2593,41,5.0,234.8,229.8
2594,96,7.0,431.2,424.2
2596,74,4.6,375.8,371.2
2598,49,10.0,239.0,229.0
2600,59,4.8,315.0,310.2
2601,49,0.4,214.8,214.4
2602,39,2.0,401.4,399.4
2603,27,14.4,405.0,390.6
2604,68,3.6,282.6,279.0
2605,8,7.0,171.4,164.4
2607,8,8.6,119.6,111.0
2610,50,10.8,230.2,219.39999999999998
2612,12,6.8,114.6,107.8
2613,95,5.6,411.6,406.0
2615,54,5.0,234.0,229.0
2616,46,10.6,376.6,366.0
2622,73,2.4,349.8,347.40000000000003
2623,16,0.0,122.6,122.6
2624,75,5.0,344.4,339.4
2625,23,4.6,211.6,207.0
2626,8,0.6,106.8,106.2
2628,68,9.6,419.4,409.79999999999995
2629,54,9.8,261.6,251.8
2630,99,4.8,417.6,412.8
2633,74,11.4,351.2,339.8
2634,80,8.0,410.6,402.6
2635,42,1.4,247.2,245.79999999999998
2636,61,2.4,291.4,289.0
2637,55,4.0,278.6,274.6
2640,67,20.0,369.0,349.0
2641,16,13.0,189.0,176.0
2642,39,4.8,173.6,168.79999999999998
2645,121,4.8,423.8,419.0
2646,38,4.6,164.0,159.4
2647,57,4.8,250.0,245.2
2648,79,7.6,435.2,427.59999999999997
2649,45,31.6,189.6,158.0
2650,61,7.8,317.4,309.59999999999997
2651,63,4.8,349.8,345.0
2652,68,2.6,305.0,302.4
2654,55,4.8,291.6,286.8
2655,31,7.2,260.4,253.2
2657,68,7.4,356.6,349.20000000000005
2658,56,4.8,283.4,278.59999999999997
2659,70,10.8,298.8,288.0
2660,60,4.8,321.0,316.2
2661,62,5.6,401.8,396.2
2662,30,4.8,158.2,153.39999999999998
2664,79,15.4,365.0,349.6
2666,65,4.2,342.2,338.0
2667,26,12.6,214.6,202.0
2668,18,9.2,141.2,132.0
2669,91,6.8,408.0,401.2
2671,50,4.4,244.2,239.79999999999998
2672,105,0.2,361.6,361.40000000000003
2676,44,5.0,232.6,227.6
2677,80,10.6,430.8,420.2
2678,6,12.4,128.2,115.79999999999998
2679,48,12.0,418.6,406.6
2680,43,12.8,223.8,211.0
2682,56,27.0,199.8,172.8
2684,122,0.6,427.2,426.59999999999997
2685,72,7.2,262.0,254.8
2686,102,3.0,431.2,428.2
2688,86,17.0,411.0,394.0
2689,66,3.6,432.2,428.59999999999997
2690,53,5.0,215.0,210.0
2691,47,11.4,282.6,271.20000000000005
2692,41,6.8,400.4,393.59999999999997
2694,26,12.8,141.2,128.39999999999998
2697,84,4.8,412.0,407.2
2698,45,7.0,226.8,219.8
2699,40,10.4,202.0,191.6
2700,5,316.4,353.0,36.60000000000002
2703,69,4.8,389.8,385.0
2704,73,9.6,357.6,348.0
2705,13,5.4,277.0,271.6
2707,128,4.8,391.2,386.4
2708,6,64.2,200.4,136.2
2709,29,8.4,204.6,196.2
2711,88,16.0,429.4,413.4
2712,39,7.0,247.6,240.6
2713,73,6.0,318.2,312.2
2714,107,9.6,400.4,390.79999999999995
2717,18,13.0,214.6,201.6
2720,26,0.0,354.4,354.4
2721,31,7.0,138.4,131.4
2722,30,0.6,137.8,137.20000000000002
2723,39,13.6,422.4,408.79999999999995
2724,74,4.8,393.2,388.4
2727,56,4.8,259.6,254.8
2728,58,10.4,403.6,393.20000000000005
2729,69,7.6,416.4,408.79999999999995
2730,78,5.0,401.8,396.8
2733,31,0.6,164.0,163.4
2734,26,6.6,121.8,115.2
2735,85,4.6,429.0,424.4
2737,147,7.2,432.2,425.0
2738,23,7.2,135.4,128.20000000000002
2739,122,5.4,428.8,423.40000000000003
2740,37,7.2,177.2,170.0
2742,113,0.0,420.4,420.4
2745,16,2.2,105.8,103.6
2748,8,7.8,131.2,123.39999999999999
2749,27,12.8,141.2,128.39999999999998
2750,99,4.8,424.8,420.0
2752,62,18.4,347.2,328.8
2753,55,0.0,243.4,243.4
2754,34,7.8,196.2,188.39999999999998
2755,60,11.6,293.8,282.2
2756,106,4.6,420.2,415.59999999999997
2757,77,0.0,429.6,429.6
2759,72,11.0,368.2,357.2
2760,56,4.4,369.0,364.6
2761,29,13.4,315.0,301.6
2762,303,0.6,351.4,350.79999999999995
2763,36,25.0,332.8,307.8
2764,65,2.2,290.0,287.8
2766,47,29.0,304.8,275.8
2767,100,1.2,427.0,425.8
2769,67,21.8,347.0,325.2
2772,84,4.8,363.0,358.2
2773,92,0.0,215.8,215.8
2775,74,1.8,425.6,423.8
2776,45,0.4,258.0,257.6
2777,48,0.0,282.2,282.2
2778,75,6.6,364.0,357.4
2781,133,4.8,411.4,406.59999999999997
2782,34,1.6,370.0,368.4
2783,8,10.0,104.4,94.4
2785,42,22.8,399.4,376.59999999999997
2787,56,0.0,345.2,345.2
2788,65,4.8,418.4,413.59999999999997
2791,67,14.4,337.8,323.40000000000003
2792,104,1.6,420.2,418.59999999999997
2794,73,7.6,347.8,340.2
2797,13,0.0,210.6,210.6
2798,23,1.8,109.2,107.4
2800,28,13.8,321.2,307.4
2801,50,3.8,199.8,196.0
2802,46,4.4,229.4,225.0
2807,38,16.0,195.2,179.2
2808,59,3.8,253.0,249.2
2810,89,11.0,408.8,397.8
2812,11,7.2,143.6,136.4
2813,16,9.2,127.6,118.39999999999999
2814,56,0.8,215.0,214.2
2816,115,1.8,420.0,418.2
2817,105,2.6,422.8,420.2
2818,95,0.4,422.8,422.40000000000003
2819,118,2.0,421.4,419.4
2820,51,0.0,396.2,396.2
2821,28,2.2,129.8,127.60000000000001
2822,38,9.8,402.8,393.0
2823,45,5.2,217.8,212.60000000000002
2825,54,1.6,202.0,200.4
2826,34,7.4,261.8,254.4
2827,92,2.0,376.6,374.6
2830,69,8.8,298.2,289.4
2831,78,8.2,411.2,403.0
2832,94,5.0,424.2,419.2
2833,89,2.8,362.8,360.0
2834,105,5.0,411.8,406.8
2835,105,4.8,369.8,365.0
2836,88,1.4,370.4,369.0
2837,92,2.6,347.8,345.2
2839,92,9.0,425.2,416.2
2840,5,14.2,97.0,82.8
2841,73,11.8,427.2,415.4
2842,26,0.0,268.4,268.4
2845,115,11.2,413.0,401.8
2849,27,58.4,345.2,286.8
2851,30,0.0,138.0,138.0
2852,82,4.2,396.4,392.2
2853,86,2.0,392.2,390.2
2854,86,1.4,400.4,399.0
2855,39,0.0,179.8,179.8
2858,44,7.4,247.4,240.0
2859,61,14.8,411.6,396.8
2861,69,12.4,315.8,303.40000000000003
2862,77,3.8,371.2,367.4
2863,67,11.2,419.8,408.6
2864,50,4.8,212.6,207.79999999999998
2865,73,6.0,415.6,409.6
2867,50,0.0,401.6,401.6
2868,55,1.4,208.2,206.79999999999998
2869,36,4.8,277.8,273.0
2871,29,0.0,368.0,368.0
2872,24,11.8,124.0,112.2
2873,137,1.2,411.4,410.2
2874,69,3.2,392.2,389.0
2875,80,9.0,380.4,371.4
2876,53,6.0,254.2,248.2
2877,79,1.2,418.2,417.0
2878,85,8.2,379.0,370.8
2879,106,16.0,423.4,407.4
2880,62,0.0,250.8,250.8
2881,76,4.8,420.0,415.2
2883,92,0.2,393.0,392.8
2889,58,9.4,411.4,402.0
2890,77,0.0,418.0,418.0
2891,44,5.8,217.4,211.6
2892,35,28.6,427.6,399.0
2893,108,0.0,418.0,418.0
2894,97,3.4,413.0,409.6
2895,76,7.6,346.0,338.4
2898,43,7.4,428.4,421.0
2899,90,4.6,418.4,413.79999999999995
2901,50,9.0,378.6,369.6
2902,69,12.4,402.8,390.40000000000003
2903,55,0.0,406.4,406.4
2907,48,26.8,284.2,257.4
2908,7,58.8,157.6,98.8
2909,21,1.0,129.4,128.4
2911,88,4.8,413.8,409.0
2913,31,8.8,373.8,365.0
2914,79,7.6,359.2,351.59999999999997
2915,71,5.8,366.6,360.8
2916,44,4.8,211.4,206.6
2917,29,2.2,142.8,140.60000000000002
2918,84,0.0,353.8,353.8
2922,72,0.2,314.4,314.2
2923,91,7.8,393.8,386.0
2924,77,1.4,403.0,401.6
2925,196,5.8,343.0,337.2
2927,70,3.4,283.4,280.0
2928,35,4.6,144.2,139.6
2931,58,5.0,279.6,274.6
2933,48,17.4,279.2,261.8
2935,42,8.0,212.2,204.2
2937,9,0.0,152.8,152.8
2938,51,7.8,218.4,210.6
2941,67,4.8,346.6,341.8
2942,71,0.0,358.4,358.4
2944,59,6.4,299.8,293.40000000000003
2948,95,0.0,417.2,417.2
2952,49,0.2,272.2,272.0
2954,88,7.0,398.4,391.4
2955,77,18.0,396.4,378.4
2957,93,4.8,385.6,380.8
2958,43,4.2,204.6,200.4
2959,47,19.0,140.6,121.6
2960,94,2.6,418.6,416.0
2961,72,11.8,392.0,380.2
2962,28,5.0,142.0,137.0
2963,29,5.2,153.4,148.20000000000002
2964,71,0.0,329.8,329.8
2965,98,4.8,405.6,400.8
2966,15,2.8,207.6,204.79999999999998
2967,109,8.0,401.6,393.6
2968,43,3.4,364.4,361.0
2969,74,5.2,361.6,356.40000000000003
2970,97,7.4,403.0,395.6
2971,39,6.4,207.6,201.2
2975,6,0.0,58.2,58.2
2978,77,13.8,330.4,316.59999999999997
2979,5,76.0,225.2,149.2
2980,11,5.8,300.8,295.0
2981,66,6.2,408.8,402.6
2982,66,2.8,288.4,285.59999999999997
2983,68,8.8,397.0,388.2
2984,48,12.2,227.4,215.20000000000002
2986,67,8.6,385.0,376.4
2988,8,9.0,142.4,133.4
2989,6,55.2,166.4,111.2
2991,88,4.4,391.8,387.40000000000003
2992,79,4.8,394.4,389.59999999999997
2994,59,0.0,224.6,224.6
2995,77,8.2,370.8,362.6
2997,91,3.0,427.4,424.4
2998,91,3.4,403.0,399.6
2999,20,12.8,174.2,161.39999999999998
3000,62,3.2,284.2,281.0
3001,42,4.8,216.0,211.2
3002,41,5.0,205.8,200.8
3003,76,8.2,417.2,409.0
3004,28,6.4,147.4,141.0
3005,35,11.0,216.8,205.8
3006,10,16.0,132.4,116.4
3007,20,11.6,141.2,129.6
3008,82,6.4,415.8,409.40000000000003
3009,21,13.6,127.4,113.80000000000001
3010,83,2.2,407.2,405.0
3011,60,1.4,287.4,286.0
3012,75,7.6,355.2,347.59999999999997
3013,84,3.2,376.8,373.6
3014,49,6.0,207.8,201.8
3015,56,70.6,402.6,332.0
3017,21,16.8,151.2,134.39999999999998
3018,58,11.6,390.6,379.0
3019,74,15.0,391.4,376.4
3020,28,6.0,125.2,119.2
3021,21,11.0,139.4,128.4
3024,32,9.4,173.8,164.4
3026,20,1.2,140.0,138.8
3028,42,5.4,224.2,218.79999999999998
3029,26,0.0,133.2,133.2
3031,49,1.6,208.6,207.0
3032,32,5.4,191.4,186.0
3036,42,4.8,198.2,193.39999999999998
3037,47,4.8,249.6,244.79999999999998
3038,92,4.6,419.6,415.0
3039,53,6.0,299.2,293.2
3040,44,5.6,212.0,206.4
3042,42,3.0,211.0,208.0
3043,53,4.4,199.4,195.0
3044,57,4.8,291.6,286.8
3045,63,8.0,214.6,206.6
3046,21,7.2,207.2,200.0
3047,21,9.8,120.2,110.4
3048,28,4.8,146.0,141.2
3050,12,10.2,178.8,168.60000000000002
3051,38,8.8,411.4,402.59999999999997
3052,39,4.8,215.8,211.0
3053,58,11.2,423.6,412.40000000000003
3054,75,0.0,333.6,333.6
3056,38,12.6,362.4,349.79999999999995
3058,82,0.0,393.8,393.8
3059,74,18.0,389.6,371.6
3060,54,4.8,253.8,249.0
3062,50,3.2,224.2,221.0
3063,101,17.4,415.2,397.8
3064,40,4.6,211.2,206.6
3070,66,6.4,402.0,395.6
3071,52,9.8,414.6,404.8
3072,56,4.8,283.6,278.8
3073,22,15.8,143.4,127.60000000000001
3075,35,9.6,174.0,164.4
3076,21,0.0,98.6,98.6
3077,45,15.6,367.6,352.0
3078,23,14.8,277.4,262.59999999999997
3080,10,13.4,204.2,190.79999999999998
3081,75,6.2,360.6,354.40000000000003
3083,30,4.6,195.0,190.4
3084,66,7.8,411.8,404.0
3085,143,0.0,388.8,388.8
3086,83,9.8,393.6,383.8
3087,11,15.2,165.4,150.20000000000002
3089,5,66.0,138.0,72.0
3091,6,19.6,106.6,87.0
3092,32,2.4,302.4,300.0
3093,18,12.8,127.0,114.2
3094,9,6.6,142.4,135.8
3095,35,0.0,196.0,196.0
3096,25,0.0,274.6,274.6
3097,43,4.2,209.4,205.20000000000002
3098,26,28.0,336.6,308.6
3100,50,3.0,212.6,209.6
3101,59,8.6,400.6,392.0
3102,47,1.6,410.4,408.79999999999995
3103,32,11.4,403.2,391.8
3105,105,4.0,389.8,385.8
3107,37,9.8,409.0,399.2
3108,6,9.6,135.6,126.0
3109,49,4.6,268.0,263.4
3111,38,10.6,391.2,380.59999999999997
3113,28,0.0,378.0,378.0
3114,26,15.2,141.4,126.2
3115,48,8.0,270.2,262.2
3116,65,2.6,408.4,405.79999999999995
3118,23,12.4,134.4,122.0
3120,13,10.0,216.6,206.6
3121,13,1.4,194.6,193.2
3126,16,15.6,222.8,207.20000000000002
3128,17,19.6,198.6,179.0
3129,101,10.6,399.6,389.0
3131,32,1.4,341.2,339.8
3132,64,11.2,349.4,338.2
3133,9,4.8,134.4,129.6
3134,31,0.6,145.2,144.6
3135,39,0.0,419.0,419.0
3136,89,1.2,387.2,386.0
3137,24,46.2,166.6,120.39999999999999
3138,77,2.8,409.6,406.8
3139,60,5.6,312.6,307.0
3141,43,20.2,244.8,224.60000000000002
3142,76,5.2,402.8,397.6
3143,85,4.0,380.6,376.6
3144,84,13.6,407.2,393.59999999999997
3145,30,4.6,138.0,133.4
3147,75,6.4,345.8,339.40000000000003
3150,22,12.2,253.2,241.0
3152,5,12.0,66.0,54.0
3153,12,13.4,216.8,203.4
3154,49,24.0,212.8,188.8
3155,76,0.0,308.2,308.2
3156,115,0.6,387.6,387.0
3157,44,8.0,381.6,373.6
3162,33,5.8,134.2,128.39999999999998
3163,42,16.4,392.0,375.6
3165,52,1.8,413.4,411.59999999999997
3166,117,1.6,213.6,212.0
3167,22,8.2,331.0,322.8
3168,76,4.8,284.6,279.8
3170,17,19.6,202.8,183.20000000000002
3171,75,4.0,396.8,392.8
3172,42,3.8,208.0,204.2
3173,26,9.8,142.2,132.39999999999998
3176,41,4.6,183.6,179.0
3177,22,9.8,208.2,198.39999999999998
3178,32,7.6,213.4,205.8
3179,55,3.2,278.0,274.8
3180,52,16.6,373.6,357.0
3182,100,0.0,396.8,396.8
3184,10,58.6,174.8,116.20000000000002
3185,107,4.4,396.6,392.20000000000005
3189,57,14.8,283.2,268.4
3195,7,22.2,132.2,109.99999999999999
3196,66,2.0,281.6,279.6
3198,72,5.6,349.0,343.4
3199,60,4.6,267.2,262.59999999999997
3200,47,0.8,214.0,213.2
3201,34,4.8,183.2,178.39999999999998
3203,19,27.4,401.4,374.0
3205,72,72.4,395.4,323.0
3206,80,1.4,379.8,378.40000000000003
3207,37,5.2,213.6,208.4
3208,14,4.2,144.2,140.0
3210,95,5.2,388.2,383.0
3211,84,9.4,412.6,403.20000000000005
3212,43,8.6,205.6,197.0
3214,62,4.8,355.0,350.2
3216,41,16.8,311.4,294.59999999999997
3218,37,10.6,357.0,346.4
3219,58,4.0,265.4,261.4
3220,83,7.2,406.6,399.40000000000003
3223,27,9.8,180.6,170.79999999999998
3224,16,15.8,213.4,197.6
3226,25,3.4,264.2,260.8
3227,62,11.6,346.2,334.59999999999997
3228,74,3.6,409.4,405.79999999999995
3229,49,12.6,417.8,405.2
3231,5,8.6,76.2,67.60000000000001
3232,25,1.4,129.4,128.0
3233,98,8.6,395.0,386.4
3234,36,7.2,340.8,333.6
3235,46,5.2,215.2,210.0
3237,58,10.0,326.2,316.2
3238,106,8.2,358.0,349.8
3239,127,9.8,383.6,373.8
3240,19,1.4,113.0,111.6
3241,77,2.6,356.4,353.79999999999995
3242,95,4.4,418.8,414.40000000000003
3243,62,34.6,422.0,387.4
3244,56,5.2,262.0,256.8
3245,110,2.2,401.4,399.2
3249,40,0.0,166.4,166.4
3251,17,0.4,204.0,203.6
3254,97,6.4,419.6,413.20000000000005
3255,38,6.6,213.8,207.20000000000002
3257,28,1.0,314.6,313.6
3258,66,11.2,381.8,370.6
3259,15,4.6,215.4,210.8
3260,47,7.6,399.6,392.0
3261,19,0.8,206.4,205.6
3263,66,6.4,345.2,338.8
3264,84,31.0,362.8,331.8
3265,93,8.0,413.6,405.6
3266,85,4.8,402.0,397.2
3267,28,25.6,372.4,346.79999999999995
3268,13,1.4,199.4,198.0
3271,107,4.2,288.4,284.2
3272,5,9.2,68.6,59.39999999999999
3273,95,6.0,411.8,405.8
3274,9,0.4,139.8,139.4
3275,87,5.2,381.6,376.40000000000003
3276,10,16.0,215.8,199.8
3278,74,6.0,323.0,317.0
3279,92,1.8,419.8,418.0
3280,107,7.2,416.8,409.6
3285,15,11.6,227.2,215.6
3286,20,0.2,279.8,279.6
3289,21,0.2,248.0,247.8
3290,94,3.4,366.2,362.8
3291,63,12.0,399.8,387.8
3292,83,0.4,354.2,353.8
3296,34,4.8,152.8,148.0
3297,12,0.2,122.0,121.8
3299,24,5.0,137.4,132.4
3300,99,2.6,415.8,413.2
3301,83,6.4,372.8,366.40000000000003
3302,43,0.0,214.2,214.2
3303,52,8.2,190.2,182.0
3305,19,13.8,401.0,387.2
3307,139,0.0,351.4,351.4
3310,45,48.4,254.4,206.0
3312,76,4.8,422.0,417.2
3313,5,25.2,95.2,70.0
3314,19,2.8,361.2,358.4
3318,23,11.6,396.6,385.0
3320,58,0.6,275.0,274.4
3321,48,5.4,205.6,200.2
3324,73,21.0,406.0,385.0
3325,10,12.6,360.2,347.59999999999997
3329,28,17.4,122.2,104.80000000000001
3330,77,1.4,398.4,397.0
3334,121,3.4,402.8,399.40000000000003
3337,54,0.0,215.0,215.0
3338,7,6.6,126.0,119.4
3340,35,0.0,177.8,177.8
3342,10,9.8,155.8,146.0
3343,120,12.6,394.0,381.4
3345,10,6.0,138.0,132.0
3348,67,34.8,315.8,281.0
3351,50,4.8,190.6,185.79999999999998
3353,6,11.6,140.0,128.4
3354,39,17.8,399.4,381.59999999999997
3355,6,35.2,212.2,177.0
3356,39,4.8,180.0,175.2
3357,24,0.0,209.8,209.8
3358,107,0.2,400.6,400.40000000000003
3359,41,17.0,292.0,275.0
3360,42,4.8,169.2,164.39999999999998
3361,113,0.4,369.2,368.8
3362,21,4.6,142.2,137.6
3363,64,3.0,311.2,308.2
3364,52,4.0,230.0,226.0
3365,34,3.6,371.8,368.2
3366,25,0.0,137.8,137.8
3367,59,19.2,344.4,325.2
3368,30,2.2,96.6,94.39999999999999
3370,31,0.6,195.6,195.0
3371,45,7.0,215.2,208.2
3372,91,5.0,390.4,385.4
3373,15,13.8,213.2,199.39999999999998
3374,43,14.2,181.0,166.8
3376,41,31.0,383.0,352.0
3379,15,11.6,214.4,202.8
3380,58,1.4,288.2,286.8
3381,110,0.0,393.6,393.6
3384,50,19.4,383.4,364.0
3386,21,11.2,234.4,223.20000000000002
3387,94,4.2,404.2,400.0
3388,43,4.8,207.0,202.2
3389,24,4.8,173.6,168.79999999999998
3390,84,4.2,378.4,374.2
3393,86,3.6,410.0,406.4
3394,82,5.4,396.4,391.0
3395,57,3.6,228.8,225.20000000000002
3396,6,82.8,188.0,105.2
3397,72,7.8,378.8,371.0
3398,55,3.4,275.6,272.20000000000005
3401,83,7.4,322.8,315.40000000000003
3402,88,9.8,419.2,409.4
3403,52,14.2,280.0,265.8
3404,24,7.0,142.2,135.2
3405,35,46.0,398.8,352.8
3408,15,27.6,210.6,183.0
3409,39,7.0,192.4,185.4
3410,66,13.8,386.4,372.59999999999997
3411,56,9.0,236.8,227.8
3417,17,69.2,143.4,74.2
3419,46,48.2,409.2,361.0
3420,54,13.8,247.0,233.2
3424,29,13.6,143.6,130.0
3425,37,4.8,143.6,138.79999999999998
3426,97,3.8,381.6,377.8
3427,72,13.4,396.2,382.8
3429,89,5.2,388.6,383.40000000000003
3434,37,1.4,198.8,197.4
3435,110,6.2,402.4,396.2
3436,7,9.8,122.6,112.8
3437,12,4.6,144.8,140.20000000000002
3438,109,6.2,374.8,368.6
3439,30,0.0,390.6,390.6
3440,39,3.6,287.4,283.79999999999995
3441,95,0.0,403.4,403.4
3445,39,4.6,212.0,207.4
3446,29,4.8,124.6,119.8
3448,78,6.8,371.0,364.2
3449,49,11.8,411.4,399.59999999999997
3451,69,0.6,403.4,402.79999999999995
3452,84,15.0,397.6,382.6
3453,59,2.8,255.4,252.6
3454,38,12.6,199.2,186.6
3456,62,9.4,410.8,401.40000000000003
3457,112,0.6,393.6,393.0
3458,32,2.0,145.8,143.8
3459,44,4.6,217.6,213.0
3460,46,12.4,386.0,373.6
3461,92,4.8,401.8,397.0
3464,40,6.2,215.0,208.8
3465,44,7.0,205.0,198.0
3466,130,2.8,406.4,403.59999999999997
3467,49,0.4,210.6,210.2
3468,106,2.2,399.2,397.0
3469,68,10.2,400.6,390.40000000000003
3470,64,14.2,380.4,366.2
3473,16,13.8,255.6,241.79999999999998
3475,6,14.2,77.0,62.8
3477,12,0.2,79.8,79.6
3478,97,2.0,396.8,394.8
3479,80,0.2,377.4,377.2
3480,32,2.4,163.8,161.4
3482,50,4.8,215.0,210.2
3483,10,13.6,212.4,198.8
3484,98,2.6,384.4,381.79999999999995
3485,69,0.0,393.4,393.4
3486,25,33.2,259.6,226.40000000000003
3487,6,18.4,170.4,152.0
3489,17,104.0,178.4,74.4
3490,71,3.6,378.2,374.59999999999997
3493,106,4.8,408.8,404.0
3495,77,0.0,395.6,395.6
3496,33,0.0,170.4,170.4
3497,73,0.4,356.2,355.8
3498,81,74.4,411.0,336.6
3499,6,0.8,113.4,112.60000000000001
3501,91,4.0,397.0,393.0
3504,81,7.2,363.6,356.40000000000003
3506,18,11.4,201.2,189.79999999999998
3507,179,6.6,410.0,403.4
3508,26,9.4,135.8,126.4
3509,45,4.2,207.8,203.60000000000002
3510,73,0.0,368.4,368.4
3511,72,1.2,397.2,396.0
3512,30,30.6,373.0,342.4
3514,73,2.6,328.2,325.59999999999997
3515,9,0.4,128.6,128.2
3516,89,11.4,396.4,385.0
3517,61,3.2,283.6,280.40000000000003
3520,90,0.0,405.2,405.2
3522,56,4.4,266.4,262.0
3523,28,0.2,325.0,324.8
3524,39,2.6,313.6,311.0
3527,104,4.2,401.8,397.6
3528,44,1.4,245.0,243.6
3531,52,4.6,263.4,258.79999999999995
3532,67,2.6,335.6,333.0
3533,33,0.8,337.4,336.59999999999997
3534,103,0.8,382.8,382.0
3536,52,4.6,254.0,249.4
3537,48,5.2,267.6,262.40000000000003
3540,40,33.4,391.6,358.20000000000005
3541,23,2.2,213.4,211.20000000000002
3542,47,22.8,386.8,364.0
3543,52,2.0,387.8,385.8
3545,53,7.8,213.2,205.39999999999998
3546,26,13.8,312.2,298.4
3547,77,0.0,389.2,389.2
3549,86,10.0,366.6,356.6
3550,40,14.2,347.4,333.2
3551,53,1.8,212.8,211.0
3555,24,18.6,132.8,114.20000000000002
3557,68,0.0,391.2,391.2
3559,82,0.6,351.0,350.4
3560,73,1.0,409.8,408.8
3562,86,4.0,320.0,316.0
3563,56,5.2,268.6,263.40000000000003
3564,34,50.4,223.4,173.0
3566,82,9.8,397.4,387.59999999999997
3567,80,19.6,400.4,380.79999999999995
3568,56,7.0,231.6,224.6
3569,63,7.4,392.0,384.6
3570,86,17.4,411.2,393.8
3571,88,16.2,395.2,379.0
3572,6,0.0,70.4,70.4
3575,30,3.6,203.8,200.20000000000002
3580,64,11.4,378.0,366.6
3581,5,8.6,134.0,125.4
3583,55,37.6,391.0,353.4
3585,155,4.8,390.4,385.59999999999997
3587,55,5.0,291.2,286.2
3589,14,7.2,220.4,213.20000000000002
3590,122,10.4,401.8,391.40000000000003
3591,161,0.0,400.4,400.4
3592,93,17.6,398.2,380.59999999999997
3593,60,18.8,393.4,374.59999999999997
3594,71,0.6,355.6,355.0
3596,94,1.0,400.4,399.4
3597,25,11.6,141.4,129.8
3599,112,4.8,392.6,387.8
3601,56,10.0,319.8,309.8
3602,105,4.2,382.2,378.0
3604,60,6.6,286.8,280.2
3605,60,4.4,338.4,334.0
3606,92,7.4,342.8,335.40000000000003
3609,88,3.8,375.8,372.0
3610,87,0.0,258.8,258.8
3612,145,1.0,399.0,398.0
3613,37,4.8,242.2,237.39999999999998
3614,25,5.8,139.0,133.2
3616,82,12.2,377.2,365.0
3617,71,4.4,399.2,394.8
3619,22,0.0,145.8,145.8
3620,76,24.6,399.0,374.4
3621,66,7.0,397.2,390.2
3622,71,4.2,406.4,402.2
3623,89,4.2,407.4,403.2
3624,9,0.0,208.6,208.6
3625,8,0.0,84.2,84.2
3626,65,3.6,405.0,401.4
3629,47,25.2,250.6,225.4
3630,57,7.2,228.6,221.4
3631,59,20.4,403.8,383.40000000000003
3632,86,2.4,390.4,388.0
3633,67,23.0,404.0,381.0
3634,93,0.4,403.2,402.8
3635,26,4.2,276.6,272.40000000000003
3637,11,14.0,143.8,129.8
3638,74,4.8,403.2,398.4
3639,78,11.6,381.0,369.4
3642,55,0.0,396.0,396.0
3644,11,1.6,129.0,127.4
3645,80,9.4,410.0,400.6
3647,67,6.6,404.4,397.79999999999995
3650,56,2.4,289.6,287.20000000000005
3651,12,0.0,105.8,105.8
3652,6,1.4,106.4,105.0
3653,24,1.0,306.6,305.6
3654,43,5.2,213.2,208.0
3655,27,7.8,208.0,200.2
3656,76,6.4,377.8,371.40000000000003
3657,75,11.2,366.6,355.40000000000003
3658,35,6.4,201.2,194.79999999999998
3659,23,11.8,309.4,297.59999999999997
3661,49,10.2,398.0,387.8
3662,45,4.8,214.0,209.2
3663,31,11.6,189.6,178.0
3665,120,5.0,389.2,384.2
3666,47,6.6,236.8,230.20000000000002
3667,31,1.2,144.2,143.0
3670,93,0.2,411.2,411.0
3671,21,14.4,231.2,216.79999999999998
3672,60,4.8,293.8,289.0
3674,120,4.4,404.6,400.20000000000005
3675,7,6.0,161.2,155.2
3676,82,9.0,402.6,393.6
3677,58,4.8,285.8,281.0
3678,13,3.4,115.4,112.0
3679,43,8.0,197.2,189.2
3680,65,10.8,362.2,351.4
3682,112,13.8,398.0,384.2
3685,21,7.4,141.8,134.4
3686,83,4.8,382.4,377.59999999999997
3687,35,5.2,195.0,189.8
3688,41,2.8,273.2,270.4
3690,23,10.2,316.8,306.6
3691,51,12.2,286.0,273.8
3693,42,4.6,210.6,206.0
3694,79,10.0,386.4,376.4
3695,79,0.2,404.6,404.40000000000003
3697,36,1.6,324.0,322.4
3698,45,9.2,230.6,221.4
3701,38,17.4,204.4,187.0
3702,47,21.2,402.2,381.0
3704,19,22.8,214.8,192.0
3705,37,1.6,193.2,191.6
3707,17,3.0,211.8,208.8
3708,6,10.2,119.4,109.2
3709,43,4.2,215.4,211.20000000000002
3710,9,1.0,144.0,143.0
3711,25,6.4,141.6,135.2
3712,37,14.2,213.2,199.0
3714,44,14.4,205.0,190.6
3715,49,12.8,254.8,242.0
3717,44,2.4,291.8,289.40000000000003
3720,36,8.4,365.8,357.40000000000003
3721,82,11.2,390.8,379.6
3722,8,1.4,89.6,88.19999999999999
3724,78,0.6,391.2,390.59999999999997
3725,11,50.0,127.6,77.6
3726,23,8.6,207.2,198.6
3727,87,0.4,353.2,352.8
3728,30,4.8,135.6,130.79999999999998
3729,64,4.8,291.0,286.2
3730,43,7.2,217.2,210.0
3731,66,12.8,366.8,354.0
3732,73,9.8,391.4,381.59999999999997
3735,55,5.0,324.8,319.8
3738,49,6.8,384.0,377.2
3739,12,3.2,206.0,202.8
3740,12,6.4,120.4,114.0
3742,79,5.2,386.0,380.8
3743,100,8.4,385.2,376.8
3744,70,5.0,330.8,325.8
3745,27,0.0,149.4,149.4
3746,17,0.0,342.4,342.4
3747,17,2.2,243.2,241.0
3748,9,13.8,173.6,159.79999999999998
3749,11,12.2,190.8,178.60000000000002
3750,46,4.8,209.6,204.79999999999998
3751,40,9.6,200.6,191.0
3752,108,6.2,367.4,361.2
3754,12,0.2,122.2,122.0
3759,19,12.2,265.6,253.40000000000003
3760,10,6.6,159.2,152.6
3761,19,12.6,205.2,192.6
3762,35,7.8,185.6,177.79999999999998
3764,48,16.8,378.0,361.2
3765,63,4.8,284.2,279.4
3766,6,0.0,120.4,120.4
3768,39,11.2,326.4,315.2
3769,44,6.8,213.0,206.2
3770,46,1.8,219.6,217.79999999999998
3771,45,5.2,208.6,203.4
3772,70,4.6,337.0,332.4
3773,52,4.8,355.4,350.59999999999997
3774,97,9.4,409.8,400.40000000000003
3775,62,0.0,396.6,396.6
3779,92,6.4,363.2,356.8
3780,54,4.8,312.8,308.0
3781,105,4.0,407.2,403.2
3782,40,5.8,203.2,197.39999999999998
3784,6,0.0,130.4,130.4
3787,55,4.8,316.4,311.59999999999997
3790,25,11.2,307.6,296.40000000000003
3791,51,12.4,302.0,289.6
3792,63,2.2,365.0,362.8
3794,109,5.4,271.0,265.6
3796,57,4.8,355.8,351.0
3797,63,4.4,288.2,283.8
3799,11,0.8,202.0,201.2
3800,31,4.8,176.2,171.39999999999998
3801,81,2.4,354.2,351.8
3803,15,15.4,209.6,194.2
3804,32,4.8,180.6,175.79999999999998
3805,49,17.0,282.2,265.2
3806,62,4.8,296.4,291.59999999999997
3807,59,6.2,341.8,335.6
3808,10,1.8,161.0,159.2
3809,68,0.0,404.0,404.0
3810,18,4.2,192.6,188.4
3811,70,12.4,399.8,387.40000000000003
3813,14,8.2,171.4,163.20000000000002
3814,18,9.6,124.8,115.2
3815,24,0.0,270.2,270.2
3817,17,11.0,201.2,190.2
3818,18,0.0,205.0,205.0
3819,41,16.2,200.2,184.0
3820,15,0.2,250.2,250.0
3821,46,4.8,241.8,237.0
3822,63,3.0,380.8,377.8
3823,89,2.8,414.2,411.4
3824,9,15.2,144.2,129.0
3825,38,11.6,161.0,149.4
3827,9,13.6,77.0,63.4
3828,27,2.0,130.4,128.4
3829,44,3.8,198.6,194.79999999999998
3830,11,14.8,169.4,154.6
3831,116,7.0,402.8,395.8
3832,36,13.6,348.6,335.0
3833,23,4.6,161.4,156.8
3834,33,5.0,164.4,159.4
3836,44,1.6,188.6,187.0
3837,73,6.6,399.2,392.59999999999997
3838,57,1.4,327.8,326.40000000000003
3839,41,4.8,221.8,217.0
3841,76,4.6,390.4,385.79999999999995
3843,39,7.2,140.8,133.60000000000002
3844,13,19.8,143.2,123.39999999999999
3845,37,2.6,400.8,398.2
3846,6,0.0,107.6,107.6
3847,22,22.4,140.4,118.0
3848,105,4.6,401.8,397.2
3849,34,25.4,321.0,295.6
3850,69,8.4,356.4,348.0
3851,73,0.0,378.0,378.0
3852,56,13.4,330.2,316.8
3853,64,8.4,313.8,305.40000000000003
3854,96,8.8,410.4,401.59999999999997
3855,51,17.0,343.6,326.6
3856,19,0.6,233.0,232.4
3857,83,4.8,317.0,312.2
3858,60,8.2,252.6,244.4
3859,8,3.6,139.4,135.8
3861,50,5.6,352.6,347.0
3862,66,9.0,317.8,308.8
3863,26,0.0,143.6,143.6
3864,23,29.6,203.2,173.6
3865,78,7.0,212.0,205.0
3867,84,5.2,375.8,370.6
3868,73,5.0,345.8,340.8
3870,48,0.4,204.2,203.79999999999998
3871,22,6.2,131.2,124.99999999999999
3872,36,10.2,391.6,381.40000000000003
3875,22,0.0,128.0,128.0
3876,40,26.8,350.6,323.8
3877,100,9.4,404.8,395.40000000000003
3879,97,2.2,400.4,398.2
3880,60,11.2,289.8,278.6
3881,59,3.6,285.2,281.59999999999997
3882,23,4.0,133.2,129.2
3883,26,32.0,194.6,162.6
3885,36,7.8,189.4,181.6
3888,77,3.0,313.0,310.0
3889,26,1.2,210.0,208.8
3890,35,10.0,281.4,271.4
3891,98,1.0,393.2,392.2
3892,52,19.2,351.2,332.0
3893,45,2.4,389.2,386.8
3894,25,3.4,134.4,131.0
3895,67,11.8,374.2,362.4
3896,35,7.4,201.0,193.6
3897,29,4.0,201.8,197.8
3898,68,5.6,391.4,385.79999999999995
3899,29,29.4,207.4,178.0
3901,63,8.4,322.4,314.0
3902,143,0.8,374.4,373.59999999999997
3903,83,7.4,408.0,400.6
3904,38,0.0,301.0,301.0
3906,42,2.0,204.6,202.6
3907,56,8.8,375.8,367.0
3908,13,0.0,159.6,159.6
3913,37,8.4,217.2,208.79999999999998
3914,47,7.2,291.8,284.6
3915,50,19.4,342.8,323.40000000000003
3916,57,3.8,316.0,312.2
3917,40,5.0,202.8,197.8
3919,12,10.0,198.6,188.6
3921,27,0.0,327.6,327.6
3923,77,1.8,394.6,392.8
3924,71,6.4,319.0,312.6
3925,22,31.8,148.0,116.2
3926,27,8.0,165.0,157.0
3928,107,4.0,275.6,271.6
3929,60,5.6,287.2,281.59999999999997
3930,50,19.6,364.0,344.4
3931,47,0.0,246.6,246.6
3932,35,8.2,165.6,157.4
3933,48,4.8,237.4,232.6
3934,45,34.2,361.0,326.8
3935,49,10.6,262.0,251.4
3937,57,0.0,350.6,350.6
3938,10,8.6,130.0,121.4
3940,39,4.6,195.6,191.0
3942,110,5.0,261.8,256.8
3943,65,5.0,376.2,371.2
3944,78,4.2,394.8,390.6
3945,35,5.0,191.4,186.4
3946,76,1.2,324.0,322.8
3947,60,15.4,355.4,340.0
3948,30,4.4,166.8,162.4
3949,81,1.2,353.6,352.40000000000003
3950,66,0.2,378.0,377.8
3952,60,0.4,373.8,373.40000000000003
3953,79,3.4,385.6,382.20000000000005
3955,174,1.0,381.8,380.8
3956,29,8.4,142.2,133.79999999999998
3958,55,9.6,287.4,277.79999999999995
3959,38,7.6,368.0,360.4
3960,29,0.0,392.4,392.4
3963,7,3.4,192.0,188.6
3965,92,1.6,382.2,380.59999999999997
3967,77,3.0,392.4,389.4
3968,46,3.8,118.4,114.60000000000001
3969,41,1.2,315.8,314.6
3974,49,4.0,386.8,382.8
3975,75,13.8,399.8,386.0
3976,98,5.2,402.8,397.6
3977,92,4.0,360.8,356.8
3978,102,3.8,403.0,399.2
3979,94,12.2,396.0,383.8
3980,38,6.8,274.4,267.59999999999997
3981,103,5.4,390.8,385.40000000000003
3983,70,13.2,404.2,391.0
3984,49,0.0,169.2,169.2
3986,25,3.0,139.4,136.4
3988,43,2.6,259.2,256.59999999999997
3989,106,0.0,374.2,374.2
3990,21,8.6,206.8,198.20000000000002
3991,10,0.0,104.8,104.8
3992,23,7.4,202.8,195.4
3994,6,7.8,157.0,149.2
3996,24,2.6,168.2,165.6
3998,98,7.4,348.4,341.0
3999,12,1.6,176.0,174.4
4000,45,10.2,364.2,354.0
4002,69,5.4,390.4,385.0
4003,30,0.6,272.6,272.0
4007,41,3.6,288.6,285.0
4008,69,11.4,371.8,360.40000000000003
4009,31,8.8,177.6,168.79999999999998
4011,97,0.0,398.8,398.8
4012,36,3.4,177.4,174.0
4014,5,6.8,128.0,121.2
4015,86,7.0,405.4,398.4
4017,82,5.2,326.2,321.0
4018,16,2.2,47.4,45.199999999999996
4019,50,26.6,394.6,368.0
4020,68,7.0,223.0,216.0
4021,106,4.0,400.0,396.0
4023,44,4.2,364.6,360.40000000000003
4025,83,1.4,375.8,374.40000000000003
4026,43,2.0,192.4,190.4
4027,71,0.2,283.6,283.40000000000003
4029,96,0.0,394.6,394.6
4030,72,8.6,258.2,249.6
4031,75,3.8,357.6,353.8
4034,94,4.8,374.0,369.2
4035,65,6.4,380.8,374.40000000000003
4036,52,14.2,263.8,249.60000000000002
4037,104,0.0,378.2,378.2
4038,60,6.6,323.0,316.4
4039,31,0.0,136.8,136.8
4042,6,7.4,92.2,84.8
4043,99,6.4,394.4,388.0
4044,9,15.8,74.6,58.8
4046,70,6.8,266.2,259.4
4047,94,10.6,357.6,347.0
4048,110,0.0,394.8,394.8
4050,5,18.0,79.8,61.8
4051,84,6.8,360.6,353.8
4053,87,6.8,396.2,389.4
4054,88,9.4,389.0,379.6
4057,102,4.8,393.4,388.59999999999997
4058,90,0.6,368.6,368.0
4059,95,7.0,386.4,379.4
4060,45,5.2,209.8,204.60000000000002
4062,8,22.4,165.2,142.79999999999998
4066,169,1.2,398.8,397.6
4067,112,5.0,396.6,391.6
4068,93,7.0,393.6,386.6
4070,76,0.4,365.8,365.40000000000003
4071,28,6.6,140.0,133.4
4072,74,7.0,269.8,262.8
4075,69,0.4,260.6,260.20000000000005
4076,43,2.6,197.0,194.4
4077,74,6.2,380.6,374.40000000000003
4079,71,7.0,266.8,259.8
4080,31,5.6,178.2,172.6
4083,5,0.0,37.0,37.0
4084,78,3.6,383.8,380.2
4085,100,5.4,372.6,367.20000000000005
4087,46,0.0,200.0,200.0
4088,74,0.2,324.2,324.0
4090,72,30.4,363.0,332.6
4091,14,0.0,177.6,177.6
4092,41,7.0,201.0,194.0
4093,53,5.8,391.2,385.4
4094,83,0.0,376.6,376.6
4095,42,30.2,207.8,177.60000000000002
4097,65,7.0,223.0,216.0
4098,81,0.0,391.2,391.2
4099,95,18.4,387.4,369.0
4101,69,7.0,221.8,214.8
4103,99,0.0,369.2,369.2
4105,86,6.8,382.0,375.2
4106,97,4.8,393.8,389.0
4107,78,6.6,349.2,342.59999999999997
4109,43,4.6,203.8,199.20000000000002
4112,54,6.0,401.4,395.4
4113,8,0.2,105.0,104.8
4114,83,8.4,393.4,385.0
4115,22,4.6,137.0,132.4
4117,10,56.4,174.8,118.4
4118,53,9.2,373.0,363.8
4119,68,2.2,294.6,292.40000000000003
4120,43,0.2,366.4,366.2
4121,11,0.6,207.6,207.0
4122,40,7.0,389.8,382.8
4124,36,7.4,201.2,193.79999999999998
4125,48,7.4,211.8,204.4
4126,13,11.4,163.4,152.0
4127,91,4.2,299.0,294.8
4129,41,0.0,160.6,160.6
4130,6,26.6,142.6,116.0
4132,14,17.0,187.4,170.4
4136,59,8.8,393.0,384.2
4137,54,35.8,357.6,321.8
4138,16,20.0,207.0,187.0
4139,74,4.8,288.6,283.8
4140,67,0.0,274.0,274.0
4141,44,5.6,196.8,191.20000000000002
4142,121,2.2,404.0,401.8
4144,62,8.8,391.6,382.8
4146,120,5.2,374.0,368.8
4147,45,5.6,232.6,227.0
4148,36,5.4,133.4,128.0
4149,74,4.8,360.6,355.8
4151,50,11.6,343.4,331.79999999999995
4152,26,5.4,387.6,382.20000000000005
4153,57,5.0,299.8,294.8
4154,113,14.4,395.0,380.6
4155,67,0.2,385.0,384.8
4156,87,0.0,359.4,359.4
4157,108,7.8,381.2,373.4
4158,12,18.0,188.4,170.4
4159,76,8.6,374.6,366.0
4160,12,0.0,119.8,119.8
4161,83,0.0,382.8,382.8
4162,5,0.0,141.8,141.8
4163,86,0.0,367.8,367.8
4166,69,1.6,388.2,386.59999999999997
4169,63,5.0,320.4,315.4
4170,34,11.2,182.0,170.8
4172,5,14.6,123.6,109.0
4173,70,5.0,352.2,347.2
4174,67,5.2,393.4,388.2
4176,75,10.0,345.2,335.2
4177,20,0.0,225.6,225.6
4178,101,1.0,391.6,390.6
4181,12,14.6,167.2,152.6
4182,101,2.6,362.2,359.59999999999997
4183,89,0.2,397.6,397.40000000000003
4184,157,14.4,391.8,377.40000000000003
4185,10,0.4,132.2,131.79999999999998
4186,54,5.0,315.8,310.8
4187,172,29.4,393.4,364.0
4190,92,3.2,383.0,379.8
4191,178,4.8,375.8,371.0
4192,76,4.2,361.4,357.2
4193,92,0.0,372.8,372.8
4195,74,5.0,342.8,337.8
4196,49,9.2,386.6,377.40000000000003
4197,33,6.4,330.8,324.40000000000003
4198,33,0.0,187.6,187.6
4199,81,5.6,375.8,370.2
4200,177,4.0,379.2,375.2
4201,18,0.0,116.2,116.2
4202,84,6.2,197.0,190.8
4203,37,14.0,311.8,297.8
4205,62,1.0,292.0,291.0
4206,37,6.4,341.6,335.20000000000005
4207,25,14.4,139.8,125.4
4210,5,10.8,119.0,108.2
4213,32,4.0,313.6,309.6
4214,44,9.6,348.8,339.2
4216,114,4.0,360.8,356.8
4217,11,15.8,159.8,144.0
4222,62,2.4,251.4,249.0
4223,38,9.2,195.0,185.8
4226,8,1.4,122.4,121.0
4227,86,13.8,325.8,312.0
4228,78,3.8,397.2,393.4
4230,12,10.8,230.8,220.0
4231,18,0.0,306.0,306.0
4232,75,0.0,372.2,372.2
4233,22,10.2,167.6,157.4
4234,73,14.2,383.8,369.6
4236,17,0.2,247.2,247.0
4237,77,0.0,354.8,354.8
4238,82,6.8,399.0,392.2
4240,58,5.0,280.8,275.8
4241,39,4.8,187.2,182.39999999999998
4242,60,5.2,287.4,282.2
4243,23,10.2,195.0,184.8
4244,31,39.0,341.2,302.2
4245,17,11.0,218.6,207.6
4248,78,16.0,384.2,368.2
4250,44,2.8,131.6,128.79999999999998
4251,33,1.0,169.6,168.6
4252,81,5.2,383.4,378.2
4253,43,15.4,344.0,328.6
4254,62,3.8,373.4,369.59999999999997
4255,44,5.6,361.2,355.59999999999997
4256,76,2.6,317.6,315.0
4258,19,15.4,194.8,179.4
4259,10,15.0,189.0,174.0
4260,27,4.6,141.0,136.4
4262,72,3.2,327.6,324.40000000000003
4263,65,9.8,401.4,391.59999999999997
4265,26,4.2,124.6,120.39999999999999
4267,11,4.8,179.4,174.6
4268,18,7.0,187.8,180.8
4270,57,8.4,380.6,372.20000000000005
4273,16,0.0,283.8,283.8
4275,59,5.8,386.4,380.59999999999997
4281,108,0.0,383.8,383.8
4282,99,7.6,372.6,365.0
4283,36,0.0,196.4,196.4
4284,116,0.2,394.6,394.40000000000003
4285,89,4.8,391.2,386.4
4286,80,0.6,394.6,394.0
4287,101,7.0,401.8,394.8
4288,39,7.6,171.2,163.6
4289,62,0.0,391.6,391.6
4290,64,1.4,350.6,349.20000000000005
4291,52,13.8,236.4,222.6
4292,87,4.6,398.4,393.79999999999995
4293,37,4.8,243.8,239.0
4294,33,0.0,301.6,301.6
4295,31,0.0,184.6,184.6
4296,52,7.4,274.6,267.20000000000005
4297,87,4.2,347.2,343.0
4298,55,6.8,385.4,378.59999999999997
4302,54,2.6,282.4,279.79999999999995
4304,108,10.0,332.6,322.6
4306,75,16.8,375.6,358.8
4307,5,12.8,134.0,121.2
4308,70,2.0,241.4,239.4
4309,84,9.6,362.8,353.2
4310,88,0.0,376.4,376.4
4311,19,25.4,184.2,158.79999999999998
4312,29,0.0,136.0,136.0
4313,26,4.4,368.2,363.8
4314,43,0.0,370.0,370.0
4316,6,0.0,71.6,71.6
4317,25,15.4,142.8,127.4
4319,92,4.4,383.0,378.6
4321,88,4.8,384.2,379.4
4322,80,0.0,382.8,382.8
4323,62,2.2,289.0,286.8
4327,56,0.0,275.2,275.2
4329,66,0.0,284.4,284.4
4331,91,0.0,312.4,312.4
4332,91,5.8,381.4,375.59999999999997
4340,73,2.8,362.6,359.8
4341,54,0.0,359.2,359.2
4342,66,7.0,327.2,320.2
4343,45,4.4,378.0,373.6
4346,85,0.8,379.0,378.2
4347,94,5.0,401.4,396.4
4349,69,4.4,365.2,360.8
4351,90,0.0,382.4,382.4
4352,11,1.6,127.6,126.0
4355,32,0.8,158.2,157.39999999999998
4356,37,10.8,179.8,169.0
4357,85,4.8,366.4,361.59999999999997
4360,88,19.0,385.2,366.2
4361,44,0.2,215.2,215.0
4362,28,8.8,173.2,164.39999999999998
4364,26,5.2,84.4,79.2
4365,19,13.2,234.0,220.8
4369,73,12.6,379.4,366.79999999999995
4370,77,0.0,368.2,368.2
4371,58,5.2,242.0,236.8
4373,19,5.2,87.8,82.6
4375,85,33.6,392.4,358.79999999999995
4376,21,16.2,285.8,269.6
4377,104,4.0,395.4,391.4
4381,27,5.2,112.2,107.0
4383,26,17.0,342.2,325.2
4386,77,4.4,379.6,375.20000000000005
4387,84,6.6,398.8,392.2
4389,43,6.6,367.0,360.4
4390,84,0.0,340.2,340.2
4392,110,4.2,384.4,380.2
4393,8,16.0,135.2,119.19999999999999
4394,100,4.4,379.6,375.20000000000005
4395,41,13.6,357.8,344.2
4397,12,18.6,205.0,186.4
4398,105,3.0,390.6,387.6
4399,81,5.0,370.6,365.6
4400,69,5.0,359.6,354.6
4402,79,5.2,368.0,362.8
4403,79,4.8,351.6,346.8
4405,15,8.4,251.0,242.6
4406,87,5.2,396.4,391.2
4407,7,14.2,136.0,121.8
4409,11,0.2,151.8,151.60000000000002
4411,38,12.2,370.4,358.2
4412,62,2.8,376.6,373.8
4413,91,14.4,377.4,363.0
4414,31,17.8,378.0,360.2
4415,96,4.0,372.4,368.4
4416,5,15.8,136.0,120.2
4417,103,0.0,341.6,341.6
4418,28,0.0,348.8,348.8
4419,11,16.2,201.8,185.60000000000002
4420,30,1.4,305.0,303.6
4425,6,58.4,153.4,95.0
4426,84,6.0,389.4,383.4
4427,103,6.4,381.4,375.0
4428,72,0.0,351.6,351.6
4429,34,0.0,158.4,158.4
4430,47,2.0,201.4,199.4
4431,29,3.2,134.6,131.4
4434,87,0.6,379.0,378.4
4435,85,2.6,389.0,386.4
4436,89,0.6,366.8,366.2
4439,11,6.8,120.2,113.4
4440,39,1.4,250.6,249.2
4441,10,11.6,167.0,155.4
4442,45,4.6,214.2,209.6
4443,64,6.2,384.2,378.0
4444,104,4.2,381.4,377.2
4446,50,0.0,224.0,224.0
4447,57,6.6,284.6,278.0
4450,46,8.8,343.2,334.4
4451,57,1.2,369.0,367.8
4453,97,0.2,380.6,380.40000000000003
4454,79,7.0,396.2,389.2
4457,28,2.8,137.8,135.0
4458,58,0.0,290.0,290.0
4459,68,0.4,303.6,303.20000000000005
4460,65,8.4,381.8,373.40000000000003
4462,87,3.4,380.8,377.40000000000003
4463,39,4.2,198.2,194.0
4464,95,6.6,363.8,357.2
4465,112,5.2,383.2,378.0
4466,41,0.0,149.0,149.0
4469,94,4.6,359.2,354.59999999999997
4470,34,5.0,171.4,166.4
4471,74,4.4,387.8,383.40000000000003
4473,99,0.2,376.6,376.40000000000003
4475,43,0.2,372.8,372.6
4476,50,0.4,215.2,214.79999999999998
4478,14,0.0,146.0,146.0
4482,44,0.0,358.4,358.4
4483,8,0.2,88.8,88.6
4484,63,6.0,345.8,339.8
4485,18,4.4,141.2,136.79999999999998
4486,58,7.0,383.6,376.6
4489,45,3.8,283.4,279.59999999999997
4490,48,4.8,230.0,225.2
4491,26,4.8,139.0,134.2
4494,89,2.0,370.2,368.2
4496,70,4.8,323.8,319.0
4500,47,4.8,289.8,285.0
4501,46,4.8,401.0,396.2
4502,21,9.8,119.6,109.8
4504,62,7.6,376.6,369.0
4506,37,6.0,168.8,162.8
4508,87,2.6,391.6,389.0
4510,24,2.0,133.8,131.8
4511,104,4.8,350.8,346.0
4512,42,4.8,351.4,346.59999999999997
4513,49,4.6,382.4,377.79999999999995
4516,34,8.2,286.4,278.2
4517,27,10.0,142.8,132.8
4519,81,0.4,356.0,355.6
4520,76,0.2,362.0,361.8
4521,35,4.8,179.6,174.79999999999998
4523,26,11.2,144.8,133.60000000000002
4524,70,4.8,354.2,349.4
4525,11,0.2,124.0,123.8
4526,37,11.2,346.0,334.8
4528,55,6.2,372.8,366.6
4529,57,33.2,370.4,337.2
4530,69,4.8,336.0,331.2
4531,35,0.0,139.6,139.6
4532,19,17.8,236.6,218.79999999999998
4534,33,14.4,275.0,260.6
4536,42,5.2,351.4,346.2
4537,69,0.0,381.8,381.8
4538,31,20.2,369.6,349.40000000000003
4540,51,4.6,387.4,382.79999999999995
4541,37,4.8,185.0,180.2
4542,53,1.8,377.6,375.8
4543,15,0.0,138.4,138.4
4545,81,4.8,366.4,361.59999999999997
4546,64,4.2,386.4,382.2
4547,30,0.0,335.8,335.8
4548,51,9.6,352.8,343.2
4549,66,4.8,282.0,277.2
4554,32,4.4,178.2,173.79999999999998
4555,27,38.2,273.0,234.8
4556,60,2.4,288.2,285.8
4558,110,5.6,354.2,348.59999999999997
4559,29,4.6,189.8,185.20000000000002
4562,56,2.6,335.8,333.2
4563,96,4.0,380.8,376.8
4564,76,6.6,386.0,379.4
4565,58,0.8,265.2,264.4
4567,101,0.8,386.0,385.2
4568,48,5.4,274.8,269.40000000000003
4569,214,0.6,315.4,314.79999999999995
4572,51,0.0,268.6,268.6
4574,100,2.6,391.6,389.0
4576,15,0.0,133.6,133.6
4577,50,12.8,280.6,267.8
4579,93,2.0,360.6,358.6
4583,14,0.2,134.4,134.20000000000002
4584,57,6.6,322.4,315.79999999999995
4586,50,0.4,311.8,311.40000000000003
4587,8,1.0,173.6,172.6
4589,8,16.8,147.2,130.39999999999998
4590,110,3.2,355.8,352.6
4592,47,0.0,230.8,230.8
4594,113,0.0,356.0,356.0
4595,11,0.0,163.2,163.2
4596,5,7.6,112.4,104.80000000000001
4597,8,0.8,156.8,156.0
4598,52,0.4,229.8,229.4
4599,77,0.0,384.2,384.2
4600,93,1.4,322.0,320.6
4602,15,2.8,130.6,127.8
4603,18,8.0,181.6,173.6
4604,34,4.6,179.4,174.8
4608,102,16.8,367.0,350.2
4610,92,16.8,372.0,355.2
4613,25,7.8,140.6,132.79999999999998
4615,99,6.6,387.8,381.2
4616,83,3.6,360.6,357.0
4617,14,12.6,174.2,161.6
4618,13,30.0,191.6,161.6
4619,34,10.0,372.2,362.2
4620,26,6.4,141.0,134.6
4622,79,6.4,349.8,343.40000000000003
4623,35,26.4,214.6,188.2
4624,51,9.6,362.2,352.59999999999997
4625,46,6.6,195.6,189.0
4626,91,6.4,367.6,361.20000000000005
4627,19,4.8,119.6,114.8
4629,124,3.6,365.0,361.4
4630,88,4.8,381.6,376.8
4632,36,0.0,367.0,367.0
4633,55,4.2,328.4,324.2
4634,93,3.8,390.4,386.59999999999997
4637,20,0.2,344.8,344.6
4638,53,8.4,372.0,363.6
4639,19,13.8,286.6,272.8
4640,139,6.2,370.8,364.6
4641,5,1.0,127.4,126.4
4645,33,11.2,188.6,177.4
4647,51,9.8,388.8,379.0
4648,29,5.8,123.6,117.8
4649,84,6.4,340.8,334.40000000000003
4650,59,1.2,381.8,380.6
4651,73,11.6,375.8,364.2
4652,84,0.6,357.4,356.79999999999995
4653,44,13.8,288.4,274.59999999999997
4654,21,0.6,225.6,225.0
4658,90,2.6,362.0,359.4
4659,120,1.8,393.6,391.8
4660,6,30.2,116.2,86.0
4661,64,0.0,289.2,289.2
4662,54,5.4,348.0,342.6
4663,75,4.8,332.6,327.8
4664,44,10.6,379.8,369.2
4666,77,4.6,316.2,311.59999999999997
4667,82,11.0,380.8,369.8
4668,103,0.0,353.4,353.4
4669,111,5.0,390.8,385.8
4672,64,2.6,376.2,373.59999999999997
4673,41,47.6,347.6,300.0
4675,66,10.6,375.6,365.0
4676,129,6.0,387.2,381.2
4677,17,0.0,215.2,215.2
4678,82,3.8,323.0,319.2
4682,126,4.2,363.0,358.8
4683,24,169.6,363.2,193.6
4684,95,13.2,348.4,335.2
4686,104,5.4,368.2,362.8
4687,47,8.6,279.8,271.2
4688,35,11.0,220.8,209.8
4689,26,0.0,239.0,239.0
4690,26,4.2,123.2,119.0
4691,47,4.8,198.6,193.79999999999998
4692,81,5.0,386.2,381.2
4693,71,2.0,379.4,377.4
4694,53,0.0,228.6,228.6
4695,87,3.0,371.4,368.4
4696,35,19.2,371.8,352.6
4697,105,3.4,389.6,386.20000000000005
4698,43,10.2,250.6,240.4
4700,10,0.0,155.4,155.4
4701,99,4.6,365.6,361.0
4702,57,3.0,267.4,264.4
4703,84,4.8,369.6,364.8
4704,62,5.0,355.0,350.0
4705,58,4.2,377.0,372.8
4706,70,5.0,355.0,350.0
4707,19,1.4,246.0,244.6
4708,56,19.4,375.6,356.20000000000005
4709,44,2.2,185.8,183.60000000000002
4710,98,0.0,362.4,362.4
4711,87,1.0,320.2,319.2
4713,100,3.8,387.0,383.2
4714,87,2.4,377.6,375.20000000000005
4716,74,2.4,377.6,375.20000000000005
4718,92,5.6,372.8,367.2
4719,48,3.2,279.0,275.8
4720,89,6.0,370.6,364.6
4721,71,4.8,381.4,376.59999999999997
4722,59,5.8,347.2,341.4
4724,74,3.4,368.0,364.6
4725,33,0.0,197.2,197.2
4726,100,1.0,376.2,375.2
4729,23,19.8,177.4,157.6
4730,84,6.8,348.6,341.8
4731,37,5.6,173.8,168.20000000000002
4732,71,2.0,354.2,352.2
4733,16,15.4,228.2,212.79999999999998
4734,33,11.6,302.0,290.4
4735,18,54.8,280.6,225.8
4736,100,4.6,356.8,352.2
4737,95,2.2,371.4,369.2
4738,6,8.4,132.2,123.79999999999998
4739,89,11.2,350.4,339.2
4741,37,0.4,256.0,255.6
4743,58,8.6,365.0,356.4
4744,22,40.4,304.2,263.8
4745,10,0.8,126.4,125.60000000000001
4747,47,3.6,253.6,250.0
4749,43,4.8,214.2,209.39999999999998
4751,49,6.6,183.8,177.20000000000002
4752,101,1.4,369.6,368.20000000000005
4753,48,1.0,358.6,357.6
4754,24,7.4,159.4,152.0
4756,93,6.4,378.8,372.40000000000003
4758,83,0.0,343.8,343.8
4759,50,1.4,212.8,211.4
4762,64,4.6,345.6,341.0
4764,58,0.0,256.0,256.0
4765,51,9.2,370.4,361.2
4767,54,4.8,211.4,206.6
4768,105,2.0,366.0,364.0
4769,63,0.6,257.8,257.2
4770,42,4.8,214.2,209.39999999999998
4771,78,9.8,357.4,347.59999999999997
4774,105,3.2,376.8,373.6
4775,36,2.0,361.0,359.0
4777,20,0.0,296.0,296.0
4779,46,2.8,371.0,368.2
4781,66,7.6,381.8,374.2
4782,42,0.0,162.4,162.4
4784,81,12.4,387.4,375.0
4785,39,4.8,203.0,198.2
4786,62,12.6,370.8,358.2
4787,16,11.2,174.8,163.60000000000002
4788,81,7.0,342.4,335.4
4789,27,6.0,161.6,155.6
4790,78,0.0,365.4,365.4
4791,53,5.4,230.8,225.4
4792,54,5.2,354.2,349.0
4793,111,6.6,371.0,364.4
4794,53,12.0,303.2,291.2
4796,47,11.2,250.2,239.0
4798,31,0.0,345.6,345.6
4799,51,18.0,360.8,342.8
4800,90,6.6,372.2,365.59999999999997
4801,50,2.4,316.8,314.40000000000003
4802,78,2.8,369.8,367.0
4805,147,1.4,309.2,307.8
4806,36,15.0,369.2,354.2
4807,34,0.0,141.8,141.8
4809,67,4.4,375.8,371.40000000000003
4812,68,3.2,352.6,349.40000000000003
4813,47,0.0,312.8,312.8
4814,90,4.2,369.6,365.40000000000003
4816,32,11.8,284.2,272.4
4817,6,11.2,93.8,82.6
4818,114,4.6,284.2,279.59999999999997
4819,105,7.0,358.2,351.2
4821,43,3.8,105.6,101.8
4822,61,16.0,377.0,361.0
4824,51,8.4,380.4,372.0
4826,89,4.6,362.6,358.0
4827,81,4.6,378.0,373.4
4828,29,1.4,356.8,355.40000000000003
4829,58,10.4,319.2,308.8
4830,69,5.0,355.0,350.0
4831,57,0.2,311.6,311.40000000000003
4832,55,10.6,304.0,293.4
4833,8,1.0,112.0,111.0
4835,55,16.2,289.6,273.40000000000003
4836,115,0.6,369.8,369.2
4837,14,2.8,198.8,196.0
4840,43,13.2,333.2,320.0
4841,95,6.0,281.6,275.6
4842,120,12.2,369.2,357.0
4843,85,8.4,282.8,274.40000000000003
4845,54,6.2,317.6,311.40000000000003
4846,50,8.0,339.0,331.0
4847,61,12.2,349.2,337.0
4851,42,7.8,171.4,163.6
4852,65,0.0,368.2,368.2
4853,89,6.6,372.8,366.2
4857,51,6.8,241.4,234.6
4858,32,4.4,362.0,357.6
4860,87,0.4,208.6,208.2
4861,58,5.0,245.6,240.6
4863,79,5.6,357.0,351.4
4864,72,3.6,332.0,328.4
4865,102,23.4,342.4,319.0
4866,54,3.0,280.4,277.4
4867,85,5.4,381.0,375.6
4868,31,6.4,155.2,148.79999999999998
4869,52,50.4,348.6,298.20000000000005
4870,80,9.4,350.0,340.6
4872,52,31.2,378.2,347.0
4873,7,2.6,116.0,113.4
4874,118,0.6,348.0,347.4
4875,32,10.4,175.6,165.2
4876,87,1.4,358.0,356.6
4878,72,8.4,363.8,355.40000000000003
4879,69,2.8,372.2,369.4
4880,45,10.6,217.8,207.20000000000002
4881,53,6.2,266.8,260.6
4882,69,6.4,374.4,368.0
4883,59,14.0,374.4,360.4
4884,104,4.4,385.0,380.6
4885,46,14.6,372.4,357.79999999999995
4886,64,11.4,350.2,338.8
4888,82,17.2,363.4,346.2
4889,51,8.4,245.4,237.0
4890,50,5.0,246.8,241.8
4892,76,4.4,359.2,354.8
4893,51,14.0,363.4,349.4
4897,64,11.0,300.0,289.0
4898,64,0.0,355.8,355.8
4899,109,3.2,382.8,379.6
4900,10,0.4,133.4,133.0
4901,61,7.6,351.6,344.0
4902,75,3.6,346.6,343.0
4903,56,6.6,302.4,295.79999999999995
4904,83,1.6,367.8,366.2
4905,87,1.8,313.2,311.4
4908,23,8.4,171.0,162.6
4909,69,0.8,333.8,333.0
4911,40,7.6,315.8,308.2
4913,6,4.4,99.4,95.0
4914,54,4.6,210.4,205.8
4915,82,6.4,311.4,305.0
4916,80,6.4,306.6,300.20000000000005
4917,69,27.8,359.4,331.59999999999997
4918,18,3.2,122.8,119.6
4920,110,0.0,340.8,340.8
4922,41,4.8,214.0,209.2
4923,70,1.8,295.4,293.59999999999997
4924,76,7.8,378.8,371.0
4926,68,5.0,360.2,355.2
4928,69,0.8,363.8,363.0
4929,15,1.6,276.6,275.0
4931,22,1.4,140.8,139.4
4932,10,0.4,138.4,138.0
4933,52,0.0,324.0,324.0
4934,72,11.2,363.0,351.8
4935,63,5.0,334.8,329.8
4936,51,5.2,375.6,370.40000000000003
4937,20,0.0,175.2,175.2
4940,33,0.8,110.2,109.4
4941,12,1.0,155.2,154.2
4942,63,6.2,364.2,358.0
4944,94,6.6,359.6,353.0
4945,20,0.6,134.4,133.8
4947,58,0.8,286.6,285.8
4949,46,5.4,368.0,362.6
4950,38,0.0,319.0,319.0
4951,64,2.4,246.2,243.79999999999998
4953,92,3.2,356.2,353.0
4955,10,13.2,298.0,284.8
4956,49,1.0,286.6,285.6
4958,94,0.0,373.8,373.8
4960,34,7.0,199.4,192.4
4961,33,9.8,360.0,350.2
4962,45,4.8,141.2,136.39999999999998
4963,16,0.0,311.2,311.2
4964,78,0.0,352.8,352.8
4965,68,0.0,350.4,350.4
4966,42,8.4,375.6,367.20000000000005
4968,53,2.2,285.0,282.8
4969,75,0.6,354.8,354.2
4970,37,4.2,181.2,177.0
4972,39,20.8,362.0,341.2
4973,67,7.0,334.4,327.4
4974,62,5.0,372.4,367.4
4975,32,7.0,155.2,148.2
4977,99,1.2,360.6,359.40000000000003
4978,6,0.2,131.0,130.8
4979,36,0.6,284.0,283.4
4980,72,7.2,326.4,319.2
4982,50,4.4,265.4,261.0
4983,82,16.4,302.0,285.6
4984,19,0.0,242.2,242.2
4986,73,3.8,359.6,355.8
4991,5,12.6,117.4,104.80000000000001
4992,88,5.6,363.8,358.2
4996,35,3.8,324.6,320.8
4997,84,0.0,361.0,361.0
4999,10,0.0,124.2,124.2
5000,6,11.2,138.2,126.99999999999999
5002,71,2.2,346.8,344.6
5003,94,5.0,374.4,369.4
5004,38,6.2,244.6,238.4
5006,78,4.8,368.8,364.0
5007,92,9.0,345.8,336.8
5008,14,6.4,174.6,168.2
5009,33,0.0,115.2,115.2
5011,46,2.0,185.0,183.0
5012,50,4.0,183.4,179.4
5013,81,4.8,339.2,334.4
5014,6,7.2,160.4,153.20000000000002
5015,24,2.8,165.4,162.6
5016,10,22.2,172.6,150.4
5019,30,9.2,150.6,141.4
5020,5,26.6,101.6,75.0
5021,20,1.2,219.4,218.20000000000002
5023,93,5.8,352.2,346.4
5024,63,6.2,282.8,276.6
5026,42,7.0,164.6,157.6
5027,49,3.2,316.8,313.6
5028,27,0.0,341.2,341.2
5030,63,12.2,375.8,363.6
5031,34,2.6,359.2,356.59999999999997
5032,44,3.0,209.8,206.8
5033,71,0.0,375.8,375.8
5035,104,4.2,353.0,348.8
5036,44,0.0,278.8,278.8
5039,28,0.0,130.0,130.0
5040,27,4.0,160.8,156.8
5041,79,0.0,350.6,350.6
5042,123,0.6,361.8,361.2
5047,62,6.0,347.6,341.6
5048,15,0.0,198.4,198.4
5049,70,4.6,343.2,338.59999999999997
5050,23,7.2,181.0,173.8
5051,61,4.4,292.2,287.8
5052,109,6.2,357.2,351.0
5053,26,0.0,138.6,138.6
5055,10,0.0,108.6,108.6
5057,85,8.0,320.2,312.2
5058,50,14.6,221.0,206.4
5059,30,7.8,164.2,156.39999999999998
5060,83,18.4,364.6,346.20000000000005
5061,75,4.8,343.8,339.0
5062,23,0.0,352.0,352.0
5064,38,27.2,201.2,174.0
5066,73,0.2,357.0,356.8
5067,33,2.0,171.8,169.8
5069,70,6.6,277.6,271.0
5070,18,33.8,246.8,213.0
5071,105,0.0,363.0,363.0
5072,15,13.2,198.0,184.8
5073,82,21.6,364.6,343.0
5074,50,5.6,212.8,207.20000000000002
5075,129,2.0,363.6,361.6
5076,64,0.0,215.4,215.4
5077,63,0.6,326.6,326.0
5080,69,5.2,322.2,317.0
5082,83,8.0,376.4,368.4
5083,98,4.6,362.6,358.0
5085,120,0.0,342.8,342.8
5086,38,0.2,365.4,365.2
5088,43,4.8,215.4,210.6
5089,9,2.8,117.8,115.0
5090,70,23.0,356.8,333.8
5091,53,5.2,302.2,297.0
5093,30,5.6,129.8,124.20000000000002
5095,95,5.6,368.4,362.79999999999995
5096,77,4.8,356.2,351.4
5097,82,4.0,353.8,349.8
5098,60,3.2,378.6,375.40000000000003
5099,80,4.6,368.6,364.0
5100,71,1.4,338.0,336.6
5101,15,1.2,156.4,155.20000000000002
5102,103,0.0,369.4,369.4
5103,141,1.2,370.2,369.0
5104,59,15.2,203.2,188.0
5105,33,5.2,173.4,168.20000000000002
5106,60,6.2,272.4,266.2
5107,15,9.2,193.4,184.20000000000002
5108,99,0.0,333.0,333.0
5112,65,6.2,247.0,240.8
5113,90,11.2,368.2,357.0
5114,59,0.2,372.0,371.8
5115,45,3.2,355.4,352.2
5117,33,0.0,213.6,213.6
5118,50,45.6,204.2,158.6
5119,6,51.0,102.6,51.599999999999994
5120,47,14.4,347.2,332.8
5121,81,4.2,353.0,348.8
5123,82,40.4,310.6,270.20000000000005
5124,92,6.6,365.2,358.59999999999997
5125,11,19.6,331.2,311.59999999999997
5127,31,8.4,164.4,156.0
5130,99,1.4,361.8,360.40000000000003
5132,26,10.8,273.0,262.2
5133,68,1.0,341.2,340.2
5134,89,12.2,360.8,348.6
5135,55,1.6,365.2,363.59999999999997
5138,35,6.6,171.4,164.8
5139,10,0.8,189.8,189.0
5141,20,0.0,134.4,134.4
5143,61,0.2,327.2,327.0
5146,103,4.2,363.8,359.6
5147,96,8.4,371.8,363.40000000000003
5148,26,4.6,144.2,139.6
5149,83,0.2,370.6,370.40000000000003
5150,34,8.2,172.0,163.8
5151,13,1.2,127.4,126.2
5152,11,0.0,96.6,96.6
5153,80,4.8,360.4,355.59999999999997
5155,44,6.6,369.8,363.2
5156,71,7.0,354.2,347.2
5159,36,0.4,188.6,188.2
5161,11,2.8,166.0,163.2
5163,16,10.2,162.0,151.8
5167,75,4.4,355.8,351.40000000000003
5169,84,2.0,307.2,305.2
5170,69,5.2,365.8,360.6
5171,92,8.2,312.8,304.6
5174,69,7.8,285.4,277.59999999999997
5175,69,5.4,335.6,330.20000000000005
5177,45,8.4,327.6,319.20000000000005
5178,81,2.0,334.4,332.4
5179,5,9.4,87.0,77.6
5180,72,4.8,369.4,364.59999999999997
5184,15,27.4,170.4,143.0
5185,94,6.0,357.4,351.4
5186,81,0.4,367.2,366.8
5188,26,2.2,162.2,160.0
5189,50,0.0,261.8,261.8
5190,36,2.2,375.2,373.0
5191,48,13.0,361.2,348.2
5192,69,5.2,327.4,322.2
5195,50,15.8,348.0,332.2
5196,34,0.0,152.8,152.8
5197,70,0.0,376.8,376.8
5198,69,1.8,347.8,346.0
5199,66,8.0,355.6,347.6
5200,39,73.4,337.8,264.4
5202,27,6.8,132.2,125.39999999999999
5204,77,5.0,339.8,334.8
5205,23,13.4,160.8,147.4
5206,46,5.0,212.2,207.2
5208,13,1.2,208.8,207.60000000000002
5209,95,4.8,377.8,373.0
5210,55,1.6,325.6,324.0
5211,72,1.4,198.4,197.0
5212,22,11.8,322.8,311.0
5213,72,4.6,341.8,337.2
5215,73,4.8,358.8,354.0
5218,103,4.0,371.6,367.6
5219,38,0.0,212.4,212.4
5220,18,51.6,328.8,277.2
5223,9,9.6,130.8,121.20000000000002
5226,88,3.2,327.2,324.0
5228,9,12.0,104.4,92.4
5229,53,0.2,375.4,375.2
5230,78,6.8,327.8,321.0
5231,20,10.4,177.4,167.0
5233,32,1.0,250.2,249.2
5235,8,0.6,132.4,131.8
5238,51,3.0,335.4,332.4
5239,31,4.0,164.4,160.4
5240,54,1.4,315.0,313.6
5241,61,0.2,347.0,346.8
5242,6,12.8,95.2,82.4
5244,105,4.4,360.8,356.40000000000003
5245,29,2.8,128.6,125.8
5246,15,3.6,137.0,133.4
5247,26,0.0,301.8,301.8
5249,44,8.8,367.6,358.8
5251,8,27.4,168.6,141.2
5253,49,6.0,215.6,209.6
5256,114,1.8,350.0,348.2
5257,11,0.0,166.6,166.6
5258,68,2.0,371.0,369.0
5259,77,4.4,370.0,365.6
5260,34,54.6,340.8,286.2
5261,38,0.2,171.6,171.4
5262,60,5.6,292.2,286.59999999999997
5263,19,15.4,358.4,343.0
5264,35,14.0,358.4,344.4
5266,23,2.2,166.8,164.60000000000002
5267,75,4.4,349.8,345.40000000000003
5268,72,1.4,345.8,344.40000000000003
5269,54,4.0,257.4,253.39999999999998
5270,5,0.6,83.4,82.80000000000001
5271,20,14.2,226.8,212.60000000000002
5272,134,0.0,359.8,359.8
5273,35,0.0,165.2,165.2
5276,5,16.0,102.4,86.4
5277,32,0.0,215.0,215.0
5279,105,2.6,363.8,361.2
5280,70,5.4,260.0,254.6
5281,55,0.0,359.8,359.8
5283,28,4.8,126.2,121.4
5284,55,5.2,290.6,285.40000000000003
5285,74,0.0,371.6,371.6
5287,116,7.6,373.8,366.2
5288,74,0.0,268.0,268.0
5292,85,4.8,370.2,365.4
5293,105,2.4,364.0,361.6
5294,62,1.4,348.8,347.40000000000003
5295,82,5.4,354.6,349.20000000000005
5296,56,0.6,359.0,358.4
5301,38,4.8,231.4,226.6
5302,21,0.4,151.8,151.4
5303,55,0.0,236.0,236.0
5305,91,0.0,319.0,319.0
5307,42,21.4,352.0,330.6
5308,13,0.2,209.0,208.8
5309,31,9.8,198.4,188.6
5310,46,8.2,288.4,280.2
5311,50,4.8,238.0,233.2
5312,18,11.6,174.0,162.4
5314,30,8.8,177.0,168.2
5315,62,3.4,368.2,364.8
5317,89,6.8,323.0,316.2
5318,45,5.2,229.2,224.0
5320,93,4.4,312.6,308.20000000000005
5321,78,4.4,365.2,360.8
5322,44,6.4,229.6,223.2
5323,157,6.8,354.8,348.0
5324,80,2.0,359.4,357.4
5325,30,13.8,338.2,324.4
5326,33,4.8,175.8,171.0
5327,32,7.6,172.8,165.20000000000002
5329,17,5.2,210.4,205.20000000000002
5330,58,2.8,264.2,261.4
5332,60,0.0,346.4,346.4
5333,83,0.0,372.0,372.0
5334,15,5.4,139.2,133.79999999999998
5336,91,8.2,359.4,351.2
5337,7,0.6,94.4,93.80000000000001
5338,101,4.2,347.8,343.6
5342,84,4.0,356.2,352.2
5344,30,1.8,205.2,203.39999999999998
5346,44,3.6,333.4,329.79999999999995
5347,40,2.4,173.0,170.6
5350,43,4.8,317.2,312.4
5352,12,1.2,138.4,137.20000000000002
5353,65,0.0,293.0,293.0
5355,6,7.6,142.0,134.4
5356,29,3.4,140.0,136.6
5357,20,1.0,291.4,290.4
5358,54,6.2,361.2,355.0
5361,106,0.0,364.2,364.2
5366,75,15.8,286.2,270.4
5368,51,1.2,212.8,211.60000000000002
5369,52,2.6,276.0,273.4
5370,5,52.8,137.4,84.60000000000001
5371,36,14.0,360.6,346.6
5372,43,22.6,201.2,178.6
5373,25,10.4,205.4,195.0
5374,33,5.8,359.2,353.4
5375,94,4.8,352.6,347.8
5377,42,5.6,187.6,182.0
5378,81,4.8,301.6,296.8
5380,69,7.2,364.4,357.2
5383,24,4.4,132.6,128.2
5384,73,6.6,361.2,354.59999999999997
5385,78,11.2,360.2,349.0
5386,28,8.4,144.0,135.6
5388,46,1.6,289.6,288.0
5389,81,8.4,362.2,353.8
5390,73,10.8,334.2,323.4
5392,32,7.4,150.0,142.6
5393,82,7.4,361.4,354.0
5397,72,1.4,328.8,327.40000000000003
5398,79,8.8,368.2,359.4
5399,80,7.6,277.8,270.2
5400,77,7.2,368.2,361.0
5401,90,4.8,373.0,368.2
5402,15,9.8,168.8,159.0
5403,7,5.4,132.4,127.0
5408,63,7.4,308.4,301.0
5409,94,7.2,368.4,361.2
5410,86,0.0,339.6,339.6
5411,64,8.8,361.4,352.59999999999997
5413,71,8.6,356.0,347.4
5416,29,10.4,239.4,229.0
5417,75,39.0,347.0,308.0
5418,81,4.0,349.6,345.6
5419,26,0.0,300.2,300.2
5422,70,4.4,355.8,351.40000000000003
5423,34,2.0,154.0,152.0
5425,21,6.6,314.6,308.0
5426,97,8.2,356.8,348.6
5428,29,0.0,182.4,182.4
5429,141,3.8,361.4,357.59999999999997
5430,6,11.6,166.8,155.20000000000002
5431,78,4.0,333.2,329.2
5435,101,1.2,373.4,372.2
5436,10,31.4,207.8,176.4
5437,64,8.2,346.0,337.8
5439,20,5.6,166.2,160.6
5442,61,10.2,289.4,279.2
5443,55,2.2,357.8,355.6
5446,107,3.6,347.2,343.59999999999997
5447,64,4.4,287.4,283.0
5448,83,0.0,364.0,364.0
5449,12,0.0,126.4,126.4
5450,89,4.2,304.4,300.2
5451,24,1.4,338.0,336.6
5452,30,10.2,127.8,117.6
5454,66,7.4,132.8,125.4
5455,74,6.0,280.6,274.6
5456,79,5.2,365.2,360.0
5457,82,3.2,355.0,351.8
5458,75,3.4,350.8,347.40000000000003
5460,45,5.8,211.8,206.0
5463,52,11.2,348.4,337.2
5465,60,5.4,289.2,283.8
5466,68,0.0,334.6,334.6
5469,83,5.4,362.6,357.20000000000005
5470,56,0.0,285.8,285.8
5471,54,4.0,287.4,283.4
5474,84,22.4,368.8,346.40000000000003
5475,42,3.8,207.6,203.79999999999998
5476,56,11.4,322.4,311.0
5477,70,5.4,355.4,350.0
5478,40,4.8,206.2,201.39999999999998
5480,58,3.8,354.2,350.4
5482,46,4.6,230.0,225.4
5483,77,4.6,363.2,358.59999999999997
5485,27,10.2,134.2,123.99999999999999
5486,77,8.2,364.0,355.8
5487,48,10.2,238.2,228.0
5489,31,3.4,214.8,211.4
5490,72,11.4,355.2,343.8
5491,65,13.0,358.4,345.4
5492,12,2.8,209.8,207.0
5495,61,2.8,284.6,281.8
5498,86,4.6,343.0,338.4
5501,14,0.0,124.8,124.8
5502,68,6.8,359.2,352.4
5503,25,4.8,156.0,151.2
5505,55,5.0,287.6,282.6
5507,57,1.6,348.4,346.79999999999995
5508,92,9.0,363.2,354.2
5509,43,2.0,369.0,367.0
5512,58,1.0,280.2,279.2
5513,78,6.2,359.4,353.2
5514,38,3.8,181.4,177.6
5516,61,6.4,346.2,339.8
5517,78,2.0,339.4,337.4
5518,53,5.0,289.0,284.0
5519,25,10.4,279.0,268.6
5520,89,20.2,357.4,337.2
5523,44,5.6,204.2,198.6
5524,28,7.0,142.6,135.6
5525,75,5.6,363.6,358.0
5526,20,19.2,156.4,137.20000000000002
5527,6,0.0,151.2,151.2
5528,30,8.0,143.4,135.4
5530,24,0.0,317.6,317.6
5532,97,0.0,359.0,359.0
5536,103,4.2,361.0,356.8
5537,16,17.4,231.8,214.4
5540,90,5.8,357.4,351.59999999999997
5541,28,0.0,134.4,134.4
5542,60,13.8,323.0,309.2
5543,46,5.4,231.6,226.2
5544,34,2.2,361.0,358.8
5546,54,5.0,228.8,223.8
5547,26,1.2,207.8,206.60000000000002
5548,103,26.6,362.8,336.2
5549,70,5.2,335.6,330.40000000000003
5551,19,3.8,134.2,130.39999999999998
5552,61,4.4,288.4,284.0
5554,57,2.6,330.8,328.2
5556,41,53.2,340.6,287.40000000000003
5558,27,17.8,295.2,277.4
5559,32,4.6,182.0,177.4
5560,57,0.0,350.2,350.2
5563,99,2.8,340.0,337.2
5564,24,12.2,155.6,143.4
5566,92,6.0,374.2,368.2
5567,62,6.0,334.2,328.2
5569,83,9.2,355.8,346.6
5571,88,0.0,349.4,349.4
5572,84,3.6,364.0,360.4
5574,19,2.2,153.4,151.20000000000002
5575,67,4.4,173.2,168.79999999999998
5577,69,5.8,364.4,358.59999999999997
5578,55,6.2,348.4,342.2
5579,89,6.8,364.6,357.8
5580,102,5.8,356.4,350.59999999999997
5582,75,3.4,321.6,318.20000000000005
5583,85,3.0,331.4,328.4
5585,84,11.6,363.0,351.4
5586,27,1.4,162.6,161.2
5587,33,0.4,290.0,289.6
5588,106,4.6,350.6,346.0
5589,37,5.2,170.2,165.0
5590,31,41.2,172.6,131.39999999999998
5593,24,5.4,129.2,123.79999999999998
5596,16,3.0,231.4,228.4
5598,47,4.2,213.8,209.60000000000002
5600,73,3.6,368.2,364.59999999999997
5601,18,4.2,167.4,163.20000000000002
5602,37,7.0,155.4,148.4
5605,44,0.0,348.0,348.0
5606,35,5.2,170.4,165.20000000000002
5607,39,4.0,213.6,209.6
5609,43,16.8,213.0,196.2
5610,54,1.0,217.2,216.2
5611,48,4.8,286.4,281.59999999999997
5612,23,4.0,163.6,159.6
5615,54,4.0,249.8,245.8
5616,7,0.2,131.6,131.4
5617,65,5.4,347.4,342.0
5622,66,2.4,350.8,348.40000000000003
5624,28,8.6,156.6,148.0
5625,94,3.6,367.8,364.2
5626,24,4.4,181.4,177.0
5628,43,3.6,213.0,209.4
5629,67,5.6,307.2,301.59999999999997
5631,62,4.4,372.6,368.20000000000005
5632,66,3.8,339.8,336.0
5634,18,3.0,141.8,138.8
5635,8,0.0,106.2,106.2
5640,95,2.2,363.8,361.6
5641,18,5.6,96.6,91.0
5642,16,0.4,134.4,134.0
5644,33,4.8,151.8,147.0
5645,45,3.6,212.0,208.4
5646,10,3.8,194.0,190.2
5647,45,11.2,348.4,337.2
5648,62,24.2,369.8,345.6
5649,86,15.4,367.0,351.6
5656,11,4.2,97.0,92.8
5657,74,10.0,363.2,353.2
5659,68,0.0,326.2,326.2
5660,43,10.4,303.4,293.0
5661,52,2.8,291.4,288.59999999999997
5662,76,1.2,320.4,319.2
5663,12,0.0,161.0,161.0
5665,70,3.0,320.4,317.4
5666,63,0.2,351.8,351.6
5667,33,4.8,164.6,159.79999999999998
5668,29,0.0,176.2,176.2
5671,95,6.4,344.0,337.6
5673,86,1.2,357.4,356.2
5676,86,0.0,338.8,338.8
5677,59,0.0,272.6,272.6
5678,28,6.8,221.2,214.39999999999998
5680,22,4.2,144.8,140.60000000000002
5685,97,3.2,362.8,359.6
5687,68,7.0,247.8,240.8
5688,18,0.0,101.8,101.8
5689,24,0.2,139.2,139.0
5692,35,4.2,123.6,119.39999999999999
5693,30,10.2,168.2,158.0
5694,96,0.0,333.4,333.4
5695,10,6.8,135.2,128.39999999999998
5698,12,0.0,124.6,124.6
5700,62,7.6,273.8,266.2
5702,27,0.8,296.6,295.8
5703,77,13.8,341.8,328.0
5704,21,26.0,82.0,56.0
5706,74,2.4,357.6,355.20000000000005
5707,71,8.4,268.8,260.40000000000003
5710,47,13.6,272.0,258.4
5711,50,0.6,344.4,343.79999999999995
5713,92,0.0,356.6,356.6
5714,99,7.2,368.0,360.8
5715,34,6.6,158.2,151.6
5717,67,0.2,360.0,359.8
5718,108,6.4,356.4,350.0
5719,43,0.0,299.2,299.2
5720,72,1.4,351.8,350.40000000000003
5721,60,1.4,370.8,369.40000000000003
5722,61,22.6,353.0,330.4
5723,41,2.2,337.6,335.40000000000003
5724,74,4.8,320.8,316.0
5725,41,11.4,178.6,167.2
5726,117,2.2,367.4,365.2
5727,86,0.6,362.6,362.0
5729,54,15.2,339.8,324.6
5731,89,0.0,350.0,350.0
5732,32,0.2,238.4,238.20000000000002
5734,33,0.0,177.0,177.0
5737,34,0.8,307.2,306.4
5739,75,4.2,347.2,343.0
5742,16,0.0,124.8,124.8
5743,53,17.4,289.8,272.40000000000003
5744,36,1.2,286.8,285.6
5745,17,0.2,139.2,139.0
5747,39,5.6,167.6,162.0
5748,78,4.4,287.0,282.6
5751,24,15.6,306.8,291.2
5752,64,92.6,358.2,265.6
5754,10,21.2,133.8,112.60000000000001
5755,10,11.0,82.4,71.4
5756,86,1.2,327.4,326.2
5757,51,23.0,263.4,240.39999999999998
5758,78,5.8,364.2,358.4
5759,71,0.0,362.8,362.8
5760,94,2.8,365.8,363.0
5761,83,4.6,306.0,301.4
5762,66,5.4,360.0,354.6
5763,41,2.8,340.4,337.59999999999997
5764,91,9.2,363.8,354.6
5767,112,1.4,363.4,362.0
5768,19,10.6,237.6,227.0
5769,99,14.6,361.2,346.59999999999997
5770,60,4.6,313.8,309.2
5771,110,5.0,360.6,355.6
5772,26,8.2,140.4,132.20000000000002
5773,24,9.4,355.4,346.0
5774,67,1.2,338.2,337.0
5776,52,6.6,324.2,317.59999999999997
5777,52,4.8,208.2,203.39999999999998
5780,87,5.8,364.8,359.0
5781,29,0.0,227.8,227.8
5782,43,10.8,344.8,334.0
5785,58,0.0,228.0,228.0
5786,60,6.2,323.8,317.6
5789,75,5.8,362.8,357.0
5790,70,0.0,270.0,270.0
5791,123,6.0,365.4,359.4
5792,47,0.8,349.2,348.4
5795,96,4.6,343.6,339.0
5796,62,11.4,353.6,342.20000000000005
5797,19,3.2,193.4,190.20000000000002
5798,53,4.8,209.0,204.2
5799,80,4.8,360.4,355.59999999999997
5802,16,4.0,91.2,87.2
5803,10,23.8,335.4,311.59999999999997
5804,115,10.8,362.4,351.59999999999997
5805,67,11.4,350.4,339.0
5808,60,22.0,361.0,339.0
5809,77,4.6,324.6,320.0
5810,122,15.2,355.8,340.6
5811,90,0.6,273.8,273.2
5815,59,10.6,363.8,353.2
5820,11,7.2,162.4,155.20000000000002
5822,32,5.6,152.2,146.6
5823,35,12.4,343.0,330.6
5824,70,0.0,280.4,280.4
5825,75,3.4,359.2,355.8
5827,68,5.8,332.6,326.8
5829,106,3.0,367.0,364.0
5832,62,1.6,339.6,338.0
5833,134,3.4,346.4,343.0
5834,8,28.4,126.4,98.0
5835,72,6.0,367.6,361.6
5836,35,7.0,365.2,358.2
5838,74,16.6,359.0,342.4
5839,29,0.0,284.4,284.4
5840,14,40.0,252.8,212.8
5841,85,3.4,372.2,368.8
5842,104,2.4,324.0,321.6
5843,63,3.8,338.6,334.8
5845,56,9.6,367.2,357.59999999999997
5846,49,7.0,221.8,214.8
5847,208,11.0,326.2,315.2
5848,112,7.6,361.0,353.4
5849,114,3.8,362.6,358.8
5850,44,8.4,211.6,203.2
5851,66,11.2,286.0,274.8
5852,41,13.6,212.4,198.8
5853,14,8.2,160.8,152.60000000000002
5854,96,6.2,345.0,338.8
5855,52,0.4,315.2,314.8
5856,71,13.8,329.4,315.59999999999997
5857,34,0.4,171.2,170.79999999999998
5859,85,1.0,350.4,349.4
5860,95,5.8,307.4,301.59999999999997
5861,56,1.4,280.0,278.6
5863,69,5.6,324.6,319.0
5864,30,5.6,145.6,140.0
5865,58,5.8,214.2,208.39999999999998
5867,50,4.8,277.6,272.8
5868,57,5.4,360.4,355.0
5869,47,7.6,231.6,224.0
5870,81,4.6,355.0,350.4
5871,85,10.6,364.0,353.4
5872,88,4.6,358.4,353.79999999999995
5873,16,15.8,142.6,126.8
5874,69,6.4,326.4,320.0
5875,82,4.8,331.8,327.0
5876,37,4.8,169.6,164.79999999999998
5877,21,16.2,262.8,246.60000000000002
5878,63,14.4,332.6,318.20000000000005
5879,59,4.4,286.0,281.6
5880,28,6.8,83.8,77.0
5881,55,19.6,286.4,266.79999999999995
5882,64,0.0,365.2,365.2
5883,82,6.8,338.6,331.8
5885,43,0.0,296.8,296.8
5887,109,1.0,362.0,361.0
5888,15,8.4,139.8,131.4
5889,9,5.4,191.2,185.79999999999998
5890,50,3.6,340.2,336.59999999999997
5891,34,0.0,165.4,165.4
5892,105,5.6,314.6,309.0
5893,45,8.4,279.4,271.0
5894,71,5.8,345.4,339.59999999999997
5896,44,5.0,227.0,222.0
5897,10,0.0,309.8,309.8
5898,9,4.2,131.4,127.2
5900,45,0.0,286.8,286.8
5901,28,5.2,144.2,139.0
5902,88,9.6,314.8,305.2
5903,50,0.0,284.0,284.0
5905,47,0.0,331.6,331.6
5906,64,15.2,341.4,326.2
5907,106,0.0,339.0,339.0
5909,56,29.0,341.2,312.2
5911,63,7.0,336.0,329.0
5912,96,8.2,367.2,359.0
5913,89,0.0,356.2,356.2
5914,40,1.4,230.6,229.2
5916,52,9.2,302.0,292.8
5917,38,7.6,246.8,239.20000000000002
5918,11,1.4,155.6,154.2
5919,41,14.6,266.2,251.6
5920,30,12.2,227.4,215.20000000000002
5921,53,4.6,211.8,207.20000000000002
5922,49,4.8,252.4,247.6
5923,37,2.8,356.8,354.0
5925,50,4.8,314.4,309.59999999999997
5927,22,6.6,214.0,207.4
5928,59,12.4,300.8,288.40000000000003
5929,96,5.0,359.2,354.2
5931,28,11.0,158.8,147.8
5932,56,0.0,337.2,337.2
5933,131,2.0,347.8,345.8
5934,71,11.4,336.8,325.40000000000003
5935,59,0.0,370.0,370.0
5936,61,13.8,317.4,303.59999999999997
5937,49,1.6,322.4,320.79999999999995
5938,62,9.0,343.0,334.0
5939,40,0.0,188.0,188.0
5940,58,28.4,250.8,222.4
5941,47,13.8,212.8,199.0
5942,10,4.4,128.0,123.6
5944,82,81.0,354.2,273.2
5945,90,2.6,315.4,312.79999999999995
5946,15,1.2,177.2,176.0
5947,58,11.4,343.2,331.8
5948,95,0.0,365.8,365.8
5949,59,4.8,276.2,271.4
5950,28,10.8,235.0,224.2
5952,82,0.0,292.8,292.8
5956,29,14.4,202.0,187.6
5959,65,1.8,253.4,251.6
5960,79,5.2,323.4,318.2
5961,73,10.8,365.0,354.2
5962,29,0.0,330.2,330.2
5964,54,16.4,299.4,283.0
5965,52,23.6,286.0,262.4
5966,42,10.6,232.2,221.6
5968,46,29.4,364.6,335.20000000000005
5969,75,4.4,355.2,350.8
5971,10,6.8,129.4,122.60000000000001
5972,63,4.8,282.0,277.2
5973,40,2.6,351.4,348.79999999999995
5974,83,4.4,351.8,347.40000000000003
5975,22,4.6,135.0,130.4
5976,50,18.4,289.4,271.0
5977,79,11.0,362.4,351.4
5978,30,3.0,352.6,349.6
5979,68,1.0,212.4,211.4
5980,75,5.2,352.2,347.0
5981,48,8.2,233.0,224.8
5982,51,19.2,338.2,319.0
5983,80,2.2,362.0,359.8
5984,25,5.8,129.8,124.00000000000001
5985,113,0.8,356.8,356.0
5986,22,9.0,154.6,145.6
5987,74,0.0,351.0,351.0
5988,76,2.2,291.6,289.40000000000003
5990,47,6.2,224.6,218.4
5992,86,4.6,352.2,347.59999999999997
5995,73,0.0,309.8,309.8
5996,36,4.2,339.2,335.0
5998,26,3.8,142.8,139.0
5999,48,3.4,338.2,334.8
6001,74,1.8,281.0,279.2
6002,81,6.0,362.8,356.8
6003,78,6.0,358.0,352.0
6004,37,4.6,342.6,338.0
6005,12,18.0,126.8,108.8
6008,30,0.0,140.2,140.2
6009,45,4.8,215.6,210.79999999999998
6010,16,23.4,160.6,137.2
6012,63,10.4,345.6,335.20000000000005
6014,21,2.4,136.8,134.4
6016,53,22.0,282.8,260.8
6017,56,1.8,286.8,285.0
6018,119,14.0,326.4,312.4
6019,19,0.0,100.8,100.8
6020,40,20.2,273.2,253.0
6023,97,5.2,357.0,351.8
6024,58,23.2,288.4,265.2
6025,40,0.0,324.6,324.6
6026,13,2.4,308.8,306.40000000000003
6027,59,5.8,351.0,345.2
6028,100,2.0,358.0,356.0
6030,46,0.0,311.4,311.4
6031,74,0.0,303.4,303.4
6032,19,9.8,166.8,157.0
6033,108,17.2,354.6,337.40000000000003
6037,50,24.0,240.6,216.6
6041,91,4.6,347.8,343.2
6042,58,4.8,293.4,288.59999999999997
6043,38,18.0,351.2,333.2
6044,79,8.2,343.0,334.8
6045,56,3.4,285.4,282.0
6046,100,12.2,363.4,351.2
6048,96,2.8,350.4,347.59999999999997
6049,83,4.0,352.8,348.8
6050,86,0.0,348.8,348.8
6053,129,4.6,349.6,345.0
6057,14,0.4,142.4,142.0
6059,67,0.4,309.0,308.6
6062,66,1.8,315.0,313.2
6063,69,5.0,339.6,334.6
6064,66,0.0,346.8,346.8
6065,87,5.2,352.4,347.2
6066,37,36.2,249.0,212.8
6067,45,8.4,224.2,215.79999999999998
6068,72,1.2,334.0,332.8
6069,36,9.2,336.0,326.8
6070,71,0.0,340.0,340.0
6071,8,0.0,129.8,129.8
6072,58,19.8,288.2,268.4
6073,62,0.2,265.2,265.0
6074,69,2.4,327.4,325.0
6076,75,10.2,332.2,322.0
6078,102,0.4,333.2,332.8
6079,50,0.0,324.4,324.4
6081,77,0.0,352.6,352.6
6082,34,0.0,144.2,144.2
6083,69,4.6,326.6,322.0
6084,27,8.4,143.4,135.0
6086,54,6.2,222.4,216.20000000000002
6087,85,7.6,366.0,358.4
6088,65,11.6,343.6,332.0
6089,70,0.0,340.0,340.0
6090,74,20.4,339.8,319.40000000000003
6091,24,13.6,265.8,252.20000000000002
6092,44,0.8,340.4,339.59999999999997
6093,30,152.8,329.4,176.59999999999997
6094,49,6.0,268.2,262.2
6096,13,3.8,75.0,71.2
6097,12,3.4,131.2,127.79999999999998
6098,114,6.6,354.0,347.4
6099,84,9.2,356.0,346.8
6100,12,44.6,168.2,123.6
6101,65,19.4,252.4,233.0
6103,12,0.0,351.2,351.2
6104,73,10.0,349.8,339.8
6105,65,4.8,355.6,350.8
6106,81,1.2,309.4,308.2
6108,62,0.0,286.8,286.8
6109,60,8.0,308.0,300.0
6110,93,1.6,352.6,351.0
6111,46,1.6,328.8,327.2
6112,15,0.0,173.8,173.8
6113,45,18.0,322.0,304.0
6114,41,0.0,271.6,271.6
6115,111,3.8,274.4,270.59999999999997
6116,114,1.0,358.0,357.0
6120,82,6.4,348.0,341.6
6123,52,8.2,307.0,298.8
6124,78,0.0,342.8,342.8
6125,29,16.0,143.4,127.4
6126,90,2.6,314.4,311.79999999999995
6127,99,0.0,359.8,359.8
6128,56,6.8,364.2,357.4
6130,18,14.2,161.4,147.20000000000002
6131,60,6.6,229.6,223.0
6133,70,5.4,188.0,182.6
6134,29,0.0,321.6,321.6
6135,93,2.6,356.2,353.59999999999997
6139,44,11.0,207.8,196.8
6140,40,5.6,312.2,306.59999999999997
6141,94,1.2,364.0,362.8
6142,52,4.8,252.6,247.79999999999998
6143,106,4.6,356.0,351.4
6144,21,1.6,172.2,170.6
6146,91,0.0,354.6,354.6
6147,81,5.2,356.4,351.2
6149,76,9.8,338.4,328.59999999999997
6151,6,0.0,110.6,110.6
6153,52,0.0,218.0,218.0
6154,79,4.6,351.4,346.79999999999995
6155,72,2.4,353.8,351.40000000000003
6157,9,0.0,215.0,215.0
6158,39,11.2,208.4,197.20000000000002
6159,58,4.4,339.2,334.8
6161,85,9.8,345.8,336.0
6162,37,61.0,362.4,301.4
6163,18,14.6,338.2,323.59999999999997
6164,8,0.0,133.6,133.6
6167,31,13.6,321.6,308.0
6168,15,10.6,164.8,154.20000000000002
6169,39,9.0,218.4,209.4
6171,31,3.4,172.8,169.4
6172,19,8.8,289.4,280.59999999999997
6173,68,1.0,339.8,338.8
6174,100,7.0,358.0,351.0
6175,55,5.4,246.8,241.4
6176,28,0.4,360.6,360.20000000000005
6179,22,11.8,298.2,286.4
6181,15,0.0,279.2,279.2
6184,52,4.6,326.4,321.79999999999995
6185,69,0.8,324.2,323.4
6186,11,0.0,148.4,148.4
6188,59,9.0,227.0,218.0
6190,9,10.4,149.4,139.0
6192,66,8.2,338.6,330.40000000000003
6193,56,4.6,275.8,271.2
6194,10,8.4,142.2,133.79999999999998
6195,42,1.8,297.0,295.2
6196,19,0.0,327.2,327.2
6197,18,14.2,286.2,272.0
6198,23,2.2,321.8,319.6
6199,45,6.0,159.2,153.2
6202,11,11.2,140.4,129.20000000000002
6205,80,4.0,348.2,344.2
6206,79,5.0,303.8,298.8
6208,29,21.4,218.4,197.0
6209,44,4.0,132.6,128.6
6210,215,0.0,305.0,305.0
6211,35,2.8,122.0,119.2
6213,12,79.8,212.4,132.60000000000002
6215,25,2.8,194.6,191.79999999999998
6216,11,32.0,168.4,136.4
6217,65,2.0,311.6,309.6
6218,65,16.6,339.0,322.4
6219,58,9.6,302.2,292.59999999999997
6220,17,0.0,170.8,170.8
6223,34,0.2,263.2,263.0
6225,41,8.4,215.8,207.4
6226,21,5.0,280.0,275.0
6227,30,1.2,192.2,191.0
6228,89,7.2,358.8,351.6
6229,52,0.2,233.2,233.0
6230,61,3.2,287.8,284.6
6232,54,11.6,323.8,312.2
6233,30,3.6,141.0,137.4
6234,22,31.0,200.0,169.0
6235,86,5.6,363.0,357.4
6236,86,2.8,338.8,336.0
6237,46,0.0,170.2,170.2
6238,7,21.0,96.0,75.0
6241,65,0.0,313.0,313.0
6243,13,29.4,208.2,178.79999999999998
6244,73,58.2,340.6,282.40000000000003
6245,14,13.2,139.6,126.39999999999999
6246,101,0.0,353.6,353.6
6247,67,3.4,318.4,315.0
6248,34,28.8,359.8,331.0
6250,41,2.0,335.4,333.4
6252,25,2.0,304.4,302.4
6253,53,9.6,357.8,348.2
6255,15,17.2,330.6,313.40000000000003
6256,39,25.0,335.6,310.6
6257,48,9.6,341.0,331.4
6258,27,10.6,323.8,313.2
6260,88,2.4,354.2,351.8
6262,92,1.2,328.8,327.6
6264,26,13.6,330.8,317.2
6265,63,3.2,330.0,326.8
6266,57,3.0,283.4,280.4
6268,52,6.8,246.0,239.2
6269,21,0.0,217.2,217.2
6270,41,2.6,207.4,204.8
6271,63,10.2,296.8,286.6
6273,62,4.6,320.6,316.0
6276,95,5.8,340.0,334.2
6277,51,11.2,234.2,223.0
6279,54,1.4,263.8,262.40000000000003
6280,69,3.6,287.0,283.4
6282,60,8.6,263.6,255.00000000000003
6283,49,4.4,252.0,247.6
6284,65,3.6,330.2,326.59999999999997
6285,60,2.8,351.2,348.4
6286,93,5.4,360.6,355.20000000000005
6288,10,11.2,208.0,196.8
6291,58,2.2,335.0,332.8
6292,67,7.0,259.8,252.8
6293,66,3.6,324.0,320.4
6294,105,0.0,359.6,359.6
6295,25,14.0,262.6,248.60000000000002
6297,83,0.0,343.0,343.0
6298,77,2.0,269.6,267.6
6299,28,3.8,136.0,132.2
6300,27,0.0,308.6,308.6
6301,61,3.4,213.2,209.79999999999998
6302,65,2.0,310.2,308.2
6303,69,35.8,341.4,305.59999999999997
6304,72,5.6,363.8,358.2
6305,71,4.6,264.4,259.79999999999995
6306,91,3.6,327.0,323.4
6307,65,11.4,343.0,331.6
6309,214,0.6,302.4,301.79999999999995
6310,78,8.8,356.4,347.59999999999997
6311,38,4.2,320.6,316.40000000000003
6312,54,3.6,359.0,355.4
6314,32,4.6,87.2,82.60000000000001
6315,73,27.2,323.8,296.6
6319,79,14.6,345.2,330.59999999999997
6320,110,1.0,352.4,351.4
6321,34,0.0,306.4,306.4
6322,60,2.4,300.6,298.20000000000005
6323,83,0.0,347.0,347.0
6324,64,4.8,349.8,345.0
6325,48,7.4,264.6,257.20000000000005
6326,59,58.8,338.6,279.8
6328,47,7.0,222.6,215.6
6329,29,1.0,143.2,142.2
6330,104,4.2,361.0,356.8
6331,88,6.4,347.0,340.6
6332,27,36.2,317.8,281.6
6333,39,57.4,341.8,284.40000000000003
6334,35,8.2,289.2,281.0
6335,33,3.6,266.2,262.59999999999997
6337,82,5.8,363.4,357.59999999999997
6338,61,0.0,245.8,245.8
6339,28,19.8,270.0,250.2
6340,25,9.4,352.4,343.0
6341,48,0.2,295.4,295.2
6343,65,2.4,353.0,350.6
6344,29,5.4,314.0,308.6
6345,72,2.0,262.4,260.4
6346,16,9.4,160.2,150.79999999999998
6347,22,2.8,140.4,137.6
6350,21,16.8,141.8,125.00000000000001
6351,30,4.8,148.2,143.39999999999998
6353,17,0.0,251.0,251.0
6354,47,2.6,149.8,147.20000000000002
6357,51,1.4,284.4,283.0
6360,88,1.6,289.8,288.2
6362,14,4.2,128.6,124.39999999999999
6363,24,44.8,308.4,263.59999999999997
6364,74,9.2,341.4,332.2
6365,28,4.2,299.6,295.40000000000003
6367,9,0.0,140.4,140.4
6368,49,8.2,241.6,233.4
6369,30,4.0,135.6,131.6
6370,43,4.6,227.4,222.8
6371,49,0.0,253.6,253.6
6372,87,0.0,336.6,336.6
6374,118,1.8,266.4,264.59999999999997
6375,9,1.0,143.8,142.8
6376,76,1.0,288.0,287.0
6377,65,7.4,285.8,278.40000000000003
6378,91,4.6,323.4,318.79999999999995
6379,48,9.8,351.0,341.2
6380,69,18.2,352.8,334.6
6382,80,0.0,353.0,353.0
6383,43,9.2,200.2,191.0
6385,66,11.4,345.2,333.8
6390,12,8.0,134.8,126.80000000000001
6392,66,4.8,263.0,258.2
6393,30,4.4,128.4,124.0
6395,51,0.0,287.8,287.8
6396,51,3.8,170.8,167.0
6397,89,9.6,317.6,308.0
6399,74,8.2,320.2,312.0
6400,92,6.8,351.8,345.0
6401,74,2.0,318.0,316.0
6402,15,2.0,158.0,156.0
6403,66,33.6,350.0,316.4
6405,61,0.0,354.6,354.6
6407,79,1.4,350.6,349.20000000000005
6408,47,14.8,286.4,271.59999999999997
6412,28,24.0,157.6,133.6
6413,24,55.2,279.8,224.60000000000002
6415,80,2.6,327.0,324.4
6416,38,6.0,168.8,162.8
6418,83,4.8,322.4,317.59999999999997
6419,81,2.6,355.4,352.79999999999995
6421,11,0.6,147.2,146.6
6422,66,5.6,290.2,284.59999999999997
6423,60,2.0,334.4,332.4
6427,24,0.0,136.2,136.2
6428,15,5.8,140.4,134.6
6429,25,4.2,141.4,137.20000000000002
6430,30,19.2,174.8,155.60000000000002
6431,44,6.6,342.6,336.0
6432,24,4.8,127.6,122.8
6433,80,0.0,348.2,348.2
6435,85,2.4,343.0,340.6
6436,6,4.2,75.4,71.2
6437,25,10.2,202.4,192.20000000000002
6438,78,5.8,351.0,345.2
6439,9,7.0,138.0,131.0
6440,82,4.6,348.4,343.79999999999995
6441,47,24.6,352.6,328.0
6442,45,11.4,308.6,297.20000000000005
6443,70,2.8,305.2,302.4
6445,40,3.8,218.6,214.79999999999998
6446,73,5.6,354.2,348.59999999999997
6447,69,5.4,345.2,339.8
6452,55,7.6,263.8,256.2
6453,42,0.0,351.6,351.6
6455,35,6.6,138.8,132.20000000000002
6456,80,4.6,347.8,343.2
6457,45,18.4,260.4,241.99999999999997
6458,64,4.4,342.0,337.6
6459,89,5.8,357.4,351.59999999999997
6460,68,4.8,329.2,324.4
6462,36,4.4,309.6,305.20000000000005
6464,78,0.6,353.6,353.0
6465,12,9.0,177.2,168.2
6468,35,15.6,190.6,175.0
6469,73,3.0,294.2,291.2
6472,83,4.0,357.4,353.4
6473,66,5.6,347.2,341.59999999999997
6474,57,8.2,287.6,279.40000000000003
6475,57,4.8,154.6,149.79999999999998
6476,68,3.6,351.2,347.59999999999997
6477,48,10.2,247.4,237.20000000000002
6478,16,0.4,205.0,204.6
6480,41,6.0,127.6,121.6
6482,43,7.8,213.6,205.79999999999998
6483,69,5.0,342.6,337.6
6484,88,5.2,335.8,330.6
6485,52,1.2,285.6,284.40000000000003
6486,35,2.8,166.6,163.79999999999998
6487,59,9.8,318.6,308.8
6488,55,0.0,345.8,345.8
6492,91,4.2,347.8,343.6
6493,49,4.8,352.6,347.8
6494,25,22.2,135.0,112.8
6495,75,10.4,349.0,338.6
6497,88,8.2,353.2,345.0
6498,50,4.6,259.2,254.6
6499,42,6.4,200.2,193.79999999999998
6501,55,0.0,345.4,345.4
6502,30,4.6,141.4,136.8
6505,53,22.6,288.2,265.59999999999997
6506,9,10.6,135.2,124.6
6508,74,8.4,345.2,336.8
6510,72,6.8,348.0,341.2
6511,83,7.2,343.0,335.8
6512,54,6.6,302.4,295.79999999999995
6514,72,10.0,348.0,338.0
6516,69,7.6,351.2,343.59999999999997
6517,68,23.2,355.2,332.0
6518,76,0.2,290.8,290.6
6523,55,22.6,319.2,296.59999999999997
6524,40,9.6,352.0,342.4
6525,74,5.8,336.2,330.4
6526,48,0.0,206.2,206.2
6528,33,0.0,243.2,243.2
6531,27,1.2,244.4,243.20000000000002
6532,45,9.4,230.0,220.6
6533,77,8.6,323.2,314.59999999999997
6534,26,8.6,118.8,110.2
6535,41,21.2,189.2,168.0
6536,84,7.2,341.8,334.6
6537,83,3.6,330.2,326.59999999999997
6539,96,4.6,348.2,343.59999999999997
6540,15,24.6,192.6,168.0
6541,55,4.6,349.0,344.4
6542,36,9.6,339.6,330.0
6543,11,41.4,144.6,103.19999999999999
6545,58,4.2,346.6,342.40000000000003
6547,44,2.4,346.6,344.20000000000005
6548,78,7.0,334.4,327.4
6549,10,12.6,124.8,112.2
6550,13,0.0,161.2,161.2
6551,50,8.4,219.0,210.6
6555,22,2.2,139.6,137.4
6556,110,4.6,355.6,351.0
6558,56,0.0,285.0,285.0
6560,66,5.6,336.4,330.79999999999995
6561,76,9.2,353.4,344.2
6565,131,0.0,322.8,322.8
6567,19,0.0,156.8,156.8
6568,19,0.8,125.2,124.4
6569,42,2.4,207.2,204.79999999999998
6570,83,5.0,344.8,339.8
6571,84,4.6,351.6,347.0
6572,62,7.2,326.2,319.0
6573,62,4.2,352.8,348.6
6575,33,0.0,303.2,303.2
6576,26,6.6,133.0,126.4
6577,100,1.4,347.6,346.20000000000005
6578,71,8.6,298.2,289.59999999999997
6579,42,4.4,304.6,300.20000000000005
6580,27,9.4,155.4,146.0
6582,62,3.6,337.6,334.0
6584,36,4.4,166.6,162.2
6585,34,5.8,194.6,188.79999999999998
6586,9,12.2,126.4,114.2
6587,8,15.8,129.2,113.39999999999999
6588,31,6.2,170.0,163.8
6589,62,8.2,328.8,320.6
6590,88,3.8,334.2,330.4
6591,46,23.8,247.8,224.0
6592,21,12.2,141.6,129.4
6596,108,7.0,345.8,338.8
6597,62,0.6,336.2,335.59999999999997
6598,89,5.2,333.2,328.0
6599,55,2.8,296.2,293.4
6600,72,4.0,337.8,333.8
6601,33,0.0,145.4,145.4
6602,14,4.2,179.8,175.60000000000002
6603,75,12.0,345.0,333.0
6604,34,5.0,189.0,184.0
6605,64,8.6,321.2,312.59999999999997
6606,91,4.2,344.8,340.6
6608,81,4.8,327.0,322.2
6609,105,3.4,335.8,332.40000000000003
6610,65,1.2,221.8,220.60000000000002
6611,73,0.6,199.2,198.6
6613,20,9.6,317.6,308.0
6614,31,0.0,335.6,335.6
6615,20,1.4,73.4,72.0
6617,86,5.8,348.4,342.59999999999997
6618,70,5.6,325.4,319.79999999999995
6619,88,1.0,336.4,335.4
6620,71,0.0,304.2,304.2
6621,56,7.6,328.4,320.79999999999995
6623,10,8.8,154.4,145.6
6624,21,0.8,161.0,160.2
6626,121,1.4,331.2,329.8
6629,65,6.4,322.4,316.0
6630,5,4.6,144.6,140.0
6631,93,0.6,275.8,275.2
6632,11,4.8,142.4,137.6
6633,63,16.0,329.0,313.0
6634,41,6.6,296.6,290.0
6635,81,4.4,356.4,352.0
6636,19,5.6,207.8,202.20000000000002
6637,95,9.0,351.2,342.2
6639,12,13.8,158.8,145.0
6641,72,0.0,247.6,247.6
6642,6,0.2,106.6,106.39999999999999
6643,71,1.0,333.8,332.8
6645,32,2.2,133.8,131.60000000000002
6646,24,0.8,167.0,166.2
6647,103,3.6,351.0,347.4
6648,59,4.4,346.4,342.0
6650,74,4.0,333.6,329.6
6651,8,16.0,104.8,88.8
6652,9,22.6,226.0,203.4
6653,54,1.6,315.0,313.4
6655,65,5.0,348.6,343.6
6658,66,19.2,313.6,294.40000000000003
6659,73,0.6,321.4,320.79999999999995
6660,53,1.6,188.8,187.20000000000002
6662,66,6.8,341.6,334.8
6663,36,10.6,246.0,235.4
6665,19,4.6,143.0,138.4
6666,21,2.0,286.2,284.2
6668,33,4.8,168.8,164.0
6669,64,0.0,337.0,337.0
6670,32,9.8,294.4,284.59999999999997
6671,53,4.8,348.6,343.8
6672,17,4.4,147.6,143.2
6673,68,3.6,309.4,305.79999999999995
6674,48,4.6,251.4,246.8
6675,94,6.2,330.8,324.6
6677,81,5.2,334.4,329.2
6679,10,15.4,289.8,274.40000000000003
6680,19,9.2,347.0,337.8
6681,32,15.2,302.2,287.0
6682,27,0.0,299.4,299.4
6684,105,0.0,309.4,309.4
6685,26,0.0,140.0,140.0
6687,80,2.2,338.2,336.0
6688,49,2.0,335.4,333.4
6689,19,15.8,344.2,328.4
6690,9,12.6,275.2,262.59999999999997
6691,13,3.0,292.8,289.8
6692,60,4.6,326.0,321.4
6693,59,0.0,286.0,286.0
6694,58,27.6,353.6,326.0
6697,118,9.4,322.2,312.8
6698,62,5.0,329.8,324.8
6699,75,0.0,337.0,337.0
6700,97,4.2,338.8,334.6
6701,102,5.6,344.4,338.79999999999995
6702,18,1.6,141.8,140.20000000000002
6703,38,7.0,337.8,330.8
6704,60,2.6,285.6,283.0
6705,11,1.8,196.4,194.6
6706,100,6.6,323.0,316.4
6707,66,10.2,305.0,294.8
6708,93,6.4,328.4,322.0
6709,27,10.2,143.0,132.8
6711,52,4.8,254.8,250.0
6712,74,6.0,257.8,251.8
6713,17,0.8,204.4,203.6
6714,45,11.2,308.0,296.8
6715,95,5.0,336.6,331.6
6716,10,1.4,119.0,117.6
6717,11,16.0,170.0,154.0
6718,61,4.2,337.8,333.6
6719,45,7.8,230.4,222.6
6720,14,0.0,219.0,219.0
6723,8,1.8,129.4,127.60000000000001
6724,24,7.2,141.4,134.20000000000002
6725,22,3.6,247.8,244.20000000000002
6726,21,8.2,140.6,132.4
6727,22,6.8,131.4,124.60000000000001
6728,66,20.6,330.0,309.4
6729,66,4.2,349.4,345.2
6731,51,4.2,289.8,285.6
6732,9,0.2,129.6,129.4
6735,49,4.6,268.2,263.59999999999997
6736,8,2.8,113.2,110.4
6738,11,1.2,119.0,117.8
6740,72,4.8,332.8,328.0
6742,9,10.6,207.8,197.20000000000002
6746,30,2.4,139.6,137.2
6748,32,4.6,296.4,291.79999999999995
6750,36,6.8,210.8,204.0
6751,68,10.8,287.0,276.2
6752,7,30.4,141.0,110.6
6753,24,7.4,250.6,243.2
6754,36,1.0,209.2,208.2
6755,42,4.6,209.8,205.20000000000002
6759,23,4.8,261.0,256.2
6760,68,0.0,308.6,308.6
6761,68,10.2,288.2,278.0
6765,44,11.2,209.0,197.8
6766,12,25.4,252.0,226.6
6771,23,0.0,144.2,144.2
6772,32,37.8,215.0,177.2
6773,37,8.4,269.8,261.40000000000003
6775,81,5.8,336.4,330.59999999999997
6778,49,5.4,282.0,276.6
6780,53,4.6,291.8,287.2
6784,41,6.8,208.8,202.0
6785,41,1.4,215.4,214.0
6787,38,5.0,215.0,210.0
6788,83,9.2,336.0,326.8
6789,40,5.0,216.0,211.0
6792,6,2.2,76.8,74.6
6793,33,5.6,106.4,100.80000000000001
6794,45,5.6,306.2,300.59999999999997
6795,46,4.4,209.2,204.79999999999998
6796,24,0.0,219.6,219.6
6797,42,6.8,216.2,209.39999999999998
6798,7,9.8,119.0,109.2
6799,93,0.0,335.0,335.0
6800,15,0.6,292.8,292.2
6801,133,5.6,325.8,320.2
6803,22,4.6,142.0,137.4
6804,70,6.2,348.4,342.2
6805,70,5.6,346.6,341.0
6806,94,4.0,337.8,333.8
6808,59,10.6,264.2,253.6
6809,67,6.2,303.2,297.0
6810,28,6.4,144.0,137.6
6812,20,5.0,132.0,127.0
6813,25,1.6,143.8,142.20000000000002
6815,30,2.8,165.4,162.6
6817,25,6.0,141.8,135.8
6818,43,0.0,275.8,275.8
6819,69,6.4,320.6,314.20000000000005
6820,44,11.2,230.6,219.4
6821,23,6.2,131.0,124.8
6822,21,23.8,232.2,208.39999999999998
6823,15,1.4,280.0,278.6
6824,25,6.4,141.6,135.2
6825,48,6.4,263.8,257.40000000000003
6826,30,8.2,156.4,148.20000000000002
6828,65,6.4,346.6,340.20000000000005
6829,35,6.6,177.4,170.8
6831,69,5.6,281.0,275.4
6832,44,12.2,320.6,308.40000000000003
6833,14,13.6,181.0,167.4
6834,63,0.4,342.8,342.40000000000003
6835,23,4.4,231.0,226.6
6837,54,6.0,283.8,277.8
6838,58,18.8,333.4,314.59999999999997
6840,20,5.0,207.2,202.2
6842,46,6.2,210.0,203.8
6843,51,13.2,306.4,293.2
6844,31,5.6,134.6,129.0
6845,82,15.4,329.8,314.40000000000003
6846,31,9.2,198.6,189.4
6848,58,18.0,331.6,313.6
6852,98,4.8,334.2,329.4
6856,55,6.2,332.4,326.2
6857,6,15.4,141.0,125.6
6858,98,5.4,337.2,331.8
6859,29,4.2,208.2,204.0
6860,43,3.6,215.4,211.8
6861,13,7.4,128.8,121.4
6864,30,6.4,130.2,123.79999999999998
6866,49,5.4,293.0,287.6
6867,29,6.2,144.4,138.20000000000002
6869,45,5.6,322.8,317.2
6870,15,18.4,134.6,116.19999999999999
6873,53,7.8,304.2,296.4
6874,80,2.6,333.6,331.0
6875,78,5.2,333.4,328.2
6876,43,2.4,196.4,194.0
6877,13,20.8,180.4,159.6
6878,58,4.6,291.4,286.79999999999995
6879,51,6.6,338.0,331.4
6880,76,9.6,345.8,336.2
6883,69,6.0,321.6,315.6
6884,67,6.2,336.6,330.40000000000003
6885,58,4.8,327.8,323.0
6886,90,3.4,335.8,332.40000000000003
6887,68,4.8,326.2,321.4
6889,46,7.6,315.0,307.4
6890,43,32.8,278.0,245.2
6892,90,5.2,341.4,336.2
6894,55,4.8,275.6,270.8
6900,46,11.2,211.8,200.60000000000002
6901,65,0.2,199.2,199.0
6902,73,0.6,301.6,301.0
6903,47,6.4,330.4,324.0
6904,43,3.6,213.2,209.6
6905,75,11.4,347.0,335.6
6906,30,12.0,207.0,195.0
6907,62,24.8,316.2,291.4
6908,66,11.4,333.4,322.0
6909,5,10.2,140.6,130.4
6910,85,10.8,319.2,308.4
6911,7,20.4,118.2,97.80000000000001
6913,14,0.0,123.2,123.2
6915,73,6.4,334.0,327.6
6916,54,6.2,337.4,331.2
6917,66,4.8,335.6,330.8
6918,26,1.6,145.8,144.20000000000002
6922,53,7.0,306.4,299.4
6925,29,5.0,143.8,138.8
6926,40,5.6,251.8,246.20000000000002
6927,48,6.4,322.8,316.40000000000003
6928,86,1.4,342.6,341.20000000000005
6929,49,7.0,338.6,331.6
6931,86,5.2,316.2,311.0
6932,70,12.4,344.6,332.20000000000005
6934,113,2.4,323.0,320.6
6935,32,18.0,180.6,162.6
6936,60,4.2,320.6,316.40000000000003
6937,48,10.4,316.4,306.0
6939,107,7.2,333.4,326.2
6940,78,6.4,330.2,323.8
6941,33,6.8,139.4,132.6
6942,37,2.6,340.8,338.2
6943,88,18.0,321.6,303.6
6944,62,4.8,323.8,319.0
6945,18,6.8,206.4,199.6
6946,64,5.6,331.6,326.0
6947,71,4.2,292.6,288.40000000000003
6948,72,2.2,323.0,320.8
6949,135,0.0,342.0,342.0
6950,25,2.8,328.6,325.8
6952,60,5.8,287.2,281.4
6955,81,4.6,337.8,333.2
6956,12,5.6,94.6,89.0
6957,27,6.4,138.0,131.6
6958,68,4.4,335.8,331.40000000000003
6959,41,2.8,319.0,316.2
6960,47,2.0,129.2,127.19999999999999
6961,178,2.2,333.2,331.0
6962,56,6.6,273.4,266.79999999999995
6963,13,3.6,129.2,125.6
6964,66,7.0,285.0,278.0
6965,56,0.0,295.8,295.8
6966,63,5.8,332.6,326.8
6967,14,6.4,117.8,111.39999999999999
6968,55,1.6,337.8,336.2
6969,84,4.8,343.0,338.2
6971,29,9.6,139.0,129.4
6972,71,5.2,338.2,333.0
6973,90,4.0,291.8,287.8
6976,15,3.6,139.0,135.4
6977,95,7.4,326.2,318.8
6978,40,8.4,300.2,291.8
6979,67,6.8,321.4,314.59999999999997
6980,64,0.0,333.2,333.2
6981,35,1.4,299.2,297.8
6984,52,0.0,295.4,295.4
6985,37,17.8,299.2,281.4
6989,64,6.0,324.4,318.4
6990,71,4.2,314.4,310.2
6991,63,15.4,313.6,298.20000000000005
6992,10,13.2,134.0,120.8
6995,49,5.0,211.8,206.8
6998,43,2.8,213.0,210.2
6999,59,20.8,323.2,302.4
7000,50,11.0,331.8,320.8
7001,50,5.0,282.6,277.6
7002,32,1.4,310.4,309.0
7003,61,5.8,314.6,308.8
7005,24,13.6,142.0,128.4
7006,49,15.4,213.0,197.6
7008,53,5.2,336.0,330.8
7009,36,0.0,180.0,180.0
7010,51,0.4,195.4,195.0
7011,13,0.2,132.4,132.20000000000002
7013,54,10.2,325.8,315.6
7014,58,4.8,309.2,304.4
7017,25,4.8,141.0,136.2
7019,82,0.0,302.0,302.0
7020,15,7.8,143.2,135.39999999999998
7021,85,0.0,340.8,340.8
7022,50,0.0,326.8,326.8
7024,26,3.8,130.8,127.00000000000001
7027,15,3.0,143.6,140.6
7029,28,4.4,323.6,319.20000000000005
7030,68,9.8,330.0,320.2
7032,61,4.6,262.2,257.59999999999997
7033,59,3.6,285.2,281.59999999999997
7034,61,4.6,329.4,324.79999999999995
7037,63,4.4,286.0,281.6
7038,37,3.0,212.6,209.6
7040,87,5.2,334.4,329.2
7041,35,0.0,217.0,217.0
7042,84,3.4,295.8,292.40000000000003
7043,8,0.2,123.4,123.2
7044,75,0.0,331.8,331.8
7045,26,7.0,214.4,207.4
7047,109,1.4,334.6,333.20000000000005
7050,44,0.8,197.8,197.0
7051,28,21.2,134.4,113.2
7052,45,17.6,143.2,125.6
7053,59,1.6,271.8,270.2
7055,54,4.4,286.6,282.20000000000005
7056,76,3.0,326.6,323.6
7058,56,8.6,341.0,332.4
7059,15,3.6,137.4,133.8
7060,77,0.4,329.2,328.8
7061,106,4.8,320.4,315.59999999999997
7062,36,0.0,305.8,305.8
7064,26,1.6,210.4,208.8
7065,24,3.4,99.6,96.19999999999999
7067,58,0.0,275.2,275.2
7068,74,12.4,319.6,307.20000000000005
7069,18,3.6,138.6,135.0
7071,28,10.2,134.6,124.39999999999999
7073,53,2.2,331.6,329.40000000000003
7076,87,6.8,330.4,323.59999999999997
7077,29,12.6,298.2,285.59999999999997
7081,88,11.0,321.0,310.0
7082,26,6.0,142.4,136.4
7083,16,1.4,185.0,183.6
7085,52,0.0,332.4,332.4
7086,26,6.0,140.8,134.8
7087,59,8.2,312.4,304.2
7088,75,0.8,333.4,332.59999999999997
7090,47,102.2,315.4,213.2
7091,31,4.6,137.2,132.6
7092,10,1.0,124.2,123.2
7094,33,0.0,308.4,308.4
7097,12,3.6,129.0,125.4
7098,70,5.6,250.4,244.8
7100,20,15.6,210.0,194.4
7103,61,16.4,335.0,318.6
7105,27,5.8,139.4,133.6
7106,86,1.4,343.4,342.0
7108,39,4.8,331.6,326.8
7109,10,4.2,136.2,132.0
7111,52,4.8,240.0,235.2
7113,58,5.8,338.8,333.0
7116,32,0.0,254.0,254.0
7120,22,2.6,326.6,324.0
7121,71,1.8,311.0,309.2
7122,58,8.2,279.0,270.8
7123,68,7.4,310.6,303.20000000000005
7124,12,0.0,160.0,160.0
7125,34,4.4,324.4,320.0
7126,64,28.4,335.6,307.20000000000005
7127,67,0.6,244.4,243.8
7128,8,38.0,131.8,93.80000000000001
7130,20,1.4,125.4,124.0
7131,71,2.4,324.0,321.6
7132,19,4.2,141.4,137.20000000000002
7133,33,15.4,297.8,282.40000000000003
7134,63,5.8,269.4,263.59999999999997
7135,70,13.0,323.8,310.8
7137,117,0.6,340.8,340.2
7138,24,0.0,140.0,140.0
7139,47,4.4,339.4,335.0
7140,94,2.0,341.2,339.2
7141,17,48.8,171.6,122.8
7142,47,5.6,243.4,237.8
7143,9,136.4,202.6,66.19999999999999
7144,37,0.0,250.2,250.2
7145,60,6.4,343.8,337.40000000000003
7146,60,2.8,318.0,315.2
7147,11,11.0,130.4,119.4
7148,60,2.2,224.0,221.8
7149,44,0.0,339.4,339.4
7150,81,0.6,304.6,304.0
7152,42,0.0,205.0,205.0
7153,60,8.4,323.4,315.0
7154,73,8.4,340.6,332.20000000000005
7155,43,0.0,212.6,212.6
7156,76,13.0,316.0,303.0
7158,40,5.4,290.4,285.0
7159,71,8.2,326.0,317.8
7162,53,4.6,281.4,276.79999999999995
7164,14,11.8,133.2,121.39999999999999
7165,87,2.6,334.6,332.0
7167,88,1.0,305.4,304.4
7168,5,8.2,70.2,62.0
7169,40,21.8,196.4,174.6
7174,9,19.2,144.6,125.39999999999999
7175,18,11.4,139.0,127.6
7176,68,11.2,247.8,236.60000000000002
7177,75,6.0,316.8,310.8
7180,30,3.8,142.0,138.2
7181,69,4.8,315.8,311.0
7184,74,4.4,336.8,332.40000000000003
7185,77,4.6,305.4,300.79999999999995
7186,26,19.0,141.0,122.0
7187,33,9.8,317.6,307.8
7188,40,9.0,263.8,254.8
7192,67,3.6,324.4,320.79999999999995
7193,88,11.2,285.2,274.0
7194,81,4.8,324.4,319.59999999999997
7196,73,5.6,329.2,323.59999999999997
7197,47,0.0,338.4,338.4
7198,49,28.0,333.6,305.6
7199,74,15.8,344.0,328.2
7201,39,13.2,279.6,266.40000000000003
7202,57,10.4,316.4,306.0
7203,47,3.2,283.0,279.8
7204,47,5.4,313.0,307.6
7209,54,4.6,348.2,343.59999999999997
7211,83,5.6,335.0,329.4
7213,26,3.8,139.8,136.0
7214,88,2.8,314.4,311.59999999999997
7215,26,7.4,123.2,115.8
7216,35,7.6,207.0,199.4
7217,27,5.2,175.6,170.4
7218,41,21.2,262.4,241.2
7220,27,4.2,138.6,134.4
7221,26,2.6,137.8,135.20000000000002
7222,90,0.0,328.2,328.2
7226,85,5.4,314.2,308.8
7227,40,0.0,336.4,336.4
7229,13,22.2,140.6,118.39999999999999
7230,78,5.6,345.6,340.0
7231,24,6.4,289.6,283.20000000000005
7232,29,2.0,129.4,127.4
7233,77,4.4,338.4,334.0
7234,92,0.0,330.0,330.0
7235,90,0.4,330.6,330.20000000000005
7237,63,12.0,326.8,314.8
7240,102,2.0,300.6,298.6
7241,67,13.8,331.2,317.4
7242,69,3.8,337.0,333.2
7244,34,0.4,336.6,336.20000000000005
7246,24,4.4,124.4,120.0
7247,54,0.0,263.6,263.6
7248,80,0.2,317.0,316.8
7251,43,4.8,207.0,202.2
7252,66,12.2,324.4,312.2
7253,33,10.2,179.8,169.60000000000002
7255,31,0.2,204.0,203.8
7256,24,5.2,130.0,124.8
7258,23,6.0,314.8,308.8
7260,28,14.0,200.0,186.0
7264,29,1.2,274.4,273.2
7265,22,4.8,136.8,132.0
7266,98,0.0,332.0,332.0
7267,30,4.2,140.8,136.60000000000002
7268,37,1.4,316.8,315.40000000000003
7270,29,5.0,90.6,85.6
7271,50,10.0,304.6,294.6
7272,52,3.2,209.0,205.8
7274,64,7.8,308.2,300.4
7275,57,6.4,319.0,312.6
7281,65,8.4,332.0,323.6
7282,69,17.2,329.6,312.40000000000003
7283,39,5.8,193.0,187.2
7284,61,9.0,338.2,329.2
7285,32,0.0,150.2,150.2
7286,22,10.6,261.2,250.6
7287,34,10.0,130.6,120.6
7288,76,14.0,319.0,305.0
7289,57,7.2,295.8,288.6
7290,25,32.0,138.8,106.80000000000001
7291,23,4.6,176.4,171.8
7292,89,7.0,276.0,269.0
7293,70,4.8,315.0,310.2
7294,73,8.4,328.2,319.8
7295,82,8.8,332.6,323.8
7296,20,6.2,132.2,125.99999999999999
7297,52,21.2,301.6,280.40000000000003
7298,13,0.0,176.4,176.4
7299,41,13.2,209.8,196.60000000000002
7300,60,22.4,315.8,293.40000000000003
7301,24,10.6,210.6,200.0
7302,52,5.6,316.0,310.4
7303,9,4.2,118.4,114.2
7304,116,5.2,330.8,325.6
7305,72,6.4,316.6,310.20000000000005
7306,20,3.8,122.8,119.0
7307,62,6.2,337.0,330.8
7308,19,8.4,191.0,182.6
7310,23,10.2,124.6,114.39999999999999
7311,80,7.8,344.2,336.4
7312,49,3.8,267.0,263.2
7314,26,10.6,142.4,131.8
7315,94,0.0,337.2,337.2
7317,60,8.0,307.6,299.6
7318,63,6.0,336.0,330.0
7319,20,26.8,137.0,110.2
7320,27,4.6,143.8,139.20000000000002
7322,27,0.4,142.2,141.79999999999998
7323,54,6.8,303.0,296.2
7324,25,4.8,143.2,138.39999999999998
7327,30,5.0,142.4,137.4
7330,52,6.2,286.2,280.0
7331,50,0.0,275.4,275.4
7333,27,22.0,140.2,118.19999999999999
7335,16,0.0,133.6,133.6
7336,71,0.0,330.6,330.6
7337,32,1.8,309.2,307.4
7338,19,0.0,280.0,280.0
7340,47,9.4,215.2,205.79999999999998
7341,76,0.0,319.0,319.0
7343,44,4.8,214.2,209.39999999999998
7344,117,9.2,327.6,318.40000000000003
7347,8,0.2,137.0,136.8
7348,26,3.6,138.0,134.4
7349,8,42.2,89.6,47.39999999999999
7350,57,6.0,273.6,267.6
7351,34,3.4,193.2,189.79999999999998
7354,54,4.8,287.6,282.8
7356,39,14.6,208.4,193.8
7357,30,14.8,287.6,272.8
7358,21,1.2,204.6,203.4
7360,25,3.6,128.8,125.20000000000002
7362,17,5.4,87.4,82.0
7363,91,1.0,337.0,336.0
7364,28,7.0,140.2,133.2
7365,28,5.2,200.0,194.8
7366,66,2.6,327.8,325.2
7368,51,0.0,256.4,256.4
7371,64,21.2,338.0,316.8
7372,40,4.8,187.8,183.0
7374,66,18.6,331.2,312.59999999999997
7375,62,4.4,314.6,310.20000000000005
7376,59,4.6,326.2,321.59999999999997
7377,83,6.6,328.0,321.4
7378,54,6.2,317.2,311.0
7379,21,11.4,127.8,116.39999999999999
7380,44,4.6,202.6,198.0
7381,50,1.8,259.4,257.59999999999997
7382,74,5.2,316.0,310.8
7383,76,8.4,343.0,334.6
7384,29,1.0,141.0,140.0
7386,74,25.4,325.2,299.8
7387,52,6.2,291.4,285.2
7390,26,6.2,142.2,136.0
7391,29,2.0,159.6,157.6
7392,23,12.6,115.8,103.2
7393,43,6.4,202.4,196.0
7394,65,3.8,299.6,295.8
7395,70,0.0,306.0,306.0
7397,57,2.6,322.6,320.0
7398,54,14.4,319.2,304.8
7400,107,26.8,317.0,290.2
7401,28,5.6,137.4,131.8
7402,85,0.0,319.2,319.2
7405,13,6.0,135.8,129.8
7409,25,0.0,165.0,165.0
7412,16,4.6,255.0,250.4
7413,8,4.4,127.2,122.8
7414,81,0.2,298.2,298.0
7415,52,6.2,326.2,320.0
7416,72,5.2,338.8,333.6
7417,60,2.0,225.4,223.4
7418,12,0.8,139.8,139.0
7419,43,11.2,278.6,267.40000000000003
7420,13,4.8,134.2,129.39999999999998
7422,24,13.2,140.2,126.99999999999999
7423,33,16.4,290.8,274.40000000000003
7425,87,0.2,328.0,327.8
7426,25,5.0,124.0,119.0
7427,38,6.4,188.6,182.2
7428,52,4.4,269.8,265.40000000000003
7430,33,51.4,306.4,254.99999999999997
7432,80,0.2,287.0,286.8
7433,31,1.8,281.4,279.59999999999997
7435,71,10.6,335.8,325.2
7439,33,3.8,214.0,210.2
7440,122,4.8,332.4,327.59999999999997
7442,44,0.2,190.6,190.4
7443,29,4.4,144.4,140.0
7445,93,4.4,310.8,306.40000000000003
7446,59,1.6,279.4,277.79999999999995
7447,57,0.2,338.6,338.40000000000003
7448,10,0.0,118.4,118.4
7449,23,0.4,226.2,225.79999999999998
7452,22,4.4,132.6,128.2
7453,97,6.4,285.0,278.6
7454,77,13.0,322.0,309.0
7456,38,11.4,212.4,201.0
7457,18,5.4,125.6,120.19999999999999
7459,92,7.6,335.8,328.2
7460,55,4.4,311.0,306.6
7461,80,2.8,335.0,332.2
7462,84,5.4,341.6,336.20000000000005
7463,32,2.2,143.4,141.20000000000002
7464,59,0.6,291.2,290.59999999999997
7466,94,10.6,314.8,304.2
7467,26,10.4,259.8,249.4
7468,68,4.0,331.4,327.4
7469,37,4.6,181.6,177.0
7470,71,6.6,322.6,316.0
7472,52,5.8,319.2,313.4
7473,76,9.6,341.2,331.59999999999997
7474,30,5.4,155.0,149.6
7475,85,7.6,319.0,311.4
7477,26,12.4,133.8,121.4
7478,43,1.8,231.8,230.0
7479,29,9.6,145.0,135.4
7480,39,7.6,164.2,156.6
7481,19,2.4,197.2,194.79999999999998
7482,59,13.0,287.0,274.0
7483,86,4.2,296.0,291.8
7484,26,4.8,216.4,211.6
7485,22,9.8,286.8,277.0
7486,54,7.6,317.2,309.59999999999997
7487,28,23.4,252.4,229.0
7488,8,12.6,128.0,115.4
7489,45,5.0,213.6,208.6
7490,83,0.4,337.6,337.20000000000005
7491,26,0.0,328.0,328.0
7492,70,4.8,310.4,305.59999999999997
7493,58,5.6,343.6,338.0
7496,8,23.6,118.6,95.0
7497,87,16.0,337.6,321.6
7498,16,4.8,120.0,115.2
7500,19,44.2,213.4,169.2
7502,29,9.0,143.2,134.2
7503,83,10.8,329.6,318.8
7504,24,1.4,131.8,130.4
7505,30,8.8,142.0,133.2
7506,72,3.8,320.2,316.4
7507,10,16.2,179.4,163.20000000000002
7508,64,0.8,289.8,289.0
7509,27,0.0,140.6,140.6
7511,22,9.6,122.4,112.80000000000001
7512,76,0.0,323.6,323.6
7514,45,4.8,328.2,323.4
7515,12,0.6,129.6,129.0
7516,101,1.0,319.4,318.4
7518,90,5.0,326.0,321.0
7519,76,19.8,342.4,322.59999999999997
7520,40,4.4,211.2,206.79999999999998
7522,18,12.2,200.4,188.20000000000002
7523,90,11.2,320.8,309.6
7524,36,2.8,170.8,168.0
7525,33,2.8,179.4,176.6
7526,85,4.8,335.2,330.4
7528,58,2.6,338.8,336.2
7530,114,5.4,300.6,295.20000000000005
7533,42,5.6,201.8,196.20000000000002
7534,74,8.2,325.8,317.6
7535,5,12.0,111.4,99.4
7536,30,5.6,146.0,140.4
7538,60,8.0,333.2,325.2
7540,21,0.0,179.8,179.8
7541,31,6.0,141.4,135.4
7542,63,5.6,321.0,315.4
7544,27,5.6,143.4,137.8
7547,59,6.2,317.8,311.6
7549,39,8.6,172.0,163.4
7550,25,5.4,121.8,116.39999999999999
7552,89,0.0,329.6,329.6
7554,26,60.8,294.4,233.59999999999997
7557,26,10.6,181.2,170.6
7558,65,12.4,301.0,288.6
7559,102,4.8,332.4,327.59999999999997
7560,18,4.0,79.2,75.2
7561,68,5.4,331.2,325.8
7562,80,2.8,311.2,308.4
7563,57,14.0,293.8,279.8
7564,48,14.0,314.8,300.8
7565,49,61.0,282.4,221.39999999999998
7566,17,59.0,136.6,77.6
7567,65,4.4,328.0,323.6
7568,103,3.8,293.8,290.0
7569,63,4.8,323.2,318.4
7570,60,9.6,317.8,308.2
7571,30,0.0,274.4,274.4
7574,113,2.4,326.4,324.0
7576,46,17.2,307.0,289.8
7577,21,5.6,117.2,111.60000000000001
7578,29,10.2,178.2,168.0
7579,77,0.4,288.6,288.20000000000005
7580,39,3.8,322.2,318.4
7581,42,3.0,217.2,214.2
7582,24,4.8,208.8,204.0
7585,53,8.0,287.0,279.0
7586,25,5.8,128.6,122.8
7588,11,15.2,113.4,98.2
7590,51,0.0,309.0,309.0
7591,69,3.4,332.2,328.8
7592,66,4.8,319.8,315.0
7594,28,5.4,135.0,129.6
7596,52,61.8,275.6,213.8
7598,18,2.4,173.6,171.2
7599,32,4.2,278.6,274.40000000000003
7600,57,59.6,289.6,230.00000000000003
7601,41,4.8,323.0,318.2
7602,64,26.0,286.8,260.8
7603,62,1.2,314.8,313.6
7605,12,11.8,145.2,133.39999999999998
7607,85,22.4,330.6,308.20000000000005
7608,81,4.4,343.2,338.8
7609,16,10.6,124.6,114.0
7612,39,15.2,320.6,305.40000000000003
7613,35,2.2,317.4,315.2
7614,42,0.0,183.0,183.0
7616,27,0.2,142.8,142.60000000000002
7618,50,18.2,291.2,273.0
7619,90,6.2,329.0,322.8
7620,29,2.2,137.6,135.4
7621,24,0.0,115.6,115.6
7622,77,5.4,327.4,322.0
7623,26,4.0,255.6,251.6
7625,28,5.2,307.6,302.40000000000003
7626,40,5.6,213.6,208.0
7629,37,0.0,249.2,249.2
7630,50,1.4,226.6,225.2
7633,102,5.4,315.2,309.8
7634,72,3.8,331.8,328.0
7636,89,7.2,317.6,310.40000000000003
7637,53,0.0,314.8,314.8
7639,9,19.6,125.2,105.6
7642,36,31.4,308.6,277.20000000000005
7643,47,7.6,316.4,308.79999999999995
7644,64,7.4,321.6,314.20000000000005
7647,21,5.4,119.6,114.19999999999999
7649,66,10.0,319.0,309.0
7650,82,1.2,335.8,334.6
7651,24,0.0,173.2,173.2
7652,69,0.8,306.0,305.2
7655,43,7.4,237.6,230.2
7656,19,60.6,139.8,79.20000000000002
7657,53,4.2,286.2,282.0
7659,94,5.2,327.8,322.6
7662,86,4.8,321.2,316.4
7665,23,46.4,259.8,213.4
7666,23,4.8,127.4,122.60000000000001
7667,57,4.6,277.6,273.0
7668,28,4.8,125.4,120.60000000000001
7669,35,0.0,283.0,283.0
7670,57,10.6,321.0,310.4
7671,52,3.4,273.4,270.0
7673,41,0.4,187.2,186.79999999999998
7676,25,0.0,132.8,132.8
7679,89,6.4,320.8,314.40000000000003
7680,25,9.4,142.6,133.2
7681,78,16.2,334.6,318.40000000000003
7682,29,5.2,141.4,136.20000000000002
7684,100,4.2,287.0,282.8
7686,63,5.0,286.2,281.2
7688,23,5.8,127.4,121.60000000000001
7689,19,0.0,291.0,291.0
7690,25,8.4,123.0,114.6
7691,39,91.2,277.2,186.0
7693,25,5.0,131.8,126.80000000000001
7694,80,7.2,326.6,319.40000000000003
7695,13,0.0,214.4,214.4
7696,76,20.2,325.0,304.8
7698,28,0.0,265.8,265.8
7699,10,8.0,133.2,125.19999999999999
7701,51,61.0,273.6,212.60000000000002
7703,22,9.6,113.0,103.4
7705,27,9.6,132.8,123.20000000000002
7707,34,9.4,205.4,196.0
7709,23,5.2,126.4,121.2
7710,36,8.8,197.8,189.0
7711,76,12.2,335.6,323.40000000000003
7713,28,5.2,139.8,134.60000000000002
7714,39,10.0,206.6,196.6
7716,61,3.6,303.2,299.59999999999997
7717,95,8.8,316.2,307.4
7718,52,6.4,269.4,263.0
7719,11,18.4,127.6,109.19999999999999
7721,68,2.2,317.4,315.2
7722,82,1.8,325.0,323.2
7723,24,7.0,136.4,129.4
7724,46,56.4,269.8,213.4
7725,19,34.2,172.0,137.8
7726,28,0.0,129.4,129.4
7727,90,0.6,324.2,323.59999999999997
7728,71,10.8,336.4,325.59999999999997
7729,38,4.8,281.6,276.8
7730,45,6.2,233.4,227.20000000000002
7731,28,5.8,144.8,139.0
7733,49,62.8,283.8,221.0
7734,81,4.6,321.8,317.2
7735,20,3.8,139.0,135.2
7736,32,15.0,277.8,262.8
7738,79,10.4,275.0,264.6
7739,34,6.0,296.8,290.8
7740,42,4.8,206.2,201.39999999999998
7743,98,7.4,316.2,308.8
7745,57,4.8,287.8,283.0
7747,82,6.8,322.6,315.8
7748,10,8.8,141.8,133.0
7750,91,13.2,321.6,308.40000000000003
7751,95,1.2,337.2,336.0
7752,25,62.6,180.2,117.6
7753,23,24.6,142.0,117.4
7756,36,14.8,304.4,289.59999999999997
7757,68,20.6,254.4,233.8
7758,55,4.2,250.2,246.0
7759,24,5.0,126.8,121.8
7760,52,4.6,274.6,270.0
7761,24,2.2,226.2,224.0
7765,61,0.0,246.8,246.8
7767,25,21.0,285.2,264.2
7768,87,8.4,326.0,317.6
7770,89,6.8,318.6,311.8
7773,35,9.4,271.0,261.6
7774,21,61.6,144.2,82.6
7776,28,4.0,134.0,130.0
7777,55,5.8,277.4,271.59999999999997
7778,72,3.2,274.4,271.2
7779,37,9.4,212.2,202.79999999999998
7781,39,4.2,208.2,204.0
7782,81,1.2,310.2,309.0
7783,25,5.6,144.2,138.6
7784,11,46.4,138.6,92.19999999999999
7785,87,0.0,294.2,294.2
7786,92,5.6,333.8,328.2
7787,36,5.6,169.6,164.0
7788,60,0.0,292.8,292.8
7789,71,13.6,293.6,280.0
7790,41,3.4,232.6,229.2
7791,65,7.8,318.0,310.2
7792,49,5.0,212.8,207.8
7793,48,2.2,220.6,218.4
7794,45,20.2,307.8,287.6
7795,70,8.0,243.0,235.0
7796,101,3.2,332.4,329.2
7798,42,5.6,215.0,209.4
7801,42,16.0,307.6,291.6
7803,17,16.0,180.6,164.6
7804,39,0.0,137.8,137.8
7805,76,2.6,317.2,314.59999999999997
7810,60,8.6,327.6,319.0
7813,77,8.4,314.8,306.40000000000003
7815,82,5.6,335.8,330.2
7816,73,8.0,334.6,326.6
7817,89,10.0,285.2,275.2
7818,48,4.6,257.2,252.6
7819,65,8.8,319.4,310.59999999999997
7820,70,10.0,334.8,324.8
7821,69,5.6,310.8,305.2
7822,26,6.6,141.4,134.8
7824,26,1.4,143.2,141.79999999999998
7825,30,15.4,186.2,170.79999999999998
7826,47,16.8,225.4,208.6
7827,65,10.8,305.0,294.2
7829,75,8.6,312.0,303.4
7830,71,2.8,287.8,285.0
7831,77,0.0,294.2,294.2
7833,70,3.6,304.6,301.0
7834,63,8.8,322.0,313.2
7835,50,0.0,332.4,332.4
7838,16,10.8,130.6,119.8
7839,8,7.6,121.6,114.0
7840,10,15.8,122.2,106.4
7842,13,8.6,168.0,159.4
7843,40,3.4,209.4,206.0
7845,87,0.8,330.8,330.0
7847,10,9.0,143.4,134.4
7848,34,15.8,155.0,139.2
7849,66,5.4,307.4,302.0
7853,43,4.8,209.2,204.39999999999998
7854,107,4.8,281.8,277.0
7855,99,13.8,324.0,310.2
7856,48,6.2,222.2,216.0
7859,41,5.6,217.6,212.0
7861,41,5.4,327.6,322.20000000000005
7862,87,5.2,340.0,334.8
7863,78,0.0,287.8,287.8
7864,46,8.4,312.0,303.6
7865,46,9.0,307.2,298.2
7866,60,0.0,323.6,323.6
7867,158,0.0,316.4,316.4
7868,83,0.2,320.4,320.2
7869,57,1.6,248.2,246.6
7870,27,4.6,292.4,287.79999999999995
7871,11,0.2,142.8,142.60000000000002
7872,75,0.0,311.2,311.2
7878,88,4.2,323.0,318.8
7881,69,15.0,323.2,308.2
7882,21,14.2,185.4,171.20000000000002
7883,58,0.8,299.6,298.8
7885,91,2.0,331.6,329.6
7886,74,13.2,308.6,295.40000000000003
7887,9,0.0,208.4,208.4
7888,80,7.6,331.2,323.59999999999997
7889,28,5.4,145.0,139.6
7890,32,0.0,288.0,288.0
7891,67,1.2,177.8,176.60000000000002
7892,36,9.2,187.2,178.0
7893,48,9.2,266.2,257.0
7894,37,9.8,200.4,190.6
7895,37,0.8,213.6,212.79999999999998
7898,24,14.8,135.4,120.60000000000001
7900,5,22.2,106.8,84.6
7901,25,6.8,141.4,134.6
7902,74,0.0,320.8,320.8
7904,64,6.8,321.8,315.0
7905,110,4.8,291.0,286.2
7906,26,5.6,140.4,134.8
7907,42,4.8,207.4,202.6
7908,23,15.2,124.8,109.6
7910,77,3.6,309.4,305.79999999999995
7912,23,5.8,141.2,135.39999999999998
7914,42,6.2,271.6,265.40000000000003
7915,76,5.4,330.2,324.8
7916,51,12.6,254.6,242.0
7917,64,9.2,287.6,278.40000000000003
7918,71,9.2,314.2,305.0
7920,37,4.4,214.8,210.4
7921,79,3.0,337.0,334.0
7924,56,7.0,283.0,276.0
7925,73,4.8,323.4,318.59999999999997
7926,22,7.0,130.0,123.0
7927,50,6.2,230.4,224.20000000000002
7930,44,8.0,218.2,210.2
7932,7,2.0,129.6,127.6
7935,82,4.8,325.8,321.0
7936,46,6.8,236.4,229.6
7937,71,12.4,308.6,296.20000000000005
7938,77,1.4,331.4,330.0
7939,40,4.4,200.2,195.79999999999998
7940,98,5.4,333.6,328.20000000000005
7941,91,0.2,291.6,291.40000000000003
7942,75,13.4,327.2,313.8
7943,79,2.4,322.0,319.6
7944,77,3.0,303.8,300.8
7945,63,0.6,320.6,320.0
7948,37,20.4,313.0,292.6
7950,67,8.0,289.6,281.6
7951,38,4.8,138.2,133.39999999999998
7952,72,6.6,299.6,293.0
7953,57,3.6,246.8,243.20000000000002
7954,37,14.2,318.8,304.6
7956,93,4.2,314.6,310.40000000000003
7957,67,4.6,291.8,287.2
7958,6,7.6,75.4,67.80000000000001
7959,51,4.0,296.0,292.0
7960,9,2.0,273.6,271.6
7961,111,6.8,305.2,298.4
7962,82,3.8,320.4,316.59999999999997
7963,80,5.4,334.0,328.6
7965,37,10.0,165.2,155.2
7966,68,10.8,322.0,311.2
7967,86,2.6,330.6,328.0
7968,51,4.6,153.2,148.6
7969,67,12.2,277.0,264.8
7972,54,9.8,318.8,309.0
7973,34,4.2,198.8,194.60000000000002
7974,16,24.0,268.0,244.0
7975,66,3.8,329.8,326.0
7976,142,4.0,316.4,312.4
7977,34,0.0,168.2,168.2
7980,60,36.6,303.0,266.4
7982,37,5.0,170.4,165.4
7984,67,25.2,315.6,290.40000000000003
7985,31,34.8,288.4,253.59999999999997
7986,21,9.4,160.4,151.0
7987,60,10.0,301.2,291.2
7989,24,15.2,139.8,124.60000000000001
7990,27,16.6,130.0,113.4
7991,65,4.6,305.4,300.79999999999995
7992,55,4.6,303.0,298.4
7994,123,1.4,303.6,302.20000000000005
7995,90,5.4,327.4,322.0
7996,48,4.8,324.0,319.2
7997,49,1.0,298.8,297.8
7998,18,10.0,187.4,177.4
7999,26,4.8,163.2,158.39999999999998
8000,67,4.2,334.8,330.6
8002,102,5.6,330.4,324.79999999999995
8004,28,6.2,166.8,160.60000000000002
8006,73,12.0,312.0,300.0
8007,83,12.0,324.4,312.4
8011,81,1.0,326.2,325.2
8012,28,0.8,145.6,144.79999999999998
8013,35,7.4,289.8,282.40000000000003
8014,60,6.2,287.4,281.2
8015,46,1.6,176.8,175.20000000000002
8019,26,9.8,244.4,234.6
8020,82,7.8,323.0,315.2
8021,67,4.0,303.2,299.2
8025,115,1.2,323.4,322.2
8026,72,5.0,311.8,306.8
8028,58,8.0,281.6,273.6
8029,18,15.2,133.8,118.60000000000001
8030,20,20.4,205.0,184.6
8031,19,17.8,310.4,292.59999999999997
8032,32,1.2,309.8,308.6
8036,80,19.0,320.0,301.0
8038,86,1.2,328.6,327.40000000000003
8040,16,17.2,143.4,126.2
8042,34,15.4,201.0,185.6
8043,25,0.0,314.4,314.4
8044,79,10.2,332.8,322.6
8045,12,11.4,134.6,123.19999999999999
8046,83,0.2,329.6,329.40000000000003
8047,70,8.0,321.6,313.6
8048,25,0.8,129.6,128.79999999999998
8049,116,10.8,328.6,317.8
8051,18,44.8,176.6,131.8
8052,48,4.8,216.8,212.0
8057,61,14.0,309.0,295.0
8058,23,0.2,324.6,324.40000000000003
8064,15,37.8,306.6,268.8
8066,68,4.8,304.0,299.2
8067,96,10.8,309.4,298.59999999999997
8069,13,1.8,165.6,163.79999999999998
8070,72,6.6,309.4,302.79999999999995
8071,90,6.4,320.2,313.8
8072,75,1.4,321.0,319.6
8073,73,6.8,323.0,316.2
8074,54,4.8,313.2,308.4
8076,72,13.8,307.8,294.0
8077,65,4.0,319.8,315.8
8078,9,61.6,141.8,80.20000000000002
8079,25,5.0,134.4,129.4
8080,23,5.2,132.8,127.60000000000001
8081,22,4.4,123.2,118.8
8084,77,6.8,325.0,318.2
8088,70,5.6,315.0,309.4
8089,26,4.8,135.6,130.79999999999998
8090,44,10.8,233.0,222.2
8091,10,7.4,133.8,126.4
8092,90,0.8,295.0,294.2
8093,11,25.8,226.2,200.39999999999998
8094,77,14.4,334.8,320.40000000000003
8095,51,3.8,291.2,287.4
8096,75,11.0,322.0,311.0
8097,44,4.8,211.0,206.2
8098,74,6.8,318.8,312.0
8099,50,7.2,251.0,243.8
8100,24,0.0,144.6,144.6
8101,49,50.4,305.6,255.20000000000002
8102,60,7.0,308.2,301.2
8103,58,14.2,305.2,291.0
8104,60,2.2,320.2,318.0
8105,67,4.8,320.0,315.2
8106,38,9.0,203.0,194.0
8107,7,21.2,234.4,213.20000000000002
8109,77,4.4,323.8,319.40000000000003
8110,46,6.6,215.4,208.8
8111,75,8.0,315.6,307.6
8112,46,5.2,206.4,201.20000000000002
8115,30,5.6,139.6,134.0
8117,72,3.0,199.8,196.8
8119,29,8.4,172.0,163.6
8121,72,4.8,304.8,300.0
8122,50,3.0,211.8,208.8
8123,75,4.8,318.2,313.4
8124,45,1.2,330.2,329.0
8125,20,4.8,139.8,135.0
8126,54,4.6,224.0,219.4
8127,28,3.2,138.6,135.4
8128,22,9.8,304.8,295.0
8129,62,1.0,321.6,320.6
8130,25,1.6,216.2,214.6
8132,64,30.6,294.2,263.59999999999997
8133,34,5.4,158.0,152.6
8134,51,7.2,229.4,222.20000000000002
8137,26,9.6,306.4,296.79999999999995
8140,25,11.6,126.8,115.2
8142,27,2.2,134.6,132.4
8143,27,4.8,134.6,129.79999999999998
8145,20,12.6,304.0,291.4
8146,37,4.4,313.6,309.20000000000005
8147,17,5.2,147.0,141.8
8148,95,0.4,296.8,296.40000000000003
8149,58,4.8,294.8,290.0
8150,10,9.2,123.6,114.39999999999999
8152,67,5.4,323.0,317.6
8153,24,12.4,134.2,121.79999999999998
8154,30,5.8,192.8,187.0
8157,16,12.2,131.4,119.2
8159,5,35.4,174.2,138.79999999999998
8160,62,9.0,298.0,289.0
8161,78,5.4,298.0,292.6
8162,33,91.4,220.2,128.79999999999998
8163,54,9.6,294.8,285.2
8164,53,6.6,192.6,186.0
8165,87,5.4,327.2,321.8
8168,62,4.8,292.0,287.2
8170,10,8.2,132.2,123.99999999999999
8171,75,4.8,297.8,293.0
8172,54,6.2,208.0,201.8
8173,34,15.4,173.0,157.6
8174,84,0.8,321.2,320.4
8175,75,5.6,308.2,302.59999999999997
8176,38,0.0,280.2,280.2
8177,72,4.6,329.0,324.4
8178,53,8.4,242.2,233.79999999999998
8180,68,4.8,303.4,298.59999999999997
8181,29,6.8,261.6,254.8
8182,84,1.0,289.6,288.6
8184,20,4.6,299.8,295.2
8185,44,2.2,284.2,282.0
8187,28,2.8,123.2,120.4
8188,28,6.0,195.6,189.6
8189,26,0.0,278.8,278.8
8190,23,11.6,216.4,204.8
8191,22,0.2,247.6,247.4
8192,59,25.2,293.2,268.0
8194,94,0.0,290.6,290.6
8196,18,13.8,308.4,294.59999999999997
8198,63,9.4,319.6,310.20000000000005
8199,8,6.8,139.2,132.39999999999998
8200,29,13.0,287.2,274.2
8203,55,5.0,279.4,274.4
8206,31,0.0,304.8,304.8
8207,51,29.4,324.8,295.40000000000003
8208,60,7.2,302.0,294.8
8209,24,21.6,139.0,117.4
8210,80,12.2,309.6,297.40000000000003
8212,83,0.6,311.0,310.4
8213,64,1.8,284.4,282.59999999999997
8214,33,12.2,203.4,191.20000000000002
8215,28,10.8,271.4,260.59999999999997
8216,64,4.8,300.0,295.2
8217,60,0.0,298.4,298.4
8218,94,3.0,322.2,319.2
8219,36,2.2,317.4,315.2
8222,45,4.6,160.8,156.20000000000002
8223,75,2.6,290.0,287.4
8224,23,10.4,121.8,111.39999999999999
8225,78,6.8,310.8,304.0
8226,54,6.4,319.0,312.6
8228,41,0.8,305.8,305.0
8231,12,2.8,142.8,140.0
8232,33,4.6,137.2,132.6
8234,40,3.8,157.0,153.2
8236,74,7.4,310.8,303.40000000000003
8237,76,6.6,328.6,322.0
8240,7,55.4,135.4,80.0
8243,73,5.8,321.6,315.8
8244,46,20.2,310.0,289.8
8245,44,1.4,197.4,196.0
8246,18,4.6,127.6,123.0
8248,81,3.2,321.4,318.2
8249,16,19.4,190.2,170.79999999999998
8251,74,4.4,298.2,293.8
8253,34,8.6,254.0,245.4
8254,64,3.8,322.0,318.2
8255,45,0.6,213.2,212.6
8256,67,7.6,319.0,311.4
8257,16,7.8,175.6,167.79999999999998
8258,89,12.8,288.2,275.4
8259,12,18.6,137.0,118.4
8260,11,1.8,139.2,137.39999999999998
8261,12,0.0,115.8,115.8
8262,27,37.4,247.4,210.0
8263,31,6.8,285.2,278.4
8264,62,8.4,278.6,270.20000000000005
8265,49,4.2,304.2,300.0
8268,73,5.4,314.6,309.20000000000005
8269,40,10.6,200.0,189.4
8273,96,4.4,329.8,325.40000000000003
8274,59,4.8,298.4,293.59999999999997
8275,33,25.6,312.2,286.59999999999997
8276,11,0.0,146.0,146.0
8280,17,20.8,217.2,196.39999999999998
8281,7,18.0,156.8,138.8
8282,12,14.6,121.2,106.60000000000001
8283,23,11.6,284.6,273.0
8284,60,4.0,313.6,309.6
8285,37,0.0,306.0,306.0
8286,32,0.2,267.6,267.40000000000003
8287,36,14.2,294.4,280.2
8288,16,12.8,138.6,125.8
8289,7,0.0,107.2,107.2
8292,59,6.6,299.4,292.79999999999995
8296,68,0.0,303.0,303.0
8297,21,1.2,100.0,98.8
8299,58,7.2,301.0,293.8
8301,53,13.0,317.4,304.4
8302,21,0.0,138.8,138.8
8303,14,24.0,158.0,134.0
8304,13,32.4,213.2,180.79999999999998
8305,14,0.2,183.6,183.4
8308,20,10.8,287.6,276.8
8309,5,10.4,85.4,75.0
8310,56,0.2,296.0,295.8
8312,32,10.2,308.0,297.8
8314,83,3.2,310.0,306.8
8316,76,3.4,329.8,326.40000000000003
8320,72,1.2,309.8,308.6
8321,17,0.0,126.0,126.0
8324,19,0.0,192.2,192.2
8325,73,4.6,327.6,323.0
8327,74,0.6,312.2,311.59999999999997
8328,28,11.2,316.2,305.0
8329,51,2.8,315.0,312.2
8330,26,1.2,142.6,141.4
8331,47,11.6,242.8,231.20000000000002
8332,23,0.0,248.8,248.8
8335,62,10.8,249.6,238.79999999999998
8337,74,7.8,320.2,312.4
8339,13,0.0,142.8,142.8
8340,42,7.6,261.8,254.20000000000002
8341,66,6.2,306.6,300.40000000000003
8343,47,4.0,213.0,209.0
8344,52,0.8,216.6,215.79999999999998
8345,8,68.4,125.0,56.599999999999994
8346,50,10.4,242.0,231.6
8347,69,10.0,299.8,289.8
8348,94,4.0,322.0,318.0
8349,62,8.6,247.4,238.8
8351,36,58.0,228.0,170.0
8353,19,0.0,214.6,214.6
8354,30,0.0,275.6,275.6
8355,71,3.4,311.2,307.8
8356,29,18.8,280.2,261.4
8362,48,2.0,163.4,161.4
8366,6,17.0,155.6,138.6
8367,12,6.4,136.2,129.79999999999998
8368,75,3.4,323.2,319.8
8369,51,16.2,312.4,296.2
8371,15,20.2,139.0,118.8
8372,53,1.0,210.6,209.6
8373,76,4.2,308.4,304.2
8374,39,4.4,316.2,311.8
8375,65,1.8,305.2,303.4
8376,61,9.2,285.8,276.6
8377,62,2.0,319.8,317.8
8378,55,1.4,316.4,315.0
8379,9,37.6,201.4,163.8
8380,44,2.6,294.0,291.4
8384,45,12.2,238.4,226.20000000000002
8385,48,2.6,243.8,241.20000000000002
8386,105,3.4,308.0,304.6
8388,14,9.8,275.0,265.2
8390,57,17.4,282.8,265.40000000000003
8393,74,2.0,317.0,315.0
8394,68,2.2,310.2,308.0
8395,63,24.0,285.8,261.8
8396,11,24.0,125.2,101.2
8397,19,25.6,280.0,254.4
8399,5,54.4,102.0,47.6
8400,8,30.8,144.4,113.60000000000001
8402,79,8.4,329.6,321.20000000000005
8403,17,8.4,144.4,136.0
8404,72,6.8,313.2,306.4
8405,61,6.4,306.2,299.8
8407,11,26.2,163.4,137.20000000000002
8408,45,4.6,206.2,201.6
8409,63,3.4,303.8,300.40000000000003
8412,32,12.6,139.8,127.20000000000002
8416,41,6.8,162.8,156.0
8421,27,3.4,139.8,136.4
8422,10,10.6,95.2,84.60000000000001
8424,15,19.6,191.8,172.20000000000002
8425,14,8.4,161.0,152.6
8426,53,4.6,245.0,240.4
8427,62,5.4,301.6,296.20000000000005
8428,29,7.4,268.6,261.20000000000005
8429,19,3.6,168.4,164.8
8430,46,3.4,220.8,217.4
8433,10,16.4,156.2,139.79999999999998
8435,21,14.4,128.0,113.6
8436,39,5.6,206.4,200.8
8437,15,27.2,145.4,118.2
8438,64,0.8,292.6,291.8
8439,63,21.4,302.2,280.8
8442,23,0.8,131.8,131.0
8443,82,4.2,309.0,304.8
8445,28,2.0,152.0,150.0
8446,37,2.2,327.4,325.2
8447,77,0.8,289.2,288.4
8449,90,9.8,303.4,293.59999999999997
8450,17,21.6,169.2,147.6
8451,48,5.4,290.0,284.6
8452,13,9.8,156.6,146.79999999999998
8454,81,1.2,320.8,319.6
8455,77,6.8,322.2,315.4
8456,71,11.2,318.6,307.40000000000003
8457,40,5.0,212.0,207.0
8458,17,8.6,184.2,175.6
8460,63,3.8,302.4,298.59999999999997
8461,61,2.6,321.8,319.2
8462,79,0.0,308.2,308.2
8464,69,4.4,304.2,299.8
8465,9,6.8,164.6,157.79999999999998
8467,33,4.8,141.4,136.6
8468,55,4.2,241.0,236.8
8469,77,4.6,314.4,309.79999999999995
8472,30,0.2,320.4,320.2
8473,44,4.2,214.0,209.8
8475,105,3.0,318.8,315.8
8476,57,7.8,257.2,249.39999999999998
8479,34,45.2,316.0,270.8
8482,34,4.6,167.6,163.0
8483,85,5.6,291.0,285.4
8484,11,0.0,211.8,211.8
8485,78,3.0,315.4,312.4
8486,86,19.8,319.0,299.2
8488,78,0.6,303.8,303.2
8489,54,0.0,200.6,200.6
8490,86,6.6,298.4,291.79999999999995
8494,62,7.0,287.0,280.0
8495,10,13.2,137.6,124.39999999999999
8496,76,0.6,322.0,321.4
8498,74,0.4,325.2,324.8
8499,28,9.4,207.6,198.2
8500,7,17.6,131.8,114.20000000000002
8502,54,5.6,294.6,289.0
8503,73,4.8,319.8,315.0
8504,62,4.8,299.0,294.2
8505,89,1.6,316.6,315.0
8506,50,5.2,312.0,306.8
8507,93,12.6,312.4,299.79999999999995
8508,6,29.8,130.2,100.39999999999999
8509,8,27.0,126.2,99.2
8511,63,3.4,303.0,299.6
8514,13,17.0,133.2,116.19999999999999
8515,16,48.4,136.8,88.4
8517,45,0.8,254.2,253.39999999999998
8518,8,34.2,140.4,106.2
8519,14,20.2,200.8,180.60000000000002
8520,84,3.4,311.2,307.8
8521,53,0.6,301.2,300.59999999999997
8522,8,21.4,137.6,116.19999999999999
8523,46,3.8,213.4,209.6
8524,69,2.0,320.2,318.2
8525,38,4.2,247.0,242.8
8526,20,13.8,232.4,218.6
8527,30,5.4,141.4,136.0
8528,12,7.8,120.6,112.8
8529,45,0.0,327.4,327.4
8530,7,2.6,121.6,119.0
8531,59,12.8,323.0,310.2
8532,26,0.4,249.2,248.79999999999998
8533,11,19.6,135.8,116.20000000000002
8534,25,10.0,296.8,286.8
8535,27,3.0,257.0,254.0
8536,23,12.4,142.4,130.0
8537,27,6.8,140.2,133.39999999999998
8538,71,10.6,314.4,303.79999999999995
8540,43,1.2,318.8,317.6
8542,67,0.0,318.6,318.6
8543,41,1.6,249.8,248.20000000000002
8544,41,11.4,301.0,289.6
8545,29,8.6,161.2,152.6
8547,47,19.0,203.8,184.8
8548,32,21.2,302.4,281.2
8549,31,0.0,181.2,181.2
8550,37,0.0,172.8,172.8
8551,113,3.4,283.0,279.6
8552,76,9.6,321.2,311.59999999999997
8554,42,12.8,213.0,200.2
8555,32,24.2,295.6,271.40000000000003
8556,62,1.6,272.6,271.0
8559,23,19.4,131.6,112.19999999999999
8560,53,1.0,279.6,278.6
8563,35,17.4,253.6,236.2
8564,19,14.4,193.8,179.4
8565,36,5.0,217.0,212.0
8567,42,11.2,316.4,305.2
8569,37,15.2,320.6,305.40000000000003
8572,23,13.4,142.8,129.4
8573,48,1.4,238.6,237.2
8574,62,6.6,285.6,279.0
8575,74,1.0,316.0,315.0
8576,19,3.6,106.8,103.2
8577,36,10.2,310.8,300.6
8579,60,6.6,300.6,294.0
8580,17,12.4,139.8,127.4
8581,10,9.6,149.6,140.0
8582,44,0.0,315.6,315.6
8584,59,4.6,296.8,292.2
8585,41,17.0,308.4,291.4
8586,56,8.6,294.8,286.2
8588,59,0.0,290.8,290.8
8589,71,27.0,308.8,281.8
8590,14,5.4,168.0,162.6
8592,24,3.6,106.4,102.80000000000001
8596,23,18.2,162.8,144.60000000000002
8597,5,5.0,107.6,102.6
8598,30,11.8,302.6,290.8
8599,54,15.2,311.8,296.6
8601,40,2.2,293.8,291.6
8602,30,0.6,291.0,290.4
8603,49,8.6,241.6,233.0
8605,89,0.4,266.4,266.0
8606,32,16.2,277.6,261.40000000000003
8607,13,16.2,195.4,179.20000000000002
8608,82,5.6,326.0,320.4
8609,50,9.0,300.6,291.6
8610,39,18.6,309.4,290.79999999999995
8611,88,20.6,317.0,296.4
8613,92,2.8,306.0,303.2
8615,61,5.2,287.0,281.8
8617,22,22.6,295.4,272.79999999999995
8619,65,8.4,294.0,285.6
8620,14,0.0,141.4,141.4
8621,12,4.2,143.4,139.20000000000002
8622,89,8.8,321.0,312.2
8625,30,0.0,143.0,143.0
8627,59,4.6,292.0,287.4
8630,47,0.0,243.6,243.6
8631,31,17.4,269.0,251.6
8632,67,0.0,281.6,281.6
8633,40,2.4,190.0,187.6
8634,28,7.2,181.8,174.60000000000002
8635,31,0.2,255.2,255.0
8636,86,3.8,323.0,319.2
8637,55,1.0,256.8,255.8
8638,45,5.8,317.6,311.8
8640,36,0.4,175.0,174.6
8641,62,12.0,296.4,284.4
8643,68,2.8,296.8,294.0
8645,24,4.0,198.8,194.8
8648,81,3.2,277.2,274.0
8649,49,0.2,215.0,214.8
8650,104,4.8,279.8,275.0
8652,58,10.8,241.6,230.79999999999998
8653,76,11.2,294.0,282.8
8655,65,0.6,305.8,305.2
8656,64,4.6,305.0,300.4
8659,71,12.2,296.6,284.40000000000003
8660,78,0.8,320.2,319.4
8661,110,3.0,296.8,293.8
8662,82,0.8,285.6,284.8
8663,80,8.2,288.0,279.8
8664,80,5.0,317.8,312.8
8665,72,1.2,313.4,312.2
8666,35,12.2,283.0,270.8
8667,22,1.6,98.8,97.2
8668,18,9.2,290.6,281.40000000000003
8669,62,0.6,264.8,264.2
8670,81,2.0,322.8,320.8
8671,77,7.0,294.6,287.6
8672,67,4.6,274.4,269.79999999999995
8673,23,0.2,178.2,178.0
8674,12,16.6,217.2,200.6
8675,95,0.2,296.4,296.2
8678,53,3.6,308.6,305.0
8679,41,4.6,206.2,201.6
8682,18,44.6,121.8,77.19999999999999
8685,26,7.0,136.6,129.6
8686,57,7.6,272.8,265.2
8687,46,10.4,316.4,306.0
8688,72,0.2,315.0,314.8
8689,72,1.4,297.0,295.6
8690,80,3.6,315.0,311.4
8691,20,1.0,291.8,290.8
8692,58,1.2,306.2,305.0
8693,72,21.0,286.8,265.8
8694,33,4.6,203.2,198.6
8695,33,2.8,144.6,141.79999999999998
8696,23,10.8,288.0,277.2
8697,18,11.6,292.4,280.79999999999995
8698,8,29.6,116.6,87.0
8700,20,10.8,220.2,209.39999999999998
8701,31,4.8,284.6,279.8
8702,63,24.2,306.6,282.40000000000003
8703,64,0.4,302.4,302.0
8708,112,4.8,310.6,305.8
8709,47,8.0,268.2,260.2
8710,41,3.6,285.0,281.4
8711,16,46.4,195.6,149.2
8714,76,20.2,294.2,274.0
8715,81,12.8,317.6,304.8
8717,43,4.8,216.6,211.79999999999998
8720,11,13.4,138.8,125.4
8721,72,5.6,312.4,306.79999999999995
8722,58,3.2,298.6,295.40000000000003
8723,101,8.6,302.2,293.59999999999997
8726,44,47.0,313.0,266.0
8727,60,14.0,294.4,280.4
8729,30,22.2,266.4,244.2
8730,30,0.4,143.4,143.0
8731,48,4.0,290.6,286.6
8732,63,6.0,288.4,282.4
8733,44,18.4,302.2,283.8
8734,89,5.0,293.0,288.0
8735,83,1.8,305.8,304.0
8736,57,4.8,253.2,248.39999999999998
8737,21,2.0,160.6,158.6
8739,46,9.4,310.8,301.40000000000003
8740,52,24.8,285.8,261.0
8741,39,12.6,293.8,281.2
8742,25,36.0,261.8,225.8
8743,32,0.6,260.0,259.4
8744,23,21.2,135.4,114.2
8745,109,18.4,296.4,278.0
8747,47,3.8,317.8,314.0
8748,17,0.8,216.6,215.79999999999998
8749,70,0.0,243.0,243.0
8750,45,4.6,155.6,151.0
8751,8,17.4,142.0,124.6
8755,22,17.6,142.2,124.6
8757,34,10.0,302.8,292.8
8758,99,1.8,309.2,307.4
8760,66,4.4,291.4,287.0
8762,72,3.2,312.4,309.2
8764,110,0.6,308.2,307.59999999999997
8765,71,1.8,251.8,250.0
8767,73,7.2,271.0,263.8
8768,73,8.0,302.4,294.4
8771,106,4.6,321.0,316.4
8773,35,17.2,294.2,277.0
8776,65,5.2,220.2,215.0
8777,27,10.4,287.2,276.8
8779,62,4.4,265.6,261.20000000000005
8781,10,0.0,146.8,146.8
8782,69,11.4,301.8,290.40000000000003
8783,67,5.8,298.2,292.4
8784,65,5.6,298.8,293.2
8786,49,8.2,244.4,236.20000000000002
8788,55,3.0,235.4,232.4
8791,51,3.8,263.2,259.4
8793,35,0.0,138.6,138.6
8794,93,0.0,309.6,309.6
8795,78,12.6,306.4,293.79999999999995
8796,35,15.4,250.0,234.6
8798,40,9.2,232.4,223.20000000000002
8799,65,0.0,201.2,201.2
8800,26,4.8,137.0,132.2
8802,33,0.8,225.0,224.2
8804,37,2.2,227.2,225.0
8805,16,10.0,213.4,203.4
8806,71,5.0,293.2,288.2
8807,45,6.0,256.0,250.0
8809,68,12.0,308.8,296.8
8810,47,6.4,215.4,209.0
8811,22,15.0,257.4,242.39999999999998
8812,14,62.8,176.4,113.60000000000001
8813,59,5.6,277.0,271.4
8816,93,9.0,300.4,291.4
8818,62,13.8,306.2,292.4
8819,35,0.0,287.6,287.6
8820,50,0.4,253.2,252.79999999999998
8822,65,7.4,282.6,275.20000000000005
8823,51,2.6,240.6,238.0
8824,25,4.2,153.2,149.0
8826,36,7.0,293.8,286.8
8827,89,4.8,283.6,278.8
8828,46,0.6,222.2,221.6
8829,18,0.0,239.4,239.4
8830,81,15.4,292.6,277.20000000000005
8831,35,0.0,300.2,300.2
8832,25,13.2,228.6,215.4
8833,65,0.0,266.2,266.2
8836,59,0.4,289.4,289.0
8837,62,6.8,306.2,299.4
8838,55,1.2,262.2,261.0
8839,46,21.4,269.8,248.4
8841,59,4.6,198.0,193.4
8842,31,9.0,160.4,151.4
8844,85,9.4,276.8,267.40000000000003
8846,41,3.8,293.0,289.2
8847,86,8.4,296.2,287.8
8848,69,0.0,295.4,295.4
8849,75,5.0,290.0,285.0
8850,33,9.0,283.6,274.6
8853,66,6.2,284.4,278.2
8854,65,9.0,304.4,295.4
8855,63,1.2,249.8,248.60000000000002
8857,61,5.4,273.4,268.0
8859,29,4.2,140.2,136.0
8860,70,4.2,278.4,274.2
8861,23,0.6,227.4,226.8
8863,67,9.0,301.4,292.4
8864,35,11.0,158.2,147.2
8866,9,11.4,130.8,119.4
8868,36,7.6,248.0,240.4
8869,65,4.6,311.2,306.59999999999997
8870,19,0.0,146.4,146.4
8878,62,6.6,290.8,284.2
8879,54,4.4,280.0,275.6
8880,54,4.8,260.8,256.0
8881,95,1.4,306.2,304.8
8882,5,6.0,43.8,37.8
8884,10,35.0,234.8,199.8
8885,45,1.4,278.4,277.0
8886,79,9.0,307.2,298.2
8887,59,0.0,239.8,239.8
8888,26,10.6,212.4,201.8
8889,73,8.2,302.0,293.8
8890,31,4.8,148.4,143.6
8892,63,7.6,270.8,263.2
8894,21,12.4,126.8,114.39999999999999
8897,103,0.8,311.0,310.2
8899,64,5.6,311.8,306.2
8902,36,6.8,288.4,281.59999999999997
8903,89,0.0,292.8,292.8
8904,50,4.8,289.0,284.2
8905,55,13.2,225.2,212.0
8906,86,9.6,294.4,284.79999999999995
8908,61,7.8,261.6,253.8
8909,12,23.6,166.4,142.8
8910,42,0.0,301.8,301.8
8914,30,0.0,289.0,289.0
8915,68,9.8,268.0,258.2
8916,53,1.4,184.6,183.2
8917,58,14.8,259.0,244.2
8918,20,3.0,154.2,151.2
8919,70,1.0,289.8,288.8
8920,78,3.2,305.4,302.2
8921,66,0.0,312.0,312.0
8923,51,1.2,295.4,294.2
8924,40,4.8,289.4,284.59999999999997
8925,96,4.0,290.8,286.8
8926,13,2.8,134.2,131.39999999999998
8927,51,5.6,215.6,210.0
8928,74,5.0,301.8,296.8
8931,70,5.4,302.8,297.40000000000003
8934,6,7.6,135.8,128.20000000000002
8936,37,7.6,216.2,208.6
8939,64,5.8,315.2,309.4
8940,31,0.2,141.2,141.0
8941,55,2.8,287.8,285.0
8942,72,5.8,287.6,281.8
8944,74,5.8,296.6,290.8
8946,97,6.0,294.4,288.4
8947,77,5.0,297.6,292.6
8948,42,1.4,143.6,142.2
8949,98,0.0,297.0,297.0
8951,72,0.0,302.8,302.8
8954,55,8.0,254.0,246.0
8955,49,8.4,285.4,277.0
8959,56,0.6,278.6,278.0
8960,71,6.6,294.6,288.0
8961,37,21.0,303.0,282.0
8962,67,4.8,251.4,246.6
8963,117,6.0,306.2,300.2
8965,75,0.0,290.8,290.8
8966,105,4.0,274.4,270.4
8967,83,0.2,235.4,235.20000000000002
8968,75,6.4,297.8,291.40000000000003
8969,109,0.0,291.2,291.2
8970,26,10.0,191.8,181.8
8972,74,7.2,300.2,293.0
8973,21,4.8,99.4,94.60000000000001
8974,79,23.0,309.2,286.2
8976,100,5.0,294.0,289.0
8977,30,1.8,272.8,271.0
8978,52,5.2,223.8,218.60000000000002
8979,102,5.2,313.0,307.8
8980,62,5.4,299.0,293.6
8981,90,8.2,292.4,284.2
8982,64,10.8,287.0,276.2
8983,22,6.2,188.2,182.0
8984,101,5.6,294.8,289.2
8985,33,9.4,276.4,267.0
8986,42,17.0,271.8,254.8
8987,6,0.4,52.4,52.0
8988,65,1.4,290.6,289.20000000000005
8989,59,0.6,292.8,292.2
8990,57,4.8,292.2,287.4
8991,83,5.4,301.4,296.0
8992,17,0.0,290.2,290.2
8998,66,4.2,294.6,290.40000000000003
8999,22,0.0,200.8,200.8
9000,26,4.6,145.4,140.8
9001,50,15.2,294.0,278.8
9002,30,1.4,219.2,217.79999999999998
9004,65,22.2,275.6,253.40000000000003
9005,69,12.0,289.6,277.6
9006,50,0.2,278.8,278.6
9008,27,4.4,291.0,286.6
9009,30,0.2,284.2,284.0
9010,40,0.0,277.8,277.8
9012,82,3.8,261.6,257.8
9014,41,0.0,281.4,281.4
9015,32,8.2,240.8,232.60000000000002
9016,12,6.8,214.0,207.2
9017,37,0.0,243.4,243.4
9018,20,6.0,120.8,114.8
9021,69,5.2,299.8,294.6
9022,16,0.2,173.6,173.4
9023,91,4.8,296.6,291.8
9024,23,4.6,92.4,87.80000000000001
9025,48,0.0,273.6,273.6
9026,28,60.0,287.6,227.60000000000002
9028,90,4.6,272.4,267.79999999999995
9032,89,0.8,198.8,198.0
9033,89,3.6,308.0,304.4
9034,37,0.0,255.8,255.8
9035,52,17.4,278.8,261.40000000000003
9037,24,1.4,92.6,91.19999999999999
9038,73,1.6,285.6,284.0
9039,38,8.2,203.6,195.4
9040,41,4.6,279.6,275.0
9041,45,0.2,292.6,292.40000000000003
9043,57,23.0,275.8,252.8
9044,51,1.2,287.2,286.0
9045,24,4.4,182.4,178.0
9046,31,2.8,201.6,198.79999999999998
9047,87,0.0,291.4,291.4
9048,12,9.8,147.0,137.2
9049,55,0.0,268.2,268.2
9052,56,5.2,233.6,228.4
9054,25,54.0,270.8,216.8
9055,72,5.6,299.2,293.59999999999997
9056,60,6.2,279.8,273.6
9057,66,16.4,285.2,268.8
9058,20,14.0,198.6,184.6
9060,18,4.8,90.6,85.8
9061,84,4.2,254.8,250.60000000000002
9062,48,5.0,179.0,174.0
9063,52,15.4,225.2,209.79999999999998
9065,27,6.2,282.0,275.8
9066,91,4.8,271.6,266.8
9067,83,0.0,279.2,279.2
9068,54,3.8,291.2,287.4
9071,39,19.4,211.6,192.2
9072,38,4.8,177.2,172.39999999999998
9073,52,8.6,302.4,293.79999999999995
9074,38,0.2,240.4,240.20000000000002
9080,5,34.2,121.2,87.0
9082,37,11.8,167.4,155.6
9083,71,25.4,245.6,220.2
9084,57,4.8,289.0,284.2
9087,57,2.6,225.2,222.6
9088,78,5.6,246.0,240.4
9090,27,0.0,244.8,244.8
9091,69,5.0,243.6,238.6
9092,85,4.4,292.4,288.0
9093,56,6.0,199.6,193.6
9094,46,5.8,284.2,278.4
9095,34,10.2,141.8,131.60000000000002
9096,23,4.4,122.0,117.6
9097,27,6.2,199.8,193.60000000000002
9098,76,0.2,282.4,282.2
9099,29,4.4,182.6,178.2
9100,69,5.6,271.2,265.59999999999997
9101,62,3.0,304.0,301.0
9102,26,5.2,200.8,195.60000000000002
9103,83,4.8,268.4,263.59999999999997
9104,77,5.8,280.2,274.4
9105,63,6.2,290.8,284.6
9109,58,3.8,301.0,297.2
9110,54,0.0,246.8,246.8
9111,11,0.2,273.4,273.2
9112,51,5.0,255.8,250.8
9113,73,7.4,284.2,276.8
9114,23,0.0,250.6,250.6
9115,48,5.2,241.6,236.4
9116,62,2.8,285.2,282.4
9117,68,5.8,289.6,283.8
9118,79,4.6,279.8,275.2
9119,62,5.0,290.6,285.6
9122,38,3.2,223.4,220.20000000000002
9123,44,5.8,211.4,205.6
9126,17,0.6,138.0,137.4
9128,63,4.2,279.2,275.0
9130,21,0.0,241.6,241.6
9131,6,6.0,140.2,134.2
9132,49,3.4,276.0,272.6
9134,15,0.0,178.6,178.6
9137,67,0.6,278.0,277.4
9138,16,3.4,76.8,73.39999999999999
9139,68,3.0,303.8,300.8
9140,69,7.2,280.0,272.8
9141,70,8.4,272.2,263.8
9142,76,0.4,294.2,293.8
9143,73,7.0,274.4,267.4
9144,50,0.0,263.2,263.2
9147,20,0.0,222.0,222.0
9148,18,0.0,155.8,155.8
9151,19,4.8,148.8,144.0
9152,90,2.6,305.8,303.2
9153,61,3.4,269.4,266.0
9154,29,70.0,254.8,184.8
9156,63,8.2,293.2,285.0
9157,70,5.8,299.0,293.2
9158,61,1.0,284.8,283.8
9159,16,0.0,138.4,138.4
9161,8,4.2,254.6,250.4
9163,25,7.2,123.2,116.0
9165,9,49.0,135.0,86.0
9166,58,5.2,292.6,287.40000000000003
9167,56,6.2,270.6,264.40000000000003
9169,10,0.0,124.4,124.4
9171,70,5.6,275.4,269.79999999999995
9172,59,3.0,281.6,278.6
9173,48,0.2,235.0,234.8
9174,79,0.2,293.8,293.6
9177,14,10.2,202.2,192.0
9178,91,5.6,302.2,296.59999999999997
9180,83,9.8,296.0,286.2
9181,16,12.6,239.8,227.20000000000002
9183,32,5.4,257.2,251.79999999999998
9184,22,2.4,132.8,130.4
9187,73,2.8,296.4,293.59999999999997
9188,28,0.4,143.0,142.6
9189,11,33.0,143.6,110.6
9190,42,1.4,264.0,262.6
9191,19,67.0,144.8,77.80000000000001
9192,39,6.2,269.8,263.6
9197,74,7.8,239.6,231.79999999999998
9198,61,4.0,290.0,286.0
9199,68,0.2,277.0,276.8
9200,21,2.4,157.0,154.6
9202,45,2.4,270.0,267.6
9203,38,6.4,192.6,186.2
9204,25,3.6,193.2,189.6
9206,71,10.8,279.8,269.0
9208,27,1.4,170.0,168.6
9209,65,14.6,284.8,270.2
9210,67,5.0,294.6,289.6
9211,78,1.4,280.8,279.40000000000003
9212,47,6.0,289.4,283.4
9213,61,7.2,292.2,285.0
9214,13,5.0,146.8,141.8
9216,18,0.0,141.4,141.4
9217,53,0.0,256.8,256.8
9219,66,0.0,276.6,276.6
9220,72,4.2,297.4,293.2
9221,49,1.6,292.6,291.0
9222,62,4.0,287.8,283.8
9223,32,6.6,191.8,185.20000000000002
9226,26,5.0,153.2,148.2
9227,58,0.0,267.6,267.6
9228,32,4.0,138.0,134.0
9230,59,9.0,279.4,270.4
9231,66,45.8,267.2,221.39999999999998
9232,39,0.0,189.6,189.6
9233,24,17.4,178.2,160.79999999999998
9234,15,4.2,163.6,159.4
9236,61,5.4,249.2,243.79999999999998
9237,58,4.8,267.8,263.0
9238,71,2.8,273.0,270.2
9239,63,0.4,302.6,302.20000000000005
9241,63,4.2,280.0,275.8
9242,68,14.8,286.6,271.8
9244,60,5.2,243.4,238.20000000000002
9246,35,6.6,208.4,201.8
9247,71,1.2,291.6,290.40000000000003
9248,33,6.8,154.2,147.39999999999998
9249,20,8.8,134.6,125.8
9250,60,2.4,296.4,294.0
9251,71,1.4,297.8,296.40000000000003
9252,38,0.0,285.0,285.0
9253,24,0.6,140.4,139.8
9254,56,0.6,290.0,289.4
9257,24,8.4,142.2,133.79999999999998
9260,57,5.6,239.8,234.20000000000002
9262,34,9.2,144.8,135.60000000000002
9264,30,7.8,162.0,154.2
9265,13,4.2,87.8,83.6
9266,77,5.6,245.4,239.8
9269,62,0.0,257.6,257.6
9270,58,0.0,224.6,224.6
9271,52,5.0,253.6,248.6
9273,59,41.6,288.0,246.4
9275,103,4.8,284.0,279.2
9276,23,0.0,145.2,145.2
9277,57,7.6,246.6,239.0
9278,79,4.0,281.8,277.8
9279,40,0.0,250.0,250.0
9280,72,5.6,282.8,277.2
9284,36,5.6,216.6,211.0
9285,73,5.2,296.6,291.40000000000003
9286,56,25.8,266.6,240.8
9287,55,17.6,268.2,250.6
9288,80,6.2,287.2,281.0
9289,61,0.0,275.4,275.4
9290,85,3.6,289.8,286.2
9291,54,2.8,214.2,211.39999999999998
9292,54,0.0,276.0,276.0
9293,24,0.0,255.0,255.0
9294,13,5.8,244.0,238.2
9295,65,4.4,302.0,297.6
9296,8,32.4,159.8,127.4
9297,68,4.2,294.4,290.2
9298,70,0.0,287.0,287.0
9299,37,46.0,272.6,226.60000000000002
9300,62,4.4,291.2,286.8
9303,68,5.0,291.4,286.4
9304,25,5.2,141.2,136.0
9305,27,5.0,132.0,127.0
9307,26,5.8,144.0,138.2
9308,69,1.2,287.8,286.6
9309,48,3.0,236.2,233.2
9310,74,1.8,281.6,279.8
9311,39,5.6,167.0,161.4
9313,50,1.8,212.8,211.0
9314,21,19.0,164.6,145.6
9315,56,6.2,255.6,249.4
9316,23,12.2,141.6,129.4
9317,10,8.0,68.0,60.0
9319,67,0.0,282.8,282.8
9320,42,14.8,240.4,225.6
9321,71,4.8,283.8,279.0
9322,35,4.8,199.4,194.6
9324,27,5.8,145.2,139.39999999999998
9325,38,2.4,272.0,269.6
9326,58,0.0,251.8,251.8
9327,57,5.2,273.0,267.8
9328,14,0.2,138.0,137.8
9329,30,0.0,130.0,130.0
9330,13,0.2,91.0,90.8
9331,61,0.0,252.8,252.8
9332,30,0.0,284.0,284.0
9335,38,0.0,122.4,122.4
9336,26,6.0,143.8,137.8
9337,62,4.8,277.8,273.0
9339,26,2.6,212.6,210.0
9341,58,11.4,284.0,272.6
9342,26,0.0,269.6,269.6
9343,30,0.8,141.4,140.6
9344,63,4.8,290.2,285.4
9347,39,3.0,250.2,247.2
9348,61,0.0,274.2,274.2
9349,27,8.0,170.2,162.2
9350,50,0.0,217.8,217.8
9352,25,10.6,284.2,273.59999999999997
9353,33,3.8,150.0,146.2
9354,73,5.0,299.4,294.4
9355,70,0.0,281.4,281.4
9357,81,0.0,288.8,288.8
9358,120,1.0,274.6,273.6
9361,33,5.0,143.0,138.0
9362,77,4.8,280.6,275.8
9363,65,1.4,260.6,259.20000000000005
9365,75,1.4,252.2,250.79999999999998
9367,64,5.0,281.4,276.4
9368,9,0.2,120.4,120.2
9369,55,4.8,234.0,229.2
9371,12,0.0,140.8,140.8
9372,51,0.0,211.4,211.4
9373,65,0.0,279.4,279.4
9374,66,0.2,285.6,285.40000000000003
9375,8,2.6,72.0,69.4
9376,43,5.8,255.4,249.6
9377,72,2.2,268.0,265.8
9378,5,1.2,78.4,77.2
9379,92,0.6,283.0,282.4
9380,52,3.6,249.2,245.6
9381,38,3.6,231.0,227.4
9382,28,8.4,142.0,133.6
9383,21,7.0,90.8,83.8
9384,68,2.6,278.6,276.0
9385,48,2.0,274.2,272.2
9386,39,6.0,168.2,162.2
9387,35,9.8,178.8,169.0
9388,46,6.0,251.8,245.8
9389,142,1.8,297.4,295.59999999999997
9390,49,1.2,257.4,256.2
9391,48,18.2,267.8,249.60000000000002
9393,65,5.2,280.2,275.0
9394,62,6.4,295.0,288.6
9398,29,3.0,142.2,139.2
9400,91,2.2,290.0,287.8
9401,138,1.8,293.4,291.59999999999997
9402,27,5.0,142.0,137.0
9403,12,0.0,142.0,142.0
9404,76,0.0,283.2,283.2
9405,39,0.2,168.4,168.20000000000002
9406,94,10.4,276.6,266.20000000000005
9410,29,0.0,141.0,141.0
9411,48,1.0,263.4,262.4
9412,47,4.8,285.4,280.59999999999997
9414,48,1.4,251.2,249.79999999999998
9415,12,5.4,149.4,144.0
9417,23,6.4,131.6,125.19999999999999
9418,67,5.4,284.0,278.6
9421,34,5.2,177.0,171.8
9422,43,0.2,218.2,218.0
9425,16,8.6,247.0,238.4
9427,50,6.6,261.4,254.79999999999998
9428,76,2.0,278.4,276.4
9429,18,9.4,250.4,241.0
9430,32,0.0,170.6,170.6
9431,10,0.0,128.6,128.6
9432,10,32.4,139.8,107.4
9433,22,0.0,183.6,183.6
9435,20,1.0,244.6,243.6
9437,40,11.8,263.8,252.0
9438,64,0.2,245.0,244.8
9439,32,0.0,253.8,253.8
9442,30,0.0,136.0,136.0
9443,39,0.0,175.0,175.0
9444,54,12.8,267.2,254.39999999999998
9445,37,2.4,291.0,288.6
9448,40,5.0,201.6,196.6
9449,16,3.8,143.6,139.79999999999998
9452,17,27.6,162.4,134.8
9453,78,2.4,277.8,275.40000000000003
9454,41,6.2,145.6,139.4
9458,33,4.4,247.8,243.4
9459,41,4.2,268.0,263.8
9460,16,9.6,204.4,194.8
9461,33,1.4,210.2,208.79999999999998
9462,41,6.0,279.4,273.4
9463,21,25.2,261.8,236.60000000000002
9465,38,9.8,275.0,265.2
9466,21,4.6,219.4,214.8
9468,28,0.0,163.6,163.6
9470,57,3.2,271.0,267.8
9471,18,3.0,112.2,109.2
9473,11,0.2,140.8,140.60000000000002
9474,60,21.0,273.6,252.60000000000002
9476,53,0.0,233.4,233.4
9478,72,5.6,283.6,278.0
9479,70,0.0,267.6,267.6
9480,46,6.2,222.0,215.8
9481,17,13.4,153.0,139.6
9483,61,4.2,273.0,268.8
9488,28,4.2,138.6,134.4
9489,79,6.0,270.0,264.0
9490,72,4.8,259.6,254.8
9491,38,0.0,245.8,245.8
9495,25,13.2,133.4,120.2
9496,67,3.8,290.4,286.59999999999997
9497,32,4.2,144.2,140.0
9498,69,4.6,273.0,268.4
9499,7,4.6,150.0,145.4
9500,34,16.6,235.4,218.8
9501,38,23.8,218.2,194.39999999999998
9502,37,3.4,254.8,251.4
9503,46,8.8,268.8,260.0
9504,39,3.8,262.8,259.0
9506,19,6.8,129.8,123.00000000000001
9508,29,0.0,251.4,251.4
9509,53,3.2,254.8,251.60000000000002
9513,42,10.8,279.4,268.59999999999997
9514,55,3.2,280.0,276.8
9519,50,9.2,258.0,248.8
9520,69,2.4,271.2,268.8
9522,56,6.8,273.6,266.8
9523,8,1.6,161.2,159.6
9525,30,1.4,278.2,276.8
9526,65,3.0,269.6,266.6
9530,47,7.0,277.8,270.8
9532,68,5.8,255.6,249.79999999999998
9533,19,0.0,117.8,117.8
9534,68,0.2,254.6,254.4
9535,48,0.0,103.4,103.4
9536,23,7.6,249.2,241.6
9537,19,33.0,257.6,224.60000000000002
9538,54,3.6,181.4,177.8
9539,34,4.4,177.4,173.0
9541,38,4.4,262.4,258.0
9542,10,3.2,76.0,72.8
9543,42,2.0,211.8,209.8
9544,8,20.6,188.2,167.6
9545,95,0.0,278.8,278.8
9546,67,0.2,285.6,285.40000000000003
9547,71,1.2,274.6,273.40000000000003
9548,89,0.6,264.0,263.4
9549,39,4.4,258.0,253.6
9551,48,1.6,276.4,274.79999999999995
9552,43,3.8,225.6,221.79999999999998
9553,50,4.6,246.2,241.6
9555,64,4.8,264.4,259.59999999999997
9556,37,3.2,78.6,75.39999999999999
9557,26,18.2,276.0,257.8
9558,51,4.8,257.8,253.0
9559,19,0.0,250.2,250.2
9560,47,0.0,255.0,255.0
9561,40,24.0,209.2,185.2
9562,70,3.8,284.0,280.2
9563,62,3.0,257.4,254.39999999999998
9564,11,20.8,141.2,120.39999999999999
9565,24,10.0,138.6,128.6
9567,56,5.0,269.2,264.2
9568,77,2.4,283.0,280.6
9569,77,5.6,274.4,268.79999999999995
9570,12,33.6,218.0,184.4
9571,76,4.6,273.2,268.59999999999997
9572,38,25.2,236.4,211.20000000000002
9573,43,4.0,249.6,245.6
9574,52,6.6,246.8,240.20000000000002
9577,64,0.0,274.6,274.6
9578,72,5.4,272.8,267.40000000000003
9579,12,3.0,138.6,135.6
9580,23,0.0,236.2,236.2
9581,56,18.2,250.6,232.4
9582,59,5.4,267.2,261.8
9583,29,5.0,141.8,136.8
9585,51,4.4,267.8,263.40000000000003
9586,29,17.0,141.0,124.0
9587,85,7.8,278.2,270.4
9588,8,79.8,146.2,66.39999999999999
9590,35,8.4,263.2,254.79999999999998
9593,69,5.0,272.4,267.4
9596,37,0.0,200.8,200.8
9597,16,19.4,218.2,198.79999999999998
9598,11,12.4,129.4,117.0
9601,36,6.2,210.6,204.4
9602,65,0.0,287.2,287.2
9603,38,5.8,280.4,274.59999999999997
9604,57,4.2,275.8,271.6
9605,69,6.2,289.8,283.6
9607,55,3.4,263.8,260.40000000000003
9608,24,9.8,263.0,253.2
9609,22,5.8,266.2,260.4
9610,40,12.8,248.8,236.0
9611,37,14.8,223.2,208.39999999999998
9612,71,6.6,260.6,254.00000000000003
9615,33,6.2,261.8,255.60000000000002
9617,60,3.6,239.4,235.8
9618,83,4.0,275.4,271.4
9619,29,2.0,156.4,154.4
9620,16,9.0,229.0,220.0
9621,67,5.2,281.2,276.0
9622,16,20.4,120.0,99.6
9623,39,1.2,145.4,144.20000000000002
9624,82,8.6,275.6,267.0
9625,36,6.6,167.4,160.8
9626,9,5.8,124.8,119.0
9627,69,5.2,263.2,258.0
9628,68,3.0,275.8,272.8
9629,33,5.2,114.6,109.39999999999999
9631,71,0.0,258.6,258.6
9632,66,0.0,276.0,276.0
9634,49,9.8,255.2,245.39999999999998
9635,68,3.4,275.8,272.40000000000003
9637,21,11.0,143.6,132.6
9638,14,5.6,126.0,120.4
9639,60,7.2,219.0,211.8
9640,8,5.8,183.4,177.6
9643,76,0.2,267.0,266.8
9644,44,4.6,218.6,214.0
9645,35,5.8,175.6,169.79999999999998
9647,17,0.0,137.8,137.8
9648,61,6.8,232.8,226.0
9649,9,40.6,178.8,138.20000000000002
9650,43,6.2,204.8,198.60000000000002
9651,82,4.8,268.0,263.2
9652,29,9.6,126.2,116.60000000000001
9655,74,5.2,267.0,261.8
9657,67,3.8,261.4,257.59999999999997
9658,67,4.6,268.8,264.2
9660,81,2.8,277.6,274.8
9662,58,8.4,275.6,267.20000000000005
9663,56,0.2,201.0,200.8
9664,47,0.0,162.2,162.2
9665,68,4.0,267.4,263.4
9666,35,1.8,271.0,269.2
9667,11,10.6,138.0,127.4
9669,57,0.0,237.4,237.4
9670,64,12.6,269.0,256.4
9671,46,6.8,215.2,208.39999999999998
9674,63,5.4,275.6,270.20000000000005
9676,74,0.8,269.0,268.2
9679,61,11.2,261.2,250.0
9680,41,8.4,243.0,234.6
9681,59,8.4,270.2,261.8
9685,39,0.0,260.4,260.4
9686,54,6.0,253.2,247.2
9687,5,0.0,124.6,124.6
9688,69,3.8,275.4,271.59999999999997
9689,23,0.0,260.4,260.4
9691,38,0.0,115.2,115.2
9693,62,2.8,237.8,235.0
9694,17,6.2,215.4,209.20000000000002
9696,26,7.4,136.0,128.6
9697,44,5.2,266.2,261.0
9698,5,14.6,92.6,78.0
9699,66,9.6,262.2,252.6
9700,60,0.6,267.0,266.4
9703,47,14.0,283.0,269.0
9704,56,3.8,243.8,240.0
9705,53,11.2,213.2,202.0
9706,18,21.2,249.4,228.20000000000002
9707,34,0.2,255.0,254.8
9709,27,1.6,279.0,277.4
9710,40,15.6,254.6,239.0
9711,62,4.6,275.2,270.59999999999997
9714,62,4.8,258.8,254.0
9715,62,0.0,274.2,274.2
9716,45,1.2,175.0,173.8
9719,68,0.2,215.2,215.0
9720,55,2.4,242.8,240.4
9722,32,0.0,239.4,239.4
9723,75,2.2,275.4,273.2
9724,60,0.8,256.2,255.39999999999998
9725,48,0.6,227.8,227.20000000000002
9726,52,26.8,256.0,229.2
9727,68,0.2,235.0,234.8
9728,49,13.8,265.2,251.39999999999998
9731,45,5.0,236.6,231.6
9732,50,0.6,240.2,239.6
9733,57,2.4,205.2,202.79999999999998
9734,43,5.6,275.6,270.0
9735,63,3.6,251.0,247.4
9737,32,4.4,139.0,134.6
9738,30,16.0,268.0,252.0
9739,70,5.6,232.8,227.20000000000002
9741,14,4.6,149.8,145.20000000000002
9742,58,1.4,253.8,252.4
9743,23,3.2,141.6,138.4
9744,18,19.0,195.8,176.8
9746,69,2.8,267.6,264.8
9747,40,22.0,255.0,233.0
9748,33,9.4,180.4,171.0
9749,28,3.6,261.4,257.79999999999995
9750,69,0.0,274.8,274.8
9753,57,11.8,260.6,248.8
9754,77,6.8,270.0,263.2
9757,40,14.0,258.2,244.2
9759,39,8.2,263.8,255.60000000000002
9760,65,9.2,267.6,258.40000000000003
9761,56,0.6,265.2,264.59999999999997
9762,62,2.0,257.6,255.60000000000002
9763,68,2.6,267.0,264.4
9764,51,2.0,184.8,182.8
9766,26,2.4,253.6,251.2
9767,49,4.4,264.8,260.40000000000003
9774,34,4.2,185.2,181.0
9778,61,4.8,273.6,268.8
9779,29,0.0,138.8,138.8
9780,21,19.4,176.2,156.79999999999998
9782,38,24.0,233.4,209.4
9783,18,21.2,189.6,168.4
9785,43,4.8,163.0,158.2
9786,17,1.0,155.0,154.0
9787,59,10.6,198.2,187.6
9788,65,8.4,262.0,253.6
9790,23,23.8,215.8,192.0
9791,20,8.4,213.0,204.6
9792,42,3.0,179.6,176.6
9793,61,0.0,265.6,265.6
9794,44,14.8,227.6,212.79999999999998
9795,69,0.6,276.2,275.59999999999997
9797,12,17.0,139.8,122.80000000000001
9798,40,2.4,208.0,205.6
9799,26,3.2,132.0,128.8
9800,38,14.8,211.0,196.2
9801,47,4.4,238.4,234.0
9802,41,5.0,213.0,208.0
9803,26,18.8,213.8,195.0
9804,36,5.4,166.4,161.0
9806,28,0.0,236.4,236.4
9807,67,18.0,277.0,259.0
9808,23,23.4,221.2,197.79999999999998
9809,29,3.8,132.8,129.0
9810,62,2.0,250.4,248.4
9811,37,5.6,194.4,188.8
9812,67,5.0,271.2,266.2
9813,26,2.0,104.6,102.6
9814,13,0.0,180.8,180.8
9815,60,11.4,258.2,246.79999999999998
9816,33,5.2,215.4,210.20000000000002
9817,62,1.0,261.8,260.8
9818,66,2.8,266.0,263.2
9819,23,0.0,207.0,207.0
9820,8,1.0,145.6,144.6
9821,26,5.8,233.6,227.79999999999998
9822,12,0.0,166.0,166.0
9825,11,14.2,105.8,91.6
9827,52,0.0,199.2,199.2
9828,45,5.6,252.0,246.4
9829,71,18.0,269.4,251.39999999999998
9830,49,1.8,233.0,231.2
9831,22,4.8,95.2,90.4
9832,22,45.4,217.2,171.79999999999998
9833,22,32.6,208.2,175.6
9836,91,1.6,232.2,230.6
9838,51,5.0,269.6,264.6
9840,29,3.2,238.4,235.20000000000002
9841,11,4.4,141.2,136.79999999999998
9842,65,4.2,262.2,258.0
9843,53,3.4,224.6,221.2
9844,54,1.0,268.6,267.6
9847,72,2.2,249.2,247.0
9848,40,6.2,230.8,224.60000000000002
9849,54,0.0,240.8,240.8
9852,29,2.8,137.6,134.79999999999998
9853,39,4.0,260.4,256.4
9854,32,2.0,150.0,148.0
9855,46,4.2,213.4,209.20000000000002
9857,30,0.0,141.8,141.8
9858,52,2.8,213.4,210.6
9861,97,4.8,265.2,260.4
9863,29,4.2,225.6,221.4
9864,92,0.8,264.2,263.4
9866,56,2.2,255.6,253.4
9867,44,5.0,219.2,214.2
9868,35,4.8,258.6,253.8
9869,17,11.0,201.0,190.0
9871,30,5.0,129.4,124.4
9872,17,5.0,134.4,129.4
9875,85,0.8,227.4,226.6
9876,69,4.6,261.6,257.0
9877,48,0.0,250.8,250.8
9878,52,7.6,267.0,259.4
9881,59,3.4,257.4,253.99999999999997
9882,18,0.8,107.2,106.4
9884,63,1.6,276.0,274.4
9885,31,1.0,262.2,261.2
9886,50,2.4,257.8,255.4
9887,52,5.6,242.4,236.8
9888,42,0.8,220.2,219.39999999999998
9889,18,0.0,160.6,160.6
9890,28,4.4,252.8,248.4
9891,60,4.8,242.0,237.2
9893,9,3.0,127.6,124.6
9894,37,3.2,202.6,199.4
9896,66,4.0,269.2,265.2
9897,79,4.4,222.2,217.79999999999998
9899,69,4.6,272.2,267.59999999999997
9900,67,2.2,234.4,232.20000000000002
9901,33,13.8,263.4,249.59999999999997
9902,44,4.8,191.4,186.6
9903,47,2.6,264.6,262.0
9904,36,4.4,178.0,173.6
9907,37,1.4,264.4,263.0
9909,48,3.8,253.0,249.2
9913,13,17.6,224.2,206.6
9914,77,4.2,272.2,268.0
9915,10,0.0,222.0,222.0
9916,61,4.8,270.4,265.59999999999997
9917,57,0.0,215.6,215.6
9918,27,31.0,138.6,107.6
9921,66,8.4,263.4,254.99999999999997
9922,39,47.6,215.8,168.20000000000002
9923,49,4.6,198.0,193.4
9927,16,0.0,136.6,136.6
9929,51,0.0,241.4,241.4
9930,22,6.6,100.8,94.2
9931,56,4.6,242.0,237.4
9932,20,8.8,183.6,174.79999999999998
9933,87,1.2,271.6,270.40000000000003
9934,44,16.2,238.6,222.4
9936,54,1.8,231.8,230.0
9937,15,28.0,205.4,177.4
9938,49,8.2,276.8,268.6
9939,7,14.0,137.2,123.19999999999999
9940,45,6.2,255.2,249.0
9942,9,6.8,206.0,199.2
9943,12,0.0,165.0,165.0
9944,80,0.4,262.2,261.8
9945,31,2.0,123.2,121.2
9946,46,6.8,214.0,207.2
9947,29,12.4,224.4,212.0
9948,49,2.0,208.2,206.2
9949,38,6.0,248.0,242.0
9950,53,2.2,247.6,245.4
9951,38,4.8,186.8,182.0
9953,61,1.2,215.2,214.0
9954,21,4.6,122.2,117.60000000000001
9955,38,4.8,159.8,155.0
9956,36,4.2,240.6,236.4
9957,35,0.2,266.0,265.8
9958,36,4.2,266.0,261.8
9960,45,5.2,261.4,256.2
9961,40,5.8,163.4,157.6
9962,59,2.8,254.4,251.6
9964,92,4.0,266.4,262.4
9965,66,4.8,267.2,262.4
9968,22,18.0,240.8,222.8
9969,36,5.0,194.8,189.8
9970,49,4.6,246.2,241.6
9971,51,0.0,210.6,210.6
9972,37,10.8,252.6,241.79999999999998
9973,26,0.0,129.0,129.0
9974,98,0.0,240.6,240.6
9975,52,4.8,249.2,244.39999999999998
9976,49,4.0,263.2,259.2
9977,37,4.6,226.2,221.6
9981,37,13.6,184.8,171.20000000000002
9983,59,4.4,233.8,229.4
9984,62,5.4,272.6,267.20000000000005
9986,16,0.2,163.8,163.60000000000002
9987,53,1.8,263.6,261.8
9988,41,4.6,220.4,215.8
9989,23,6.6,79.2,72.60000000000001
9990,26,12.6,256.0,243.4
9991,35,5.2,272.2,267.0
9992,60,3.0,265.4,262.4
9993,50,4.6,249.6,245.0
9994,17,0.0,240.2,240.2
9996,21,2.0,209.2,207.2
9997,57,2.8,165.6,162.79999999999998
9999,28,6.6,138.2,131.6
10000,60,7.0,265.2,258.2
10002,40,1.2,254.6,253.4
10004,8,0.0,156.6,156.6
10005,49,1.8,262.8,261.0
10006,22,4.0,200.2,196.2
10007,25,0.6,238.8,238.20000000000002
10008,9,0.2,52.6,52.4
10009,25,5.0,143.8,138.8
10010,85,2.6,247.8,245.20000000000002
10012,45,4.6,263.0,258.4
10013,54,3.8,254.2,250.39999999999998
10014,42,4.4,250.6,246.2
10015,52,6.8,234.0,227.2
10016,62,4.6,244.6,240.0
10017,79,9.2,269.6,260.40000000000003
10019,50,7.8,174.8,167.0
10020,56,1.4,271.4,270.0
10022,22,7.0,217.8,210.8
10023,62,5.6,247.6,242.0
10024,69,5.2,255.2,250.0
10025,43,0.0,252.0,252.0
10026,39,6.0,241.6,235.6
10028,24,4.8,119.2,114.4
10029,66,11.2,266.0,254.8
10031,13,8.4,143.6,135.2
10032,42,0.0,239.2,239.2
10033,61,2.4,229.6,227.2
10034,45,4.4,257.0,252.6
10035,8,7.6,129.4,121.80000000000001
10038,13,11.8,216.8,205.0
10039,69,0.6,245.2,244.6
10040,34,11.0,245.4,234.4
10041,46,4.8,260.8,256.0
10045,61,2.8,230.0,227.2
10047,58,2.8,256.4,253.59999999999997
10050,20,1.6,236.0,234.4
10052,62,1.4,269.0,267.6
10055,64,4.8,255.0,250.2
10057,27,10.0,161.0,151.0
10060,54,20.4,244.6,224.2
10061,50,7.6,251.8,244.20000000000002
10063,40,3.6,148.4,144.8
10064,52,4.6,227.2,222.6
10065,78,0.0,253.4,253.4
10066,42,5.0,211.4,206.4
10067,51,2.0,231.6,229.6
10068,32,5.0,173.6,168.6
10070,93,0.0,255.4,255.4
10072,53,5.0,240.6,235.6
10073,44,6.2,216.4,210.20000000000002
10074,61,4.8,258.2,253.39999999999998
10075,60,0.0,240.2,240.2
10076,32,0.6,266.2,265.59999999999997
10077,26,0.0,206.8,206.8
10078,49,6.0,246.6,240.6
10080,63,0.6,249.4,248.8
10082,43,35.8,258.8,223.0
10083,9,126.4,226.8,100.4
10086,66,5.8,260.4,254.59999999999997
10087,32,1.4,135.2,133.79999999999998
10088,29,0.0,211.2,211.2
10089,64,7.6,257.4,249.79999999999998
10090,51,6.4,249.0,242.6
10092,56,5.8,253.6,247.79999999999998
10094,55,5.0,256.2,251.2
10095,14,1.0,115.4,114.4
10096,22,0.0,85.2,85.2
10097,25,18.4,126.2,107.80000000000001
10098,72,1.6,254.2,252.6
10099,18,0.0,193.0,193.0
10100,25,0.0,231.0,231.0
10102,9,7.4,144.0,136.6
10104,14,0.0,134.4,134.4
10105,22,9.8,113.0,103.2
10109,43,4.0,161.2,157.2
10110,30,1.4,259.8,258.40000000000003
10111,105,1.6,233.6,232.0
10112,17,6.4,174.2,167.79999999999998
10113,21,12.8,232.2,219.39999999999998
10114,54,4.6,258.2,253.6
10116,28,44.8,177.4,132.60000000000002
10117,18,4.2,140.8,136.60000000000002
10119,22,8.2,257.8,249.60000000000002
10120,11,19.0,175.8,156.8
10121,22,21.6,235.8,214.20000000000002
10122,43,0.0,232.0,232.0
10123,45,0.2,231.0,230.8
10124,43,29.0,256.8,227.8
10125,20,10.8,218.0,207.2
10126,12,9.2,140.6,131.4
10127,48,4.4,265.0,260.6
10129,64,4.2,254.8,250.60000000000002
10130,55,4.4,249.6,245.2
10131,76,3.0,266.2,263.2
10132,52,4.2,257.6,253.40000000000003
10133,54,0.6,237.4,236.8
10135,13,23.8,211.2,187.39999999999998
10138,58,2.2,252.0,249.8
10140,33,16.2,236.6,220.4
10144,87,0.2,226.2,226.0
10145,54,5.2,258.2,253.0
10147,15,12.6,118.0,105.4
10148,22,10.8,127.4,116.60000000000001
10150,55,9.4,255.6,246.2
10152,42,1.4,217.2,215.79999999999998
10153,76,1.2,229.0,227.8
10155,70,5.6,227.0,221.4
10156,63,4.8,212.0,207.2
10158,20,0.0,171.6,171.6
10159,27,8.8,137.8,129.0
10160,19,16.8,247.0,230.2
10161,47,6.2,188.4,182.20000000000002
10162,55,4.2,238.6,234.4
10163,73,0.0,248.8,248.8
10165,60,3.0,183.0,180.0
10166,40,15.4,178.8,163.4
10168,14,9.6,226.8,217.20000000000002
10169,54,6.0,232.2,226.2
10170,46,3.8,218.6,214.79999999999998
10171,67,5.8,216.2,210.39999999999998
10172,63,4.6,249.2,244.6
10173,53,0.0,264.8,264.8
10174,39,22.2,253.0,230.8
10176,51,4.4,244.0,239.6
10177,46,4.6,224.0,219.4
10178,40,31.6,260.0,228.4
10179,72,6.2,260.0,253.8
10180,68,5.0,260.2,255.2
10181,21,26.0,239.2,213.2
10182,64,4.8,246.4,241.6
10183,72,5.0,259.2,254.2
10185,20,10.6,138.4,127.80000000000001
10186,36,1.6,139.0,137.4
10188,47,8.2,218.4,210.20000000000002
10189,70,4.4,262.6,258.20000000000005
10190,69,4.6,259.6,255.00000000000003
10191,23,0.2,95.8,95.6
10192,7,0.0,128.0,128.0
10195,25,11.2,143.2,132.0
10197,14,12.8,219.8,207.0
10199,37,33.6,223.8,190.20000000000002
10200,55,0.0,155.8,155.8
10201,65,2.2,221.0,218.8
10204,7,48.0,161.0,113.0
10205,41,24.4,213.0,188.6
10207,68,2.6,260.4,257.79999999999995
10209,48,5.0,210.8,205.8
10210,105,0.4,187.8,187.4
10212,38,4.8,139.4,134.6
10213,45,5.2,200.6,195.4
10215,88,0.6,265.8,265.2
10216,49,10.4,240.8,230.4
10217,26,4.2,196.4,192.20000000000002
10218,51,4.8,160.8,156.0
10219,38,17.6,189.6,172.0
10222,10,0.0,142.2,142.2
10224,59,2.4,234.8,232.4
10228,75,4.0,223.6,219.6
10229,39,14.2,211.0,196.8
10230,35,0.0,235.0,235.0
10231,45,9.6,220.4,210.8
10232,39,6.8,203.2,196.39999999999998
10233,6,18.2,218.0,199.8
10234,32,7.0,107.2,100.2
10236,34,16.8,205.0,188.2
10237,63,4.6,256.2,251.6
10239,23,1.6,92.6,91.0
10240,21,0.0,102.0,102.0
10241,42,5.6,225.8,220.20000000000002
10242,59,0.4,200.4,200.0
10243,41,14.2,197.8,183.60000000000002
10244,146,0.4,240.2,239.79999999999998
10245,40,0.8,179.4,178.6
10246,29,0.0,177.2,177.2
10248,30,0.0,241.0,241.0
10249,22,0.0,112.0,112.0
10250,49,8.4,230.4,222.0
10251,17,4.4,124.0,119.6
10253,32,5.8,160.8,155.0
10254,62,5.0,248.0,243.0
10255,25,4.6,127.8,123.2
10256,40,1.0,204.4,203.4
10257,26,32.2,240.4,208.2
10258,29,2.0,142.6,140.6
10260,49,8.8,245.4,236.6
10261,8,10.0,162.2,152.2
10262,29,8.2,188.8,180.60000000000002
10264,15,15.6,227.4,211.8
10266,46,8.2,250.6,242.4
10267,56,7.2,197.4,190.20000000000002
10268,90,1.0,266.0,265.0
10272,63,16.0,271.6,255.60000000000002
10273,73,13.6,260.0,246.4
10275,68,5.2,231.0,225.8
10277,70,1.2,243.8,242.60000000000002
10278,88,0.0,247.8,247.8
10279,24,0.2,93.6,93.39999999999999
10280,55,0.4,207.4,207.0
10281,68,7.6,256.0,248.4
10283,70,6.6,227.0,220.4
10285,67,2.8,252.2,249.39999999999998
10286,5,5.8,82.6,76.8
10288,7,1.6,138.6,137.0
10289,53,1.0,223.8,222.8
10290,14,8.4,198.8,190.4
10296,41,10.8,254.2,243.39999999999998
10297,9,11.8,119.8,108.0
10298,43,0.0,243.2,243.2
10300,19,2.4,173.4,171.0
10301,30,0.0,154.4,154.4
10302,9,49.6,140.8,91.20000000000002
10303,28,1.4,106.8,105.39999999999999
10304,27,9.8,235.0,225.2
10305,67,7.6,256.8,249.20000000000002
10306,55,1.2,230.2,229.0
10308,98,1.6,261.2,259.59999999999997
10309,55,0.0,240.8,240.8
10310,44,0.8,143.0,142.2
10311,29,7.0,241.6,234.6
10312,74,2.6,249.6,247.0
10313,46,4.6,221.4,216.8
10314,61,0.2,266.8,266.6
10315,88,0.6,236.6,236.0
10317,15,0.2,219.4,219.20000000000002
10319,35,12.0,256.6,244.60000000000002
10320,41,9.8,231.2,221.39999999999998
10321,76,16.8,253.0,236.2
10324,71,2.8,237.6,234.79999999999998
10327,50,20.2,234.2,214.0
10329,21,11.4,231.4,220.0
10330,72,0.0,258.8,258.8
10331,15,6.6,193.2,186.6
10332,60,2.6,222.6,220.0
10334,63,0.2,254.4,254.20000000000002
10335,48,3.6,223.8,220.20000000000002
10336,17,12.0,195.2,183.2
10337,58,7.4,225.2,217.79999999999998
10340,73,1.6,246.4,244.8
10341,75,2.0,264.0,262.0
10346,31,2.6,137.8,135.20000000000002
10347,83,0.0,256.8,256.8
10348,30,1.2,217.8,216.60000000000002
10350,72,3.8,245.0,241.2
10351,48,8.4,225.8,217.4
10354,35,8.6,243.0,234.4
10356,8,25.4,105.4,80.0
10357,58,3.8,259.4,255.59999999999997
10358,58,6.8,235.0,228.2
10359,30,70.8,209.4,138.60000000000002
10360,52,3.8,189.8,186.0
10361,64,1.2,235.6,234.4
10362,51,9.6,243.0,233.4
10363,71,3.6,256.2,252.6
10364,41,1.2,159.0,157.8
10365,66,4.6,254.4,249.8
10368,56,1.2,244.4,243.20000000000002
10370,47,24.6,242.8,218.20000000000002
10371,76,4.2,258.4,254.2
10372,27,0.2,211.2,211.0
10374,27,26.8,230.4,203.6
10375,58,6.0,258.0,252.0
10376,25,8.8,217.0,208.2
10377,21,6.8,194.8,188.0
10378,48,13.2,215.6,202.4
10379,73,0.0,263.8,263.8
10380,66,6.0,257.6,251.60000000000002
10381,55,0.0,257.8,257.8
10382,36,6.0,177.4,171.4
10383,43,27.6,227.8,200.20000000000002
10385,57,5.0,214.8,209.8
10386,34,0.0,257.6,257.6
10390,36,5.6,253.6,248.0
10391,47,4.8,224.6,219.79999999999998
10393,57,0.8,247.2,246.39999999999998
10394,74,4.6,246.4,241.8
10395,56,4.6,239.2,234.6
10396,15,6.8,96.4,89.60000000000001
10397,29,7.6,137.0,129.4
10398,9,28.2,150.4,122.2
10399,8,17.4,248.0,230.6
10400,67,4.6,209.6,205.0
10401,55,0.0,217.6,217.6
10402,65,4.8,224.4,219.6
10403,20,0.2,174.2,174.0
10404,56,9.0,207.8,198.8
10405,17,13.6,233.0,219.4
10406,50,8.0,237.2,229.2
10407,10,11.4,129.2,117.79999999999998
10408,36,1.8,233.8,232.0
10409,48,14.8,214.4,199.6
10410,26,10.4,141.6,131.2
10411,37,2.4,248.6,246.2
10413,47,4.8,174.6,169.79999999999998
10414,61,4.8,253.4,248.6
10415,28,2.4,157.6,155.2
10416,52,1.2,212.8,211.60000000000002
10417,12,15.8,187.0,171.2
10421,38,5.2,203.0,197.8
10422,30,4.6,145.6,141.0
10423,60,0.8,260.6,259.8
10424,58,0.0,238.8,238.8
10426,36,0.0,216.4,216.4
10427,33,0.0,228.8,228.8
10429,13,16.2,170.4,154.20000000000002
10430,24,28.2,216.0,187.8
10431,8,23.0,190.4,167.4
10433,29,6.0,145.4,139.4
10434,9,1.4,96.4,95.0
10435,40,0.8,143.4,142.6
10436,67,0.4,242.6,242.2
10437,19,21.0,217.6,196.6
10438,52,5.8,248.2,242.39999999999998
10441,8,9.0,196.2,187.2
10442,17,2.8,206.8,204.0
10443,55,4.2,251.8,247.60000000000002
10444,14,5.6,129.2,123.6
10446,68,3.0,255.4,252.4
10448,12,15.6,141.4,125.80000000000001
10449,65,4.4,239.2,234.79999999999998
10450,17,9.8,200.8,191.0
10451,24,2.2,89.4,87.2
10452,43,1.8,246.2,244.39999999999998
10453,50,5.8,229.4,223.6
10454,92,0.2,246.4,246.20000000000002
10455,56,2.4,175.0,172.6
10456,30,6.0,141.6,135.6
10458,48,5.0,247.4,242.4
10459,29,15.2,141.2,125.99999999999999
10460,50,0.0,249.0,249.0
10461,38,5.4,180.6,175.2
10463,69,6.2,259.6,253.40000000000003
10464,49,15.0,232.6,217.6
10465,36,0.0,105.8,105.8
10466,68,4.6,249.2,244.6
10467,44,6.2,237.8,231.60000000000002
10468,5,4.2,173.4,169.20000000000002
10469,69,14.2,257.6,243.40000000000003
10473,27,5.8,141.6,135.79999999999998
10474,49,3.4,233.2,229.79999999999998
10475,51,0.0,247.6,247.6
10476,55,2.4,193.2,190.79999999999998
10481,60,6.6,242.8,236.20000000000002
10482,39,8.4,179.4,171.0
10483,58,0.4,220.2,219.79999999999998
10485,57,10.6,239.8,229.20000000000002
10487,83,3.6,249.0,245.4
10488,68,5.0,229.4,224.4
10489,25,0.2,233.0,232.8
10490,53,7.2,241.4,234.20000000000002
10491,68,4.2,248.8,244.60000000000002
10492,58,2.2,213.8,211.60000000000002
10493,78,4.4,230.2,225.79999999999998
10496,52,0.4,194.4,194.0
10498,29,12.6,239.6,227.0
10499,42,0.2,213.0,212.8
10500,47,24.2,238.2,214.0
10501,49,5.6,242.0,236.4
10503,33,7.0,137.6,130.6
10504,28,17.6,244.8,227.20000000000002
10505,65,5.6,242.8,237.20000000000002
10507,12,12.6,135.4,122.80000000000001
10508,55,18.4,207.2,188.79999999999998
10511,40,4.8,235.2,230.39999999999998
10513,12,12.8,241.2,228.39999999999998
10514,33,0.8,236.2,235.39999999999998
10515,29,0.0,222.6,222.6
10516,54,8.0,238.6,230.6
10517,20,0.0,174.2,174.2
10518,9,16.8,121.0,104.2
10519,38,33.6,229.0,195.4
10520,47,5.6,212.8,207.20000000000002
10522,61,2.8,247.4,244.6
10524,49,4.4,228.4,224.0
10525,33,18.4,238.8,220.4
10526,28,20.4,219.6,199.2
10527,66,12.4,240.4,228.0
10529,51,4.0,227.0,223.0
10530,22,2.6,212.6,210.0
10531,29,13.2,206.2,193.0
10534,48,1.8,215.6,213.79999999999998
10535,59,1.6,230.8,229.20000000000002
10536,50,1.2,209.0,207.8
10537,58,0.2,228.0,227.8
10538,25,12.0,195.0,183.0
10539,13,10.8,134.6,123.8
10542,48,1.4,199.4,198.0
10543,40,0.0,241.4,241.4
10545,39,11.2,231.8,220.60000000000002
10546,45,14.8,215.2,200.39999999999998
10548,23,10.4,197.2,186.79999999999998
10549,9,32.0,217.0,185.0
10551,47,7.8,236.0,228.2
10553,49,11.8,235.6,223.79999999999998
10555,61,9.8,247.6,237.79999999999998
10556,40,10.8,217.0,206.2
10557,83,6.4,250.6,244.2
10558,51,6.4,240.2,233.79999999999998
10559,28,6.0,220.4,214.4
10560,42,14.4,234.2,219.79999999999998
10561,58,2.6,240.2,237.6
10562,15,0.0,206.8,206.8
10563,42,1.6,234.0,232.4
10565,23,0.0,208.0,208.0
10566,36,7.8,225.4,217.6
10568,27,7.4,174.2,166.79999999999998
10569,44,3.8,225.0,221.2
10570,48,1.2,212.6,211.4
10572,27,10.2,242.6,232.4
10573,28,8.6,204.8,196.20000000000002
10574,41,5.4,209.4,204.0
10575,53,3.6,232.2,228.6
10576,68,5.8,237.8,232.0
10578,80,0.4,238.2,237.79999999999998
10579,30,2.8,142.2,139.39999999999998
10580,57,3.2,226.4,223.20000000000002
10581,64,8.4,192.0,183.6
10582,12,9.8,137.0,127.2
10584,45,4.8,236.0,231.2
10585,52,4.2,243.6,239.4
10586,44,0.8,239.6,238.79999999999998
10587,48,0.0,158.4,158.4
10589,58,6.6,240.4,233.8
10592,59,2.0,219.0,217.0
10593,41,4.8,239.0,234.2
10596,32,0.0,222.4,222.4
10598,40,0.0,179.0,179.0
10599,62,2.4,230.4,228.0
10601,16,1.2,125.6,124.39999999999999
10602,62,5.4,235.4,230.0
10603,29,2.6,215.6,213.0
10605,44,4.4,232.4,228.0
10610,53,5.2,236.8,231.60000000000002
10611,21,0.4,210.0,209.6
10612,64,8.0,228.0,220.0
10613,74,0.0,247.4,247.4
10614,67,0.0,234.4,234.4
10615,78,0.0,211.0,211.0
10616,32,0.0,153.8,153.8
10619,10,10.8,98.0,87.2
10620,42,3.6,229.0,225.4
10622,52,0.0,232.0,232.0
10623,23,5.8,84.6,78.8
10624,48,1.2,228.4,227.20000000000002
10625,35,4.4,218.6,214.2
10626,57,2.0,237.8,235.8
10627,57,0.4,218.0,217.6
10628,51,3.2,217.0,213.8
10629,41,6.2,165.6,159.4
10630,68,11.0,248.4,237.4
10631,52,0.0,227.0,227.0
10632,20,10.0,161.4,151.4
10633,23,5.6,125.6,120.0
10634,48,0.2,233.0,232.8
10636,39,35.8,211.0,175.2
10637,28,8.8,196.4,187.6
10638,67,4.6,237.8,233.20000000000002
10639,30,13.2,217.0,203.8
10643,76,2.0,231.6,229.6
10644,50,6.0,208.4,202.4
10645,53,9.8,185.8,176.0
10646,49,2.6,219.4,216.8
10647,51,11.2,239.0,227.8
10648,60,5.0,240.6,235.6
10649,37,1.0,225.0,224.0
10650,51,9.0,232.4,223.4
10652,5,82.4,127.2,44.8
10655,56,9.4,232.2,222.79999999999998
10657,51,6.0,185.2,179.2
10658,38,5.8,179.4,173.6
10659,48,1.8,242.6,240.79999999999998
10660,51,5.0,232.2,227.2
10661,46,0.0,227.0,227.0
10665,60,5.0,229.0,224.0
10666,47,0.0,166.6,166.6
10667,53,3.4,222.4,219.0
10668,41,0.0,212.6,212.6
10669,64,4.8,234.6,229.79999999999998
10670,55,4.6,221.6,217.0
10672,47,4.6,240.2,235.6
10673,30,8.4,207.0,198.6
10674,18,24.8,215.4,190.6
10676,11,0.0,141.2,141.2
10677,54,5.6,213.4,207.8
10678,31,0.0,230.2,230.2
10679,40,4.8,215.4,210.6
10680,47,7.2,229.0,221.8
10681,18,5.6,158.4,152.8
10683,35,4.6,231.8,227.20000000000002
10684,33,4.8,232.0,227.2
10685,33,0.6,131.6,131.0
10686,39,4.8,207.2,202.39999999999998
10688,9,46.4,216.4,170.0
10689,27,4.6,168.4,163.8
10690,77,0.2,245.4,245.20000000000002
10691,34,1.2,192.8,191.60000000000002
10692,16,13.2,134.8,121.60000000000001
10693,30,4.6,180.4,175.8
10697,49,5.8,206.0,200.2
10698,45,2.8,219.8,217.0
10699,33,1.2,229.4,228.20000000000002
10700,39,5.0,192.6,187.6
10701,31,10.4,240.2,229.79999999999998
10702,56,3.4,237.2,233.79999999999998
10704,42,5.8,191.4,185.6
10705,66,0.0,192.0,192.0
10706,42,7.2,237.0,229.8
10707,26,2.2,139.6,137.4
10708,38,10.0,240.4,230.4
10709,87,3.2,241.4,238.20000000000002
10713,47,0.0,239.4,239.4
10715,29,6.2,140.4,134.20000000000002
10716,62,5.0,228.0,223.0
10717,31,0.4,219.2,218.79999999999998
10718,57,0.0,226.6,226.6
10719,24,56.2,199.6,143.39999999999998
10720,42,4.4,236.6,232.2
10721,11,4.2,145.6,141.4
10723,48,2.8,227.0,224.2
10724,45,9.0,150.8,141.8
10725,52,3.0,239.4,236.4
10727,43,0.0,230.2,230.2
10728,57,9.0,235.8,226.8
10731,43,5.8,207.6,201.79999999999998
10735,52,5.8,216.6,210.79999999999998
10736,23,7.6,214.6,207.0
10737,10,0.6,161.6,161.0
10738,11,6.0,124.0,118.0
10739,12,12.6,145.8,133.20000000000002
10740,20,7.8,198.8,191.0
10742,52,2.6,193.2,190.6
10743,51,1.2,223.2,222.0
10744,34,0.4,201.8,201.4
10745,57,8.6,207.2,198.6
10746,44,0.0,208.0,208.0
10747,51,6.6,232.0,225.4
10748,33,6.8,228.2,221.39999999999998
10752,39,6.2,244.6,238.4
10754,79,4.8,231.6,226.79999999999998
10757,55,3.6,212.8,209.20000000000002
10759,38,0.2,196.8,196.60000000000002
10761,72,5.4,239.0,233.6
10765,64,4.8,227.4,222.6
10768,40,4.8,172.8,168.0
10769,41,3.6,165.8,162.20000000000002
10770,52,4.8,224.2,219.39999999999998
10771,55,7.2,229.6,222.4
10772,71,6.0,244.0,238.0
10773,47,0.0,230.2,230.2
10774,64,17.8,234.4,216.6
10776,25,0.0,194.6,194.6
10778,31,8.8,157.0,148.2
10779,29,6.8,197.8,191.0
10780,59,4.0,230.6,226.6
10781,34,0.8,225.4,224.6
10784,74,0.0,237.8,237.8
10786,67,6.4,230.4,224.0
10787,70,10.4,225.4,215.0
10788,31,6.0,144.0,138.0
10789,9,10.2,208.6,198.4
10790,33,0.0,184.0,184.0
10791,47,5.2,233.6,228.4
10793,41,8.2,209.0,200.8
10794,44,3.6,200.4,196.8
10797,62,1.0,204.6,203.6
10798,62,1.2,231.8,230.60000000000002
10800,14,81.8,215.6,133.8
10801,47,4.4,211.8,207.4
10802,51,2.6,201.4,198.8
10803,15,1.0,156.4,155.4
10804,69,4.0,226.6,222.6
10805,52,5.8,220.6,214.79999999999998
10807,17,0.8,143.6,142.79999999999998
10809,38,8.2,230.6,222.4
10810,16,6.8,189.0,182.2
10811,36,13.8,215.8,202.0
10812,27,1.0,218.6,217.6
10813,67,3.8,231.0,227.2
10814,79,0.2,232.6,232.4
10816,29,12.0,214.4,202.4
10818,66,4.8,231.2,226.39999999999998
10820,36,11.6,218.4,206.8
10821,25,30.6,207.0,176.4
10822,16,6.8,138.6,131.79999999999998
10824,34,0.6,126.6,126.0
10825,46,7.8,222.2,214.39999999999998
10826,81,0.2,224.2,224.0
10828,35,0.0,216.8,216.8
10829,54,0.0,220.6,220.6
10830,13,6.4,192.8,186.4
10831,28,12.2,215.8,203.60000000000002
10832,47,5.6,217.0,211.4
10833,65,0.0,226.2,226.2
10835,50,1.4,206.0,204.6
10836,36,4.6,215.8,211.20000000000002
10837,72,3.2,230.8,227.60000000000002
10838,44,3.0,200.4,197.4
10839,23,16.4,234.8,218.4
10840,28,11.6,215.8,204.20000000000002
10842,54,4.6,220.0,215.4
10844,27,2.0,95.8,93.8
10845,55,0.0,218.8,218.8
10846,61,0.0,190.4,190.4
10847,43,5.6,230.8,225.20000000000002
10848,27,7.6,126.4,118.80000000000001
10850,34,3.4,236.6,233.2
10851,63,5.8,221.0,215.2
10852,24,0.0,193.4,193.4
10855,57,19.0,237.6,218.6
10856,65,4.2,230.0,225.8
10857,35,6.0,162.8,156.8
10858,41,7.2,217.8,210.60000000000002
10861,11,2.4,91.0,88.6
10862,45,5.0,215.2,210.2
10863,55,4.0,233.0,229.0
10864,44,7.8,214.6,206.79999999999998
10865,32,3.6,132.2,128.6
10866,51,8.8,218.4,209.6
10867,11,41.6,199.2,157.6
10868,38,19.4,176.6,157.2
10869,28,6.4,185.4,179.0
10870,44,9.2,218.4,209.20000000000002
10871,46,4.8,227.6,222.79999999999998
10872,47,0.0,213.4,213.4
10873,71,1.4,228.2,226.79999999999998
10875,50,1.6,196.6,195.0
10876,6,24.0,155.0,131.0
10877,61,2.2,227.0,224.8
10878,59,5.8,235.4,229.6
10879,31,5.8,213.6,207.79999999999998
10880,23,0.0,184.2,184.2
10881,42,13.6,225.0,211.4
10882,63,2.4,224.6,222.2
10883,49,13.8,223.2,209.39999999999998
10884,60,5.6,232.0,226.4
10888,79,4.4,239.8,235.4
10889,8,18.2,131.4,113.2
10890,52,5.6,217.6,212.0
10893,43,0.0,204.6,204.6
10894,55,0.0,218.4,218.4
10898,34,6.8,174.6,167.79999999999998
10900,31,3.6,181.8,178.20000000000002
10901,52,6.6,233.2,226.6
10903,56,0.2,216.2,216.0
10904,26,0.0,208.8,208.8
10905,29,4.6,167.0,162.4
10906,52,4.4,216.0,211.6
10907,46,0.2,212.4,212.20000000000002
10909,14,5.0,133.8,128.8
10911,49,11.8,230.8,219.0
10913,33,15.4,229.4,214.0
10915,23,0.0,196.8,196.8
10917,13,20.0,216.2,196.2
10919,78,2.8,225.6,222.79999999999998
10920,20,0.4,197.2,196.79999999999998
10923,46,4.2,152.0,147.8
10925,79,4.2,232.0,227.8
10926,52,4.4,220.4,216.0
10927,55,4.2,224.4,220.20000000000002
10928,44,8.6,216.8,208.20000000000002
10930,57,5.6,231.2,225.6
10931,24,12.0,171.8,159.8
10933,37,9.2,195.4,186.20000000000002
10934,46,5.4,198.6,193.2
10935,41,4.6,201.4,196.8
10937,19,11.0,152.8,141.8
10938,75,7.0,233.0,226.0
10939,76,0.0,216.2,216.2
10940,31,15.0,173.2,158.2
10944,82,2.4,209.6,207.2
10945,51,0.8,228.4,227.6
10947,50,0.6,218.4,217.8
10948,45,1.8,204.4,202.6
10950,55,4.0,219.6,215.6
10953,31,6.6,217.6,211.0
10954,42,8.6,191.2,182.6
10955,61,4.8,223.0,218.2
10957,30,7.8,211.4,203.6
10958,41,15.0,217.0,202.0
10960,21,52.0,194.6,142.6
10961,15,10.2,229.8,219.60000000000002
10962,32,11.2,214.0,202.8
10964,66,2.8,231.0,228.2
10965,64,0.2,233.8,233.60000000000002
10968,45,8.0,215.4,207.4
10969,28,4.6,200.0,195.4
10971,57,0.0,226.4,226.4
10972,38,0.6,216.2,215.6
10973,47,2.0,220.6,218.6
10974,9,10.8,150.4,139.6
10975,6,3.0,173.4,170.4
10976,67,6.0,224.8,218.8
10977,6,8.0,93.8,85.8
10979,64,4.8,221.6,216.79999999999998
10980,45,4.8,223.8,219.0
10981,40,4.8,196.6,191.79999999999998
10982,5,66.4,155.8,89.4
10983,61,5.6,229.4,223.8
10984,54,3.4,210.6,207.2
10985,47,5.0,230.6,225.6
10986,54,1.2,229.8,228.60000000000002
10987,28,0.8,218.8,218.0
10988,41,7.8,226.2,218.39999999999998
10989,44,1.6,226.8,225.20000000000002
10990,46,16.8,210.8,194.0
10991,39,35.6,203.0,167.4
10993,68,2.6,218.4,215.8
10994,45,10.4,210.6,200.2
10995,6,6.8,183.6,176.79999999999998
10996,31,8.0,219.4,211.4
10997,58,1.4,216.0,214.6
10999,22,3.8,132.4,128.6
11000,34,11.4,234.8,223.4
11001,41,0.0,181.4,181.4
11002,50,24.2,231.8,207.60000000000002
11003,26,5.2,184.2,179.0
11006,55,24.4,231.6,207.2
11007,10,17.4,214.8,197.4
11008,67,0.0,222.8,222.8
11010,42,8.6,113.6,105.0
11011,21,16.0,225.2,209.2
11012,55,4.4,182.2,177.79999999999998
11017,67,2.8,231.8,229.0
11018,49,1.4,223.4,222.0
11019,54,1.2,223.8,222.60000000000002
11020,69,0.8,217.2,216.39999999999998
11021,23,0.0,116.0,116.0
11022,43,4.4,208.0,203.6
11024,51,3.8,232.2,228.39999999999998
11026,44,5.8,235.4,229.6
11028,53,2.2,218.4,216.20000000000002
11029,21,11.4,200.0,188.6
11030,52,0.8,205.6,204.79999999999998
11031,26,10.6,206.8,196.20000000000002
11033,27,5.0,78.2,73.2
11035,29,19.8,216.0,196.2
11036,11,2.6,164.8,162.20000000000002
11039,49,1.0,187.8,186.8
11042,92,12.6,224.2,211.6
11043,101,5.0,226.8,221.8
11044,47,4.8,195.4,190.6
11046,52,0.0,208.8,208.8
11049,34,3.6,162.4,158.8
11050,9,13.8,84.2,70.4
11051,26,4.2,167.4,163.20000000000002
11052,23,4.2,140.6,136.4
11053,9,0.2,169.0,168.8
11054,45,8.2,224.0,215.8
11055,88,16.8,219.8,203.0
11056,49,34.2,236.0,201.8
11057,28,2.6,96.4,93.80000000000001
11059,23,0.2,174.6,174.4
11060,46,0.0,203.8,203.8
11061,49,8.2,223.8,215.60000000000002
11062,56,0.2,219.4,219.20000000000002
11063,53,9.4,196.0,186.6
11064,16,5.0,162.6,157.6
11065,68,5.2,222.4,217.20000000000002
11066,28,14.2,224.0,209.8
11067,58,5.6,229.6,224.0
11068,64,5.4,234.0,228.6
11069,5,13.8,140.2,126.39999999999999
11070,33,7.6,176.0,168.4
11071,23,11.2,202.8,191.60000000000002
11073,53,5.0,217.0,212.0
11075,52,0.2,176.4,176.20000000000002
11076,53,5.6,219.6,214.0
11077,125,4.0,230.2,226.2
11078,48,5.0,203.2,198.2
11082,40,0.2,222.4,222.20000000000002
11083,81,3.4,221.4,218.0
11084,17,4.6,227.4,222.8
11087,55,10.4,218.0,207.6
11088,58,2.4,189.0,186.6
11089,40,12.6,218.4,205.8
11090,29,28.8,219.8,191.0
11091,55,24.8,221.8,197.0
11092,56,1.2,222.6,221.4
11093,20,0.6,192.8,192.20000000000002
11094,52,7.0,235.2,228.2
11096,12,9.8,144.0,134.2
11097,58,0.0,213.6,213.6
11099,40,5.0,222.4,217.4
11100,34,5.6,178.4,172.8
11102,45,11.2,211.4,200.20000000000002
11104,40,8.4,215.0,206.6
11105,19,3.4,176.4,173.0
11106,69,7.8,190.8,183.0
11107,54,3.6,223.8,220.20000000000002
11108,58,3.2,223.0,219.8
11110,53,8.0,226.4,218.4
11111,51,4.8,201.6,196.79999999999998
11112,40,0.0,124.8,124.8
11114,39,10.6,228.8,218.20000000000002
11115,50,0.0,208.2,208.2
11117,32,4.4,166.2,161.79999999999998
11118,71,8.8,229.2,220.39999999999998
11119,55,0.8,213.6,212.79999999999998
11120,50,4.2,199.2,195.0
11121,9,2.6,176.6,174.0
11123,58,9.2,212.4,203.20000000000002
11124,33,0.8,192.2,191.39999999999998
11125,62,2.2,220.8,218.60000000000002
11126,28,0.0,210.0,210.0
11127,26,14.8,211.6,196.79999999999998
11128,28,5.8,221.8,216.0
11129,73,0.0,223.8,223.8
11130,17,0.6,122.8,122.2
11131,52,0.0,220.8,220.8
11132,37,9.8,200.4,190.6
11134,21,46.0,210.4,164.4
11135,51,12.2,215.0,202.8
11137,17,7.8,80.6,72.8
11139,38,2.4,105.0,102.6
11140,40,0.2,202.4,202.20000000000002
11141,33,0.4,138.4,138.0
11143,17,13.6,188.4,174.8
11144,56,5.2,223.2,218.0
11145,61,11.4,218.8,207.4
11146,55,13.8,215.4,201.6
11147,34,4.8,200.4,195.6
11150,30,0.0,225.6,225.6
11151,21,5.6,199.4,193.8
11152,18,0.0,195.2,195.2
11153,37,2.4,110.4,108.0
11154,17,0.0,139.2,139.2
11157,40,11.8,213.6,201.79999999999998
11158,39,3.4,133.8,130.4
11160,40,0.0,209.2,209.2
11161,50,9.0,220.6,211.6
11163,86,7.0,215.4,208.4
11164,62,8.2,213.6,205.4
11165,72,2.8,193.4,190.6
11166,31,4.4,194.0,189.6
11167,45,7.0,201.0,194.0
11169,91,5.4,214.2,208.79999999999998
11170,28,0.0,206.8,206.8
11171,13,11.2,116.2,105.0
11173,48,4.6,210.8,206.20000000000002
11174,23,25.2,207.8,182.60000000000002
11176,22,4.8,194.4,189.6
11178,43,9.2,189.8,180.60000000000002
11179,55,2.0,216.8,214.8
11181,20,4.2,120.8,116.6
11182,51,4.2,224.0,219.8
11184,58,3.4,231.2,227.79999999999998
11185,18,40.6,176.8,136.20000000000002
11186,69,2.2,201.6,199.4
11188,41,5.8,143.4,137.6
11189,46,16.0,219.6,203.6
11190,62,2.6,190.4,187.8
11193,51,5.4,186.2,180.79999999999998
11194,57,2.4,198.4,196.0
11196,55,3.0,220.0,217.0
11197,57,3.4,229.4,226.0
11198,66,4.0,208.6,204.6
11199,40,3.0,181.4,178.4
11201,46,1.6,182.4,180.8
11202,11,0.0,176.8,176.8
11203,53,2.6,198.0,195.4
11205,7,39.0,180.2,141.2
11206,30,0.0,203.0,203.0
11207,37,5.8,213.4,207.6
11209,18,0.0,216.4,216.4
11210,24,0.0,206.2,206.2
11211,27,4.4,217.8,213.4
11212,10,28.8,161.6,132.79999999999998
11213,58,0.2,216.0,215.8
11215,50,11.4,217.0,205.6
11217,59,5.8,205.6,199.79999999999998
11219,54,8.2,212.2,204.0
11220,7,12.8,115.2,102.4
11222,16,8.0,222.4,214.4
11223,39,8.2,220.0,211.8
11226,28,0.0,213.4,213.4
11227,51,1.2,215.4,214.20000000000002
11228,29,10.6,165.8,155.20000000000002
11230,78,1.2,227.2,226.0
11231,25,2.6,218.0,215.4
11232,7,5.4,138.4,133.0
11233,57,5.2,225.2,220.0
11234,62,3.4,217.6,214.2
11235,52,1.6,207.6,206.0
11236,43,5.6,179.2,173.6
11239,46,3.0,215.6,212.6
11240,41,0.0,133.4,133.4
11241,61,4.8,215.8,211.0
11242,38,4.2,165.6,161.4
11243,41,14.0,217.0,203.0
11244,10,14.2,161.2,147.0
11245,6,21.4,127.4,106.0
11246,39,6.8,193.2,186.39999999999998
11248,70,6.2,212.0,205.8
11249,24,30.2,166.6,136.4
11251,103,0.0,199.8,199.8
11253,73,5.4,219.6,214.2
11254,71,1.2,206.0,204.8
11255,25,9.8,169.2,159.39999999999998
11257,75,1.0,225.6,224.6
11258,32,15.6,200.4,184.8
11259,6,32.6,172.2,139.6
11260,51,5.2,216.6,211.4
11261,22,0.0,204.8,204.8
11262,45,4.2,181.6,177.4
11264,16,9.0,154.8,145.8
11266,64,0.0,215.8,215.8
11269,45,7.8,217.6,209.79999999999998
11270,43,5.8,200.2,194.39999999999998
11272,49,18.4,216.8,198.4
11273,53,4.2,223.2,219.0
11275,73,6.0,216.6,210.6
11276,22,4.2,206.6,202.4
11277,35,6.8,207.6,200.79999999999998
11278,52,2.8,217.6,214.79999999999998
11279,47,3.6,146.6,143.0
11283,34,2.4,107.8,105.39999999999999
11284,63,4.2,209.6,205.4
11285,17,5.6,137.8,132.20000000000002
11288,58,6.4,222.0,215.6
11290,73,0.0,184.6,184.6
11292,25,2.6,112.4,109.80000000000001
11293,43,9.8,218.4,208.6
11295,63,2.8,221.6,218.79999999999998
11296,55,1.2,212.6,211.4
11298,57,4.2,221.2,217.0
11301,49,12.4,218.8,206.4
11302,17,7.0,173.4,166.4
11303,14,26.8,177.8,151.0
11304,52,15.0,222.2,207.2
11305,73,0.8,224.0,223.2
11306,49,5.8,198.8,193.0
11307,47,2.8,211.4,208.6
11312,32,4.4,155.2,150.79999999999998
11314,28,6.6,193.4,186.8
11316,56,0.0,225.6,225.6
11318,64,2.8,208.6,205.79999999999998
11319,72,0.0,221.4,221.4
11320,25,4.6,136.2,131.6
11321,48,0.0,212.4,212.4
11323,58,5.6,217.8,212.20000000000002
11324,64,13.4,205.8,192.4
11326,43,5.6,196.0,190.4
11328,52,21.2,209.8,188.60000000000002
11329,36,1.4,143.2,141.79999999999998
11331,51,6.2,214.4,208.20000000000002
11332,8,2.2,143.0,140.8
11333,42,4.2,194.8,190.60000000000002
11337,50,8.4,226.4,218.0
11338,44,1.8,193.8,192.0
11339,44,9.6,210.6,201.0
11340,53,5.0,207.4,202.4
11341,23,0.2,220.8,220.60000000000002
11343,38,6.8,187.2,180.39999999999998
11344,47,3.6,207.6,204.0
11346,11,14.4,175.4,161.0
11347,66,5.6,219.6,214.0
11348,44,4.2,198.4,194.20000000000002
11349,58,1.6,220.2,218.6
11350,63,4.2,229.2,225.0
11352,44,0.0,221.0,221.0
11353,19,0.2,196.4,196.20000000000002
11355,58,10.6,211.0,200.4
11356,40,29.6,212.6,183.0
11359,32,6.0,159.8,153.8
11360,46,5.6,216.8,211.20000000000002
11361,62,2.2,216.6,214.4
11366,76,0.0,220.8,220.8
11367,14,4.0,212.6,208.6
11368,52,1.6,162.2,160.6
11369,36,1.4,216.8,215.4
11370,9,18.0,203.8,185.8
11372,51,3.4,203.8,200.4
11376,14,69.8,218.2,148.39999999999998
11377,50,6.8,225.4,218.6
11378,55,4.8,208.6,203.79999999999998
11379,53,8.4,203.4,195.0
11380,16,6.8,193.4,186.6
11382,54,0.0,211.2,211.2
11384,50,5.4,214.6,209.2
11386,47,6.2,175.8,169.60000000000002
11387,73,6.0,217.6,211.6
11389,37,3.6,152.6,149.0
11390,58,18.0,218.4,200.4
11391,64,10.8,214.2,203.39999999999998
11395,22,9.2,179.0,169.8
11398,59,0.0,219.6,219.6
11399,53,3.4,189.0,185.6
11400,31,9.0,141.0,132.0
11401,39,3.6,170.0,166.4
11403,34,6.0,165.0,159.0
11405,40,6.2,186.2,180.0
11406,12,15.0,140.2,125.19999999999999
11407,34,5.8,176.6,170.79999999999998
11409,43,11.2,218.0,206.8
11410,28,5.6,115.4,109.80000000000001
11412,20,22.0,200.2,178.2
11414,23,12.0,201.0,189.0
11415,46,2.2,181.4,179.20000000000002
11416,52,6.0,203.8,197.8
11418,50,4.6,195.8,191.20000000000002
11419,57,1.2,211.8,210.60000000000002
11420,12,1.6,202.6,201.0
11421,12,18.4,162.0,143.6
11422,27,2.6,199.8,197.20000000000002
11423,26,1.8,176.8,175.0
11424,13,0.6,130.8,130.20000000000002
11427,41,4.8,200.2,195.39999999999998
11428,17,0.0,149.0,149.0
11429,63,0.4,209.8,209.4
11431,40,4.2,211.8,207.60000000000002
11432,36,11.2,188.6,177.4
11433,39,5.4,206.4,201.0
11434,40,0.0,205.4,205.4
11436,35,2.8,126.0,123.2
11437,52,5.8,217.2,211.39999999999998
11438,26,0.6,138.0,137.4
11440,39,0.0,144.0,144.0
11441,50,0.0,213.0,213.0
11442,50,5.0,197.8,192.8
11443,31,6.2,227.0,220.8
11445,16,6.4,135.0,128.6
11446,58,6.4,208.8,202.4
11447,25,1.4,185.2,183.79999999999998
11448,51,2.2,204.4,202.20000000000002
11451,34,16.8,159.8,143.0
11452,58,5.8,217.2,211.39999999999998
11453,38,7.0,207.6,200.6
11455,50,0.0,206.4,206.4
11456,47,0.0,212.0,212.0
11457,52,3.6,199.8,196.20000000000002
11458,55,6.2,202.8,196.60000000000002
11463,45,0.0,154.0,154.0
11464,34,14.0,197.6,183.6
11467,14,14.2,213.0,198.8
11468,5,9.8,140.0,130.2
11469,44,4.2,203.6,199.4
11470,55,4.0,194.4,190.4
11471,21,67.2,173.6,106.39999999999999
11472,46,0.0,192.6,192.6
11473,50,5.6,205.0,199.4
11476,33,12.0,206.4,194.4
11477,38,0.0,209.8,209.8
11480,26,2.6,141.2,138.6
11481,36,0.8,210.2,209.39999999999998
11482,61,0.2,208.8,208.60000000000002
11483,53,22.8,214.0,191.2
11486,49,1.2,223.8,222.60000000000002
11487,30,4.8,107.0,102.2
11488,29,15.4,186.0,170.6
11492,66,0.4,213.0,212.6
11493,31,10.0,158.4,148.4
11494,59,8.4,214.4,206.0
11495,20,0.2,199.6,199.4
11496,105,0.0,189.8,189.8
11497,58,0.0,213.6,213.6
11500,61,5.0,217.2,212.2
11501,41,4.4,212.6,208.2
11503,37,4.0,215.8,211.8
11504,41,0.6,228.2,227.6
11505,47,1.4,214.4,213.0
11506,54,0.2,196.4,196.20000000000002
11507,54,5.4,216.4,211.0
11508,31,1.8,214.4,212.6
11509,32,12.0,159.6,147.6
11510,49,16.2,215.2,199.0
11511,40,1.2,160.0,158.8
11513,17,16.2,174.8,158.60000000000002
11514,13,8.4,210.2,201.79999999999998
11515,59,4.4,217.6,213.2
11517,60,0.8,225.8,225.0
11518,65,0.0,215.8,215.8
11519,55,2.4,202.4,200.0
11520,7,66.6,162.8,96.20000000000002
11521,50,3.6,204.4,200.8
11523,39,0.0,212.8,212.8
11524,56,10.2,210.0,199.8
11525,40,5.4,184.8,179.4
11526,41,6.0,214.4,208.4
11527,42,15.0,160.2,145.2
11528,49,7.2,202.6,195.4
11529,6,5.2,174.6,169.4
11530,29,10.2,172.2,162.0
11531,45,2.4,170.2,167.79999999999998
11532,37,0.0,174.8,174.8
11533,45,10.4,209.0,198.6
11534,43,9.6,168.0,158.4
11535,11,0.0,152.2,152.2
11538,52,9.2,207.0,197.8
11539,43,1.2,195.8,194.60000000000002
11540,44,4.0,210.8,206.8
11541,5,9.6,125.6,116.0
11542,35,4.2,172.4,168.20000000000002
11543,48,2.2,211.0,208.8
11544,64,7.6,207.8,200.20000000000002
11546,67,3.6,204.4,200.8
11548,43,12.6,202.0,189.4
11550,69,1.4,215.4,214.0
11551,34,13.2,137.0,123.8
11555,64,2.4,206.6,204.2
11558,33,7.6,213.6,206.0
11559,68,2.4,207.2,204.79999999999998
11560,43,5.4,201.8,196.4
11563,71,2.4,191.6,189.2
11564,47,5.6,207.2,201.6
11565,45,0.0,145.2,145.2
11566,19,0.2,199.0,198.8
11567,21,1.0,189.2,188.2
11568,50,3.4,220.6,217.2
11569,58,0.0,214.8,214.8
11570,25,10.2,198.8,188.60000000000002
11571,75,2.2,204.6,202.4
11572,54,6.0,201.2,195.2
11573,59,3.0,215.6,212.6
11575,50,4.2,217.6,213.4
11577,57,0.4,204.6,204.2
11578,57,0.0,207.2,207.2
11582,34,0.0,169.6,169.6
11586,27,2.8,202.6,199.79999999999998
11587,18,11.0,171.6,160.6
11590,48,3.2,190.6,187.4
11593,101,3.8,188.0,184.2
11595,66,1.8,217.4,215.6
11600,36,11.2,217.4,206.20000000000002
11601,33,3.0,143.0,140.0
11602,41,5.0,202.0,197.0
11603,55,8.0,199.8,191.8
11604,37,6.4,176.8,170.4
11608,51,0.8,207.0,206.2
11609,36,2.8,215.4,212.6
11610,19,17.0,179.2,162.2
11611,27,3.0,141.0,138.0
11614,31,1.2,194.2,193.0
11615,109,0.8,205.6,204.79999999999998
11616,52,11.8,223.4,211.6
11617,26,10.8,206.6,195.79999999999998
11619,58,4.8,185.2,180.39999999999998
11623,57,4.8,196.0,191.2
11624,11,12.4,196.0,183.6
11625,21,0.0,104.8,104.8
11627,66,4.8,212.2,207.39999999999998
11629,37,19.4,181.4,162.0
11630,15,0.0,130.2,130.2
11632,59,0.8,153.8,153.0
11633,51,12.4,206.2,193.79999999999998
11634,20,20.4,196.4,176.0
11637,64,0.6,209.4,208.8
11638,51,7.0,194.0,187.0
11639,25,2.4,125.2,122.8
11640,46,0.8,200.2,199.39999999999998
11642,53,13.8,212.6,198.79999999999998
11643,27,7.8,199.2,191.39999999999998
11644,42,0.8,214.2,213.39999999999998
11645,58,4.8,209.2,204.39999999999998
11646,41,5.6,205.0,199.4
11647,62,5.2,219.6,214.4
11648,61,0.0,208.4,208.4
11649,52,1.0,209.2,208.2
11650,33,3.2,202.6,199.4
11652,52,10.2,199.0,188.8
11653,21,4.0,96.6,92.6
11654,30,9.0,201.6,192.6
11655,31,0.0,166.4,166.4
11657,8,12.4,145.2,132.79999999999998
11658,17,8.8,144.4,135.6
11659,58,5.0,209.0,204.0
11660,51,0.0,184.8,184.8
11662,48,5.8,217.4,211.6
11665,44,5.2,199.8,194.60000000000002
11666,36,0.0,196.4,196.4
11667,24,0.2,198.0,197.8
11668,24,8.8,182.0,173.2
11669,48,8.0,217.2,209.2
11670,50,8.4,201.4,193.0
11671,17,13.4,167.4,154.0
11672,53,5.0,211.4,206.4
11673,71,10.8,213.2,202.39999999999998
11674,53,4.8,211.8,207.0
11675,39,6.2,161.4,155.20000000000002
11676,49,0.0,187.0,187.0
11677,11,19.8,136.8,117.00000000000001
11678,13,0.2,173.6,173.4
11679,54,3.0,210.0,207.0
11680,27,3.8,103.8,100.0
11681,51,3.4,215.6,212.2
11682,50,3.6,175.8,172.20000000000002
11683,55,0.2,208.6,208.4
11684,56,6.0,181.0,175.0
11686,17,4.0,183.4,179.4
11688,54,0.0,214.2,214.2
11693,38,4.2,118.6,114.39999999999999
11694,62,1.4,185.0,183.6
11696,55,3.2,158.8,155.60000000000002
11701,77,4.2,210.0,205.8
11703,37,5.8,158.2,152.39999999999998
11706,29,35.4,182.6,147.2
11707,28,6.4,174.2,167.79999999999998
11708,21,0.8,201.6,200.79999999999998
11710,55,16.6,210.6,194.0
11712,42,2.8,206.8,204.0
11715,34,5.0,189.8,184.8
11716,38,14.0,188.6,174.6
11718,53,5.2,198.2,193.0
11719,46,1.4,210.0,208.6
11720,29,4.0,83.0,79.0
11721,14,0.0,143.6,143.6
11724,49,5.2,191.0,185.8
11725,48,4.2,213.6,209.4
11730,41,16.2,185.8,169.60000000000002
11732,44,2.2,198.0,195.8
11733,37,0.4,209.4,209.0
11734,43,1.6,183.0,181.4
11735,61,1.8,207.4,205.6
11737,84,0.6,209.2,208.6
11738,19,0.4,168.2,167.79999999999998
11740,30,5.6,141.2,135.6
11742,39,13.4,197.0,183.6
11744,36,2.8,174.8,172.0
11746,74,1.4,202.4,201.0
11747,49,5.2,206.4,201.20000000000002
11748,45,3.4,200.2,196.79999999999998
11749,32,0.0,171.0,171.0
11750,34,3.6,106.8,103.2
11752,44,16.0,189.4,173.4
11753,27,1.2,186.2,185.0
11756,52,5.4,199.4,194.0
11757,22,2.2,101.0,98.8
11758,30,0.0,130.4,130.4
11759,57,5.2,209.2,204.0
11760,49,4.8,197.8,193.0
11763,29,17.6,173.0,155.4
11765,28,8.4,149.8,141.4
11767,54,5.0,215.6,210.6
11768,53,5.6,200.2,194.6
11769,6,49.2,179.6,130.39999999999998
11773,52,3.2,210.6,207.4
11774,47,0.0,200.8,200.8
11775,5,8.8,65.0,56.2
11777,32,1.6,185.6,184.0
11783,10,12.6,196.6,184.0
11785,28,9.2,206.0,196.8
11786,42,7.0,200.4,193.4
11788,62,7.0,190.4,183.4
11791,39,5.4,164.4,159.0
11792,47,0.6,184.2,183.6
11793,43,1.4,188.6,187.2
11794,23,24.2,168.2,144.0
11795,50,5.8,201.4,195.6
11796,8,12.2,135.0,122.8
11797,61,3.6,188.6,185.0
11798,96,9.8,164.0,154.2
11799,66,5.2,183.0,177.8
11800,37,5.2,199.8,194.60000000000002
11803,25,7.2,146.8,139.60000000000002
11804,52,5.4,185.2,179.79999999999998
11806,16,3.0,176.4,173.4
11807,70,3.8,205.8,202.0
11808,40,1.0,159.0,158.0
11809,48,6.2,213.0,206.8
11810,48,6.0,197.2,191.2
11811,38,0.0,173.6,173.6
11812,40,7.4,168.4,161.0
11813,11,15.2,166.6,151.4
11815,55,6.0,204.8,198.8
11816,51,5.4,217.4,212.0
11817,56,6.0,216.8,210.8
11820,48,6.0,210.4,204.4
11822,44,6.2,214.8,208.60000000000002
11823,32,4.6,207.6,203.0
11824,31,19.4,206.6,187.2
11828,12,15.8,131.6,115.8
11829,66,6.4,217.4,211.0
11831,49,6.0,194.4,188.4
11832,53,9.8,194.8,185.0
11833,51,6.0,193.4,187.4
11834,41,3.4,181.6,178.2
11835,43,8.0,197.2,189.2
11836,10,40.0,140.2,100.19999999999999
11838,54,6.0,213.6,207.6
11839,24,25.4,178.0,152.6
11841,36,8.8,179.8,171.0
11842,25,13.6,197.6,184.0
11843,47,6.6,214.2,207.6
11844,43,6.6,201.0,194.4
11845,20,4.4,80.0,75.6
11846,36,5.0,182.4,177.4
11848,32,6.2,181.2,175.0
11851,51,9.0,202.4,193.4
11852,52,6.6,212.8,206.20000000000002
11855,52,3.4,180.8,177.4
11856,48,5.6,184.0,178.4
11857,40,6.2,187.0,180.8
11858,51,5.8,196.4,190.6
11859,54,6.2,196.8,190.60000000000002
11860,30,8.0,180.0,172.0
11861,50,5.4,189.0,183.6
11862,37,5.4,195.8,190.4
11863,49,0.2,172.6,172.4
11864,56,5.6,165.4,159.8
11866,16,8.8,126.6,117.8
11867,26,0.0,166.0,166.0
11868,11,0.0,158.8,158.8
11870,28,25.4,178.6,153.2
11871,29,7.2,192.4,185.20000000000002
11874,52,5.6,205.6,200.0
11875,43,9.2,165.6,156.4
11876,31,3.8,101.6,97.8
11877,55,3.6,193.4,189.8
11879,14,14.8,148.4,133.6
11880,25,8.6,182.8,174.20000000000002
11881,35,8.4,214.6,206.2
11882,36,0.0,162.2,162.2
11884,16,7.0,180.6,173.6
11885,45,13.6,192.6,179.0
11886,52,6.2,168.6,162.4
11887,51,2.8,197.6,194.79999999999998
11890,34,1.0,139.2,138.2
11893,35,2.8,198.8,196.0
11894,37,1.2,167.2,166.0
11895,47,5.8,185.2,179.39999999999998
11897,60,3.4,208.4,205.0
11898,23,0.0,146.8,146.8
11899,46,4.0,207.6,203.6
11900,54,0.8,196.2,195.39999999999998
11901,49,7.2,211.4,204.20000000000002
11902,47,8.0,185.8,177.8
11906,19,15.6,176.6,161.0
11911,36,0.0,173.6,173.6
11912,14,5.0,142.8,137.8
11913,63,0.0,205.8,205.8
11914,42,0.6,160.6,160.0
11915,65,5.8,209.6,203.79999999999998
11916,36,3.6,177.4,173.8
11918,20,3.0,93.6,90.6
11920,14,5.6,190.4,184.8
11921,29,0.0,141.0,141.0
11923,49,7.4,192.2,184.79999999999998
11926,10,16.4,194.6,178.2
11927,41,8.8,203.2,194.39999999999998
11928,15,12.0,183.4,171.4
11929,42,8.2,187.6,179.4
11930,36,0.8,160.4,159.6
11931,43,8.8,207.4,198.6
11934,36,26.4,199.8,173.4
11935,50,1.4,154.4,153.0
11936,53,1.4,176.0,174.6
11937,36,6.4,189.6,183.2
11938,12,10.4,185.2,174.79999999999998
11939,37,2.2,147.8,145.60000000000002
11940,43,1.0,184.8,183.8
11943,77,0.0,199.8,199.8
11944,13,3.0,173.4,170.4
11945,38,6.8,203.0,196.2
11946,35,17.6,180.6,163.0
11948,71,8.2,207.8,199.60000000000002
11949,35,0.8,178.6,177.79999999999998
11950,17,2.6,172.2,169.6
11951,22,0.0,136.6,136.6
11952,46,6.0,206.0,200.0
11954,67,5.2,200.0,194.8
11955,36,8.4,193.0,184.6
11956,52,3.6,214.4,210.8
11957,13,0.2,180.4,180.20000000000002
11958,52,6.0,196.2,190.2
11959,30,12.4,161.2,148.79999999999998
11960,45,3.0,183.8,180.8
11962,31,0.0,175.0,175.0
11963,43,2.8,190.4,187.6
11964,44,4.6,185.2,180.6
11966,54,0.0,198.8,198.8
11971,53,5.6,199.6,194.0
11972,7,9.8,139.4,129.6
11973,53,2.2,149.8,147.60000000000002
11977,41,0.4,122.6,122.19999999999999
11978,41,8.2,173.4,165.20000000000002
11980,63,0.0,200.0,200.0
11981,44,2.2,206.0,203.8
11982,35,0.0,185.8,185.8
11984,43,9.4,194.0,184.6
11985,22,9.6,181.8,172.20000000000002
11986,33,9.8,210.8,201.0
11987,57,0.8,184.2,183.39999999999998
11989,25,9.2,201.4,192.20000000000002
11990,14,27.6,170.8,143.20000000000002
11991,26,1.0,127.6,126.6
11992,57,2.8,203.4,200.6
11994,18,0.6,155.4,154.8
11997,51,6.2,207.2,201.0
11998,31,11.6,147.8,136.20000000000002
11999,45,6.0,211.2,205.2
12000,39,1.0,179.2,178.2
12003,19,0.4,177.0,176.6
12004,91,0.0,187.4,187.4
12005,68,3.0,205.8,202.8
12006,31,1.6,112.0,110.4
12009,36,5.2,204.2,199.0
12011,57,5.4,189.0,183.6
12013,37,5.6,170.6,165.0
12014,20,26.4,171.2,144.79999999999998
12015,48,6.0,191.6,185.6
12017,58,5.6,203.4,197.8
12018,35,7.8,174.4,166.6
12019,39,12.0,180.6,168.6
12021,28,13.6,193.0,179.4
12022,7,145.0,192.8,47.80000000000001
12023,62,2.8,187.4,184.6
12026,49,6.0,203.2,197.2
12027,47,0.0,162.4,162.4
12028,24,25.6,181.0,155.4
12029,31,1.6,137.4,135.8
12031,16,13.0,159.4,146.4
12034,26,4.6,125.4,120.80000000000001
12035,6,12.6,110.2,97.60000000000001
12036,30,4.8,168.2,163.39999999999998
12038,38,6.0,169.4,163.4
12041,55,2.8,189.8,187.0
12042,35,5.2,135.0,129.8
12046,37,2.2,170.8,168.60000000000002
12047,45,16.0,205.0,189.0
12048,41,11.0,184.2,173.2
12049,65,0.4,188.0,187.6
12050,30,0.6,95.6,95.0
12051,54,0.4,190.2,189.79999999999998
12054,9,6.8,163.4,156.6
12056,34,0.0,167.4,167.4
12057,22,25.2,153.0,127.8
12058,45,3.0,193.2,190.2
12061,21,13.0,199.8,186.8
12063,50,0.0,205.8,205.8
12064,32,5.2,188.8,183.60000000000002
12065,89,3.4,197.8,194.4
12066,21,10.8,134.2,123.39999999999999
12067,46,2.8,182.2,179.39999999999998
12068,33,34.4,187.0,152.6
12071,42,2.6,203.0,200.4
12072,58,5.8,172.2,166.39999999999998
12074,53,5.0,185.8,180.8
12075,26,0.0,147.8,147.8
12076,39,9.2,191.4,182.20000000000002
12077,65,2.8,201.0,198.2
12078,45,10.2,211.0,200.8
12080,31,13.2,210.0,196.8
12081,24,2.0,178.8,176.8
12082,42,0.2,180.0,179.8
12083,38,3.2,189.6,186.4
12084,46,13.2,211.8,198.60000000000002
12085,35,5.4,136.4,131.0
12091,9,0.0,170.0,170.0
12092,10,30.0,142.6,112.6
12093,26,0.2,187.2,187.0
12094,79,1.0,195.6,194.6
12095,21,0.0,166.8,166.8
12097,28,3.2,157.2,154.0
12098,48,2.8,172.2,169.39999999999998
12099,46,6.6,183.2,176.6
12100,62,1.4,204.2,202.79999999999998
12101,50,0.0,185.0,185.0
12102,54,1.4,190.4,189.0
12103,95,10.8,190.4,179.6
12104,12,5.2,184.8,179.60000000000002
12105,14,130.8,168.6,37.79999999999998
12106,27,0.0,168.6,168.6
12107,32,7.0,178.6,171.6
12108,20,0.0,155.8,155.8
12109,34,49.0,183.4,134.4
12110,39,12.6,184.6,172.0
12112,19,1.4,157.8,156.4
12113,13,0.0,172.0,172.0
12118,58,1.4,198.6,197.2
12119,52,8.6,182.4,173.8
12120,60,6.0,187.6,181.6
12122,49,2.6,197.4,194.8
12123,40,3.8,174.8,171.0
12124,47,1.0,173.0,172.0
12125,42,4.0,166.2,162.2
12127,58,2.6,204.8,202.20000000000002
12128,41,2.4,203.6,201.2
12131,60,3.0,121.2,118.2
12132,30,17.6,172.4,154.8
12133,50,4.2,188.2,184.0
12134,6,4.8,108.6,103.8
12135,48,4.6,184.8,180.20000000000002
12136,16,10.2,135.6,125.39999999999999
12137,23,0.2,200.0,199.8
12138,55,2.8,195.4,192.6
12139,11,40.8,141.6,100.8
12141,28,1.6,140.6,139.0
12142,52,5.6,200.4,194.8
12143,24,7.0,180.0,173.0
12146,19,17.2,160.0,142.8
12147,36,0.0,168.6,168.6
12148,35,8.8,193.8,185.0
12149,25,17.2,180.0,162.8
12151,50,0.0,188.4,188.4
12153,30,6.8,169.8,163.0
12157,33,1.4,168.0,166.6
12158,33,7.2,173.8,166.60000000000002
12160,18,14.8,158.4,143.6
12161,43,2.8,180.6,177.79999999999998
12162,31,47.0,165.6,118.6
12164,25,7.6,165.4,157.8
12165,32,3.0,143.0,140.0
12169,41,3.0,163.4,160.4
12170,48,6.2,183.0,176.8
12171,40,0.6,158.6,158.0
12172,35,3.0,187.2,184.2
12173,18,0.0,89.8,89.8
12174,55,0.4,187.8,187.4
12175,57,1.2,165.0,163.8
12176,33,2.4,175.4,173.0
12177,43,4.2,195.8,191.60000000000002
12178,7,0.0,45.4,45.4
12179,38,4.2,124.0,119.8
12180,60,0.6,196.8,196.20000000000002
12181,6,6.8,142.6,135.79999999999998
12182,31,2.0,141.2,139.2
12183,5,3.4,111.4,108.0
12184,26,10.6,151.8,141.20000000000002
12185,27,0.0,180.0,180.0
12186,53,5.2,151.0,145.8
12188,14,0.0,92.2,92.2
12189,31,5.6,133.8,128.20000000000002
12190,15,7.2,169.4,162.20000000000002
12192,42,27.6,183.8,156.20000000000002
12193,21,4.2,192.4,188.20000000000002
12194,57,3.6,121.8,118.2
12196,36,4.4,161.8,157.4
12199,16,5.2,136.0,130.8
12202,37,13.4,204.2,190.79999999999998
12204,43,4.0,174.8,170.8
12205,9,5.2,136.6,131.4
12206,20,2.8,129.8,127.00000000000001
12207,44,5.6,187.4,181.8
12209,58,2.2,194.2,192.0
12210,32,13.0,208.4,195.4
12214,38,5.0,161.8,156.8
12215,57,4.6,197.6,193.0
12216,14,14.4,92.2,77.8
12217,51,7.2,177.6,170.4
12218,22,8.8,174.8,166.0
12219,41,1.8,172.6,170.79999999999998
12220,34,14.8,191.6,176.79999999999998
12221,32,8.8,181.2,172.39999999999998
12222,34,28.2,174.4,146.20000000000002
12223,16,15.4,187.0,171.6
12224,41,0.4,154.6,154.2
12225,63,9.4,200.6,191.2
12227,27,0.0,183.8,183.8
12229,6,11.0,171.6,160.6
12230,24,3.0,122.2,119.2
12232,43,25.4,197.4,172.0
12233,41,5.8,180.8,175.0
12234,23,16.4,186.0,169.6
12235,14,11.8,164.4,152.6
12236,37,4.4,191.2,186.79999999999998
12237,41,0.6,146.8,146.20000000000002
12239,71,4.4,200.8,196.4
12240,13,0.2,169.6,169.4
12241,18,2.8,136.4,133.6
12242,43,0.0,183.2,183.2
12244,30,4.8,144.2,139.39999999999998
12245,42,4.8,189.2,184.39999999999998
12246,59,2.6,198.2,195.6
12248,34,0.2,194.8,194.60000000000002
12251,32,0.0,154.6,154.6
12252,10,0.0,118.4,118.4
12253,41,11.6,196.6,185.0
12254,36,5.6,176.6,171.0
12256,35,4.8,175.8,171.0
12257,34,4.4,156.8,152.4
12258,12,12.6,112.4,99.80000000000001
12259,50,5.4,186.0,180.6
12260,27,5.2,159.6,154.4
12261,9,2.0,154.6,152.6
12263,38,16.8,176.0,159.2
12264,40,0.0,184.0,184.0
12265,31,16.4,156.6,140.2
12266,51,1.0,188.6,187.6
12267,28,15.4,169.6,154.2
12268,15,1.2,110.8,109.6
12269,38,5.0,178.6,173.6
12270,18,4.8,163.8,159.0
12273,57,1.8,198.8,197.0
12276,77,2.8,195.8,193.0
12277,39,6.0,197.8,191.8
12278,21,32.4,134.8,102.4
12279,15,4.6,134.8,130.20000000000002
12280,37,12.8,183.4,170.6
12283,76,5.4,202.2,196.79999999999998
12284,19,2.4,138.0,135.6
12285,15,5.2,172.0,166.8
12286,25,69.2,194.6,125.39999999999999
12288,22,2.4,197.6,195.2
12290,40,2.6,203.0,200.4
12292,32,2.8,172.2,169.39999999999998
12295,93,0.0,203.2,203.2
12297,43,8.4,184.0,175.6
12299,35,0.0,134.4,134.4
12303,38,0.2,191.4,191.20000000000002
12304,35,1.6,195.6,194.0
12306,32,9.0,147.8,138.8
12307,67,4.2,175.8,171.60000000000002
12308,46,0.0,186.0,186.0
12309,77,7.2,190.2,183.0
12310,48,5.6,185.8,180.20000000000002
12311,11,1.8,186.6,184.79999999999998
12312,32,4.8,202.6,197.79999999999998
12313,43,4.6,189.0,184.4
12315,30,37.0,207.2,170.2
12317,23,0.2,141.2,141.0
12318,25,4.6,159.0,154.4
12320,44,0.6,161.0,160.4
12321,32,14.4,199.6,185.2
12324,69,5.6,194.2,188.6
12326,13,3.6,137.6,134.0
12327,51,1.2,187.2,186.0
12328,38,7.0,161.4,154.4
12331,37,6.6,179.4,172.8
12333,45,1.0,160.4,159.4
12334,31,7.4,184.0,176.6
12343,48,4.4,191.6,187.2
12346,47,5.8,199.8,194.0
12348,22,4.6,116.4,111.80000000000001
12349,27,4.0,178.0,174.0
12350,26,2.4,190.6,188.2
12351,34,5.2,199.6,194.4
12352,34,5.6,166.8,161.20000000000002
12353,37,4.0,191.2,187.2
12354,38,4.4,179.0,174.6
12355,45,11.4,179.2,167.79999999999998
12357,64,4.4,189.8,185.4
12358,44,1.4,183.2,181.79999999999998
12360,53,0.0,196.0,196.0
12361,47,2.8,183.4,180.6
12362,17,4.4,122.8,118.39999999999999
12363,53,3.0,185.6,182.6
12364,26,2.0,183.6,181.6
12367,44,4.6,167.4,162.8
12369,38,6.0,177.6,171.6
12370,37,6.2,173.8,167.60000000000002
12371,38,6.2,161.8,155.60000000000002
12372,45,0.0,171.0,171.0
12374,40,5.6,184.8,179.20000000000002
12375,35,4.0,171.0,167.0
12376,37,4.8,177.6,172.79999999999998
12377,16,4.8,167.4,162.6
12379,12,8.6,171.2,162.6
12380,21,5.4,199.0,193.6
12381,35,6.8,183.2,176.39999999999998
12383,34,8.4,173.2,164.79999999999998
12384,30,2.8,145.0,142.2
12385,33,8.8,200.0,191.2
12386,28,14.2,193.6,179.4
12387,37,9.2,195.4,186.20000000000002
12388,41,0.0,189.8,189.8
12391,32,3.0,196.0,193.0
12393,28,7.2,179.2,172.0
12394,39,7.4,182.0,174.6
12395,62,3.6,184.2,180.6
12396,30,15.4,174.2,158.79999999999998
12397,33,0.4,202.0,201.6
12400,41,2.4,194.2,191.79999999999998
12401,19,12.6,187.2,174.6
12402,44,1.2,181.8,180.60000000000002
12405,40,0.6,163.0,162.4
12406,10,8.2,163.4,155.20000000000002
12407,26,13.2,200.8,187.60000000000002
12408,106,1.0,170.6,169.6
12410,68,4.0,194.6,190.6
12411,33,0.2,187.4,187.20000000000002
12412,55,3.4,185.8,182.4
12413,26,11.4,152.2,140.79999999999998
12414,34,4.0,165.4,161.4
12416,13,0.0,138.2,138.2
12418,35,0.0,158.4,158.4
12419,16,16.8,156.2,139.39999999999998
12420,13,21.2,136.4,115.2
12421,27,0.0,189.8,189.8
12422,38,5.0,179.4,174.4
12424,32,4.8,140.0,135.2
12425,37,16.8,178.0,161.2
12426,45,1.6,187.4,185.8
12427,32,4.8,140.6,135.79999999999998
12428,33,4.8,141.6,136.79999999999998
12429,32,4.8,135.6,130.79999999999998
12430,22,5.8,189.4,183.6
12431,29,4.6,147.6,143.0
12433,26,4.8,140.0,135.2
12434,37,2.4,187.6,185.2
12435,36,0.0,155.0,155.0
12436,22,4.8,182.0,177.2
12441,50,3.4,184.6,181.2
12442,36,2.8,197.2,194.39999999999998
12444,31,0.0,141.0,141.0
12445,31,22.0,145.8,123.80000000000001
12447,50,5.4,182.6,177.2
12450,35,4.0,186.2,182.2
12451,59,12.0,191.2,179.2
12452,20,8.0,163.6,155.6
12454,13,29.4,133.2,103.79999999999998
12455,25,0.0,170.0,170.0
12456,35,22.2,140.0,117.8
12458,22,4.4,154.0,149.6
12459,47,9.6,197.2,187.6
12460,32,5.8,204.2,198.39999999999998
12461,42,2.8,166.0,163.2
12463,23,4.8,177.6,172.79999999999998
12465,11,11.2,118.6,107.39999999999999
12466,63,9.8,192.2,182.39999999999998
12467,49,9.8,174.2,164.39999999999998
12471,21,5.8,178.2,172.39999999999998
12472,45,5.0,183.0,178.0
12473,36,4.8,189.8,185.0
12474,91,9.8,194.2,184.39999999999998
12475,29,4.8,171.2,166.39999999999998
12476,51,5.4,193.8,188.4
12477,30,15.8,140.6,124.8
12478,57,4.8,168.8,164.0
12479,20,5.8,178.2,172.39999999999998
12480,14,14.2,130.0,115.8
12481,44,5.0,195.2,190.2
12483,55,6.2,198.0,191.8
12487,57,0.4,181.8,181.4
12488,63,2.6,175.4,172.8
12492,47,8.4,176.6,168.2
12493,47,8.4,175.6,167.2
12494,53,4.8,184.8,180.0
12495,28,4.6,140.4,135.8
12497,42,13.2,168.6,155.4
12498,85,2.8,188.6,185.79999999999998
12499,59,3.8,180.6,176.79999999999998
12500,44,4.8,178.8,174.0
12502,30,4.8,193.2,188.39999999999998
12503,54,3.0,194.8,191.8
12508,64,7.0,198.0,191.0
12512,10,12.6,117.4,104.80000000000001
12513,24,6.4,178.4,172.0
12515,23,11.4,132.0,120.6
12519,27,2.8,171.8,169.0
12520,56,0.2,182.2,182.0
12523,30,9.8,149.6,139.79999999999998
12524,40,5.0,174.4,169.4
12527,37,5.4,183.4,178.0
12529,44,2.4,183.2,180.79999999999998
12530,44,0.6,198.8,198.20000000000002
12531,47,5.0,202.0,197.0
12535,50,1.4,186.4,185.0
12536,44,6.0,198.0,192.0
12538,53,1.0,180.2,179.2
12539,25,0.2,169.6,169.4
12543,37,4.8,187.0,182.2
12544,106,2.4,202.8,200.4
12547,17,2.4,152.0,149.6
12549,37,11.6,162.8,151.20000000000002
12550,45,6.4,177.8,171.4
12551,46,3.4,187.6,184.2
12552,50,5.0,185.8,180.8
12553,22,37.2,155.2,117.99999999999999
12556,63,6.2,194.6,188.4
12557,27,4.8,134.2,129.39999999999998
12559,70,5.6,191.6,186.0
12561,40,4.8,190.4,185.6
12563,54,4.4,179.2,174.79999999999998
12564,14,7.2,173.4,166.20000000000002
12565,21,14.2,140.4,126.2
12567,55,3.4,190.6,187.2
12568,51,2.8,194.4,191.6
12569,40,17.0,169.4,152.4
12570,47,12.6,171.2,158.6
12571,68,0.0,168.2,168.2
12572,25,1.0,99.0,98.0
12573,41,5.6,176.4,170.8
12575,70,4.6,197.2,192.6
12576,59,3.6,190.8,187.20000000000002
12579,45,5.6,184.0,178.4
12580,10,6.8,125.4,118.60000000000001
12582,60,5.4,182.0,176.6
12583,34,28.8,180.0,151.2
12584,101,5.0,194.6,189.6
12587,33,4.4,156.8,152.4
12589,33,11.4,171.0,159.6
12590,28,9.8,144.4,134.6
12591,31,9.2,106.8,97.6
12593,25,5.0,173.0,168.0
12594,44,4.8,166.4,161.6
12595,36,4.0,182.8,178.8
12596,9,11.2,179.4,168.20000000000002
12597,38,1.8,158.6,156.79999999999998
12598,45,4.0,190.2,186.2
12599,28,5.2,157.8,152.60000000000002
12600,45,2.0,169.6,167.6
12601,48,8.8,158.6,149.79999999999998
12605,39,0.0,199.0,199.0
12607,46,0.0,184.4,184.4
12608,13,0.0,91.8,91.8
12609,55,4.4,179.4,175.0
12610,30,17.8,164.6,146.79999999999998
12611,46,0.8,192.0,191.2
12612,17,0.0,159.8,159.8
12613,26,7.4,141.8,134.4
12614,12,4.4,125.6,121.19999999999999
12616,46,7.8,188.4,180.6
12617,35,4.0,178.0,174.0
12618,63,0.0,181.0,181.0
12619,35,0.8,154.0,153.2
12620,39,1.2,177.4,176.20000000000002
12622,21,11.2,171.8,160.60000000000002
12623,71,5.0,147.6,142.6
12624,33,2.8,148.6,145.79999999999998
12625,11,25.2,153.6,128.4
12626,23,7.8,156.8,149.0
12627,43,8.4,178.2,169.79999999999998
12628,27,8.4,145.6,137.2
12629,7,11.8,139.4,127.60000000000001
12630,15,2.6,158.4,155.8
12632,19,0.0,146.4,146.4
12633,37,0.2,157.4,157.20000000000002
12634,19,21.0,145.4,124.4
12636,21,27.2,170.0,142.8
12638,41,4.2,172.2,168.0
12640,39,1.8,173.6,171.79999999999998
12641,62,0.0,192.8,192.8
12642,28,19.0,188.6,169.6
12643,10,4.4,103.6,99.19999999999999
12646,46,0.0,165.8,165.8
12647,43,2.4,126.4,124.0
12648,41,1.4,168.2,166.79999999999998
12649,36,2.4,131.6,129.2
12650,21,5.4,176.2,170.79999999999998
12651,8,2.6,145.4,142.8
12652,10,14.2,159.0,144.8
12653,35,10.4,146.2,135.79999999999998
12654,15,14.2,126.0,111.8
12655,33,10.8,161.6,150.79999999999998
12656,25,1.4,184.6,183.2
12657,23,0.0,156.6,156.6
12658,21,1.2,143.2,142.0
12659,33,2.8,194.0,191.2
12660,12,4.4,110.4,106.0
12662,31,17.4,141.6,124.19999999999999
12664,32,4.6,159.6,155.0
12666,26,4.4,178.4,174.0
12667,15,4.8,177.4,172.6
12669,32,19.2,160.2,141.0
12670,25,3.8,172.0,168.2
12671,12,12.4,119.0,106.6
12673,24,4.4,141.6,137.2
12677,38,8.6,173.8,165.20000000000002
12678,40,5.4,165.4,160.0
12681,37,4.6,172.4,167.8
12682,28,5.4,182.2,176.79999999999998
12683,38,0.0,171.0,171.0
12684,31,5.2,185.8,180.60000000000002
12686,14,12.6,185.4,172.8
12687,28,0.0,178.8,178.8
12688,44,10.4,171.6,161.2
12689,43,5.0,166.0,161.0
12690,48,5.6,197.4,191.8
12691,24,0.4,126.4,126.0
12692,33,4.0,170.2,166.2
12694,24,0.0,170.8,170.8
12697,18,30.8,122.4,91.60000000000001
12698,19,4.4,168.2,163.79999999999998
12699,37,4.0,176.0,172.0
12701,28,3.4,151.8,148.4
12703,54,0.0,157.4,157.4
12704,9,17.8,129.6,111.8
12706,10,8.4,133.0,124.6
12708,32,2.6,161.8,159.20000000000002
12712,37,9.8,183.2,173.39999999999998
12713,50,17.4,176.4,159.0
12714,38,4.8,189.0,184.2
12715,36,4.4,165.4,161.0
12716,34,6.0,168.4,162.4
12718,25,5.0,175.6,170.6
12719,19,0.0,165.4,165.4
12720,27,4.6,154.8,150.20000000000002
12721,43,2.8,180.4,177.6
12723,14,4.2,170.0,165.8
12724,42,4.0,192.4,188.4
12725,8,0.6,153.2,152.6
12726,32,7.2,176.4,169.20000000000002
12733,10,13.4,102.0,88.6
12734,45,0.0,164.2,164.2
12735,43,4.2,181.8,177.60000000000002
12737,37,7.6,174.4,166.8
12738,21,4.4,172.8,168.4
12739,37,5.0,156.2,151.2
12740,32,16.4,143.6,127.19999999999999
12741,16,27.2,144.6,117.39999999999999
12742,14,0.0,168.0,168.0
12743,48,9.4,187.4,178.0
12744,14,0.0,164.8,164.8
12746,12,1.6,104.0,102.4
12747,7,8.8,162.4,153.6
12748,44,5.2,183.4,178.20000000000002
12749,41,18.4,186.2,167.79999999999998
12750,36,1.2,147.0,145.8
12751,31,9.8,179.0,169.2
12752,32,1.0,172.8,171.8
12753,53,1.2,186.2,185.0
12755,38,5.8,176.4,170.6
12756,21,25.2,166.6,141.4
12757,27,0.0,181.6,181.6
12758,39,0.0,183.4,183.4
12760,26,47.2,153.8,106.60000000000001
12763,58,4.8,185.2,180.39999999999998
12764,21,38.0,140.2,102.19999999999999
12765,31,9.2,153.8,144.60000000000002
12766,16,25.4,179.4,154.0
12767,50,8.6,159.6,151.0
12768,28,0.0,168.6,168.6
12769,50,5.2,194.4,189.20000000000002
12770,26,5.0,141.4,136.4
12771,41,0.2,167.4,167.20000000000002
12772,49,1.2,193.0,191.8
12773,37,3.4,144.8,141.4
12774,46,0.0,157.6,157.6
12775,40,4.0,162.8,158.8
12776,31,6.2,160.2,154.0
12778,34,4.8,193.2,188.39999999999998
12779,19,0.0,163.0,163.0
12780,39,0.0,161.0,161.0
12785,37,4.8,196.0,191.2
12786,46,4.8,195.4,190.6
12787,64,0.0,187.6,187.6
12788,27,4.8,180.8,176.0
12790,52,0.0,169.4,169.4
12791,25,21.2,136.0,114.8
12792,63,0.0,192.6,192.6
12793,36,5.2,151.4,146.20000000000002
12795,25,3.0,162.8,159.8
12796,49,1.2,184.2,183.0
12797,37,5.6,160.6,155.0
12799,29,0.0,130.2,130.2
12801,46,0.0,183.4,183.4
12802,43,3.0,156.2,153.2
12803,43,5.2,192.2,187.0
12804,6,8.4,153.4,145.0
12805,15,31.4,157.0,125.6
12806,18,5.6,137.6,132.0
12807,11,7.2,181.4,174.20000000000002
12809,41,1.4,194.8,193.4
12810,31,4.6,158.6,154.0
12812,27,1.0,181.6,180.6
12813,40,2.6,164.2,161.6
12814,23,17.0,167.6,150.6
12815,55,3.8,194.2,190.39999999999998
12819,42,5.2,187.2,182.0
12820,52,3.6,179.2,175.6
12821,43,2.0,163.6,161.6
12822,43,5.0,184.4,179.4
12823,24,0.0,144.2,144.2
12825,45,4.4,179.8,175.4
12826,46,46.4,191.8,145.4
12827,44,4.8,188.4,183.6
12828,27,28.6,133.4,104.80000000000001
12829,27,4.6,155.2,150.6
12830,48,0.8,163.0,162.2
12832,34,0.0,127.2,127.2
12834,40,1.8,134.2,132.39999999999998
12836,24,4.8,177.2,172.39999999999998
12837,14,4.6,154.2,149.6
12838,41,5.4,155.0,149.6
12841,47,1.2,182.6,181.4
12842,40,15.8,169.6,153.79999999999998
12843,11,4.6,122.6,118.0
12844,37,6.0,182.0,176.0
12845,33,5.2,183.8,178.60000000000002
12846,30,9.2,158.0,148.8
12847,50,5.8,195.4,189.6
12850,28,5.6,145.2,139.6
12851,44,1.2,179.2,178.0
12852,43,3.2,165.0,161.8
12854,45,1.6,170.6,169.0
12855,22,19.6,172.4,152.8
12856,21,4.4,174.6,170.2
12858,52,2.8,185.8,183.0
12859,40,5.2,181.8,176.60000000000002
12860,49,5.6,188.4,182.8
12861,37,6.2,177.8,171.60000000000002
12862,46,3.2,105.2,102.0
12863,38,5.8,176.4,170.6
12864,44,2.2,168.0,165.8
12868,43,4.2,177.6,173.4
12869,19,4.4,136.0,131.6
12870,27,28.8,167.2,138.39999999999998
12871,41,0.2,165.0,164.8
12874,28,0.6,130.0,129.4
12877,25,7.8,180.8,173.0
12878,65,4.6,178.6,174.0
12879,34,6.8,163.6,156.79999999999998
12881,42,1.4,176.8,175.4
12882,52,4.6,171.8,167.20000000000002
12883,35,5.2,181.4,176.20000000000002
12884,38,2.6,180.0,177.4
12886,52,2.6,160.8,158.20000000000002
12887,44,1.2,184.4,183.20000000000002
12888,26,0.0,160.4,160.4
12889,8,1.6,181.8,180.20000000000002
12890,19,0.0,166.4,166.4
12893,36,5.2,170.0,164.8
12898,21,4.4,157.8,153.4
12901,41,7.0,175.2,168.2
12903,35,9.0,180.4,171.4
12904,32,4.6,169.2,164.6
12906,35,4.8,179.0,174.2
12907,39,2.2,176.0,173.8
12908,10,10.2,117.8,107.6
12909,53,2.8,187.2,184.39999999999998
12910,45,4.6,176.4,171.8
12911,8,35.8,165.2,129.39999999999998
12912,31,10.0,167.8,157.8
12913,34,4.6,169.6,165.0
12915,51,9.2,171.8,162.60000000000002
12916,26,5.0,167.8,162.8
12917,30,0.2,148.2,148.0
12920,10,5.4,176.6,171.2
12921,13,10.8,162.0,151.2
12922,37,0.0,171.2,171.2
12927,25,7.2,182.0,174.8
12928,13,10.6,87.6,77.0
12931,13,0.0,132.6,132.6
12932,13,3.6,120.0,116.4
12935,32,2.0,142.4,140.4
12936,16,4.8,137.2,132.39999999999998
12938,30,3.4,177.0,173.6
12939,49,0.0,171.8,171.8
12940,34,4.2,165.2,161.0
12941,30,17.6,163.4,145.8
12944,46,5.2,122.4,117.2
12945,63,3.0,161.2,158.2
12947,31,0.4,160.0,159.6
12949,38,6.0,138.4,132.4
12951,33,0.0,157.8,157.8
12953,31,6.6,125.6,119.0
12954,24,0.0,170.8,170.8
12955,53,0.0,176.8,176.8
12957,28,12.0,149.2,137.2
12958,55,1.4,186.4,185.0
12960,27,3.8,143.2,139.39999999999998
12961,64,0.0,184.2,184.2
12962,36,6.4,143.0,136.6
12963,25,0.8,164.0,163.2
12964,38,0.2,166.6,166.4
12965,42,9.6,167.2,157.6
12966,36,5.8,174.8,169.0
12967,36,1.6,143.6,142.0
12968,37,8.4,182.2,173.79999999999998
12969,39,0.0,108.8,108.8
12971,38,16.0,188.2,172.2
12972,22,31.8,179.4,147.6
12974,23,5.4,162.8,157.4
12975,43,5.0,163.4,158.4
12977,27,4.6,136.2,131.6
12978,18,0.0,132.0,132.0
12981,30,2.2,155.4,153.20000000000002
12982,33,5.2,150.6,145.4
12983,34,7.8,166.0,158.2
12986,78,16.0,170.2,154.2
12987,38,2.8,170.6,167.79999999999998
12988,38,4.8,168.0,163.2
12989,46,4.0,156.6,152.6
12990,13,4.8,171.4,166.6
12991,34,0.2,169.4,169.20000000000002
12993,57,3.0,190.6,187.6
12994,54,6.2,186.4,180.20000000000002
12995,33,13.8,180.6,166.79999999999998
12996,40,3.0,171.2,168.2
12997,48,0.8,186.8,186.0
12998,27,4.6,127.4,122.80000000000001
13000,43,5.2,182.2,177.0
13001,13,5.6,147.8,142.20000000000002
13002,47,5.2,191.8,186.60000000000002
13003,47,0.8,176.6,175.79999999999998
13004,25,4.2,132.4,128.20000000000002
13005,43,4.4,172.2,167.79999999999998
13006,39,13.0,164.0,151.0
13007,29,11.0,182.4,171.4
13008,26,8.2,97.6,89.39999999999999
13009,31,2.8,144.4,141.6
13011,36,4.6,178.0,173.4
13013,14,4.4,126.6,122.19999999999999
13014,43,3.0,171.2,168.2
13015,7,8.2,123.4,115.2
13017,47,3.2,170.2,167.0
13020,38,17.6,180.4,162.8
13021,38,1.2,149.6,148.4
13023,53,0.0,189.6,189.6
13024,52,1.0,152.4,151.4
13026,43,2.4,147.0,144.6
13027,48,2.2,184.6,182.4
13028,25,2.2,78.6,76.39999999999999
13029,34,4.8,172.2,167.39999999999998
13030,32,2.4,174.0,171.6
13031,17,29.0,160.2,131.2
13032,33,5.0,152.0,147.0
13033,56,0.0,170.6,170.6
13036,33,0.0,172.2,172.2
13038,43,5.6,179.2,173.6
13041,45,0.0,165.2,165.2
13042,60,0.2,188.2,188.0
13044,19,17.6,161.8,144.20000000000002
13046,6,0.0,108.0,108.0
13049,43,5.0,192.4,187.4
13050,17,18.2,130.0,111.8
13051,38,6.8,184.6,177.79999999999998
13053,32,0.0,183.0,183.0
13057,32,3.2,139.8,136.60000000000002
13058,93,4.6,182.4,177.8
13059,47,4.4,184.4,180.0
13061,21,9.4,138.8,129.4
13062,43,1.2,162.6,161.4
13063,37,13.0,156.0,143.0
13064,44,4.8,189.0,184.2
13065,22,0.4,181.4,181.0
13067,43,1.8,169.6,167.79999999999998
13068,68,6.8,181.8,175.0
13069,68,4.0,182.0,178.0
13070,41,5.2,170.0,164.8
13072,29,0.0,172.8,172.8
13074,20,0.0,145.4,145.4
13075,17,27.8,140.8,113.00000000000001
13078,38,6.2,142.6,136.4
13080,49,2.8,165.4,162.6
13081,42,0.8,171.6,170.79999999999998
13082,10,16.4,181.0,164.6
13086,51,5.4,168.2,162.79999999999998
13087,21,8.6,134.6,126.0
13089,9,1.8,131.8,130.0
13090,23,4.4,135.4,131.0
13091,38,4.4,158.8,154.4
13093,29,9.0,135.4,126.4
13094,34,5.4,150.0,144.6
13095,32,4.2,158.2,154.0
13096,49,19.2,178.8,159.60000000000002
13097,20,1.6,159.8,158.20000000000002
13098,35,6.2,174.4,168.20000000000002
13099,40,7.0,190.0,183.0
13100,46,0.6,138.2,137.6
13101,37,4.2,166.6,162.4
13102,34,15.4,168.0,152.6
13104,45,26.4,189.4,163.0
13107,39,5.6,186.8,181.20000000000002
13109,43,0.0,177.6,177.6
13110,20,24.4,139.4,115.0
13111,43,1.0,176.2,175.2
13112,22,2.6,83.2,80.60000000000001
13114,17,17.2,153.0,135.8
13116,20,29.6,147.6,118.0
13120,31,11.2,140.8,129.60000000000002
13122,31,4.8,152.4,147.6
13123,39,0.2,164.4,164.20000000000002
13124,28,22.2,174.4,152.20000000000002
13125,35,0.0,189.0,189.0
13126,34,3.0,148.2,145.2
13129,61,6.4,175.2,168.79999999999998
13130,21,6.0,137.0,131.0
13131,31,0.0,172.8,172.8
13134,32,4.2,147.0,142.8
13135,34,2.2,148.4,146.20000000000002
13136,40,3.2,174.4,171.20000000000002
13137,34,1.0,148.2,147.2
13138,28,4.8,143.4,138.6
13139,27,6.2,142.2,136.0
13140,12,8.4,154.0,145.6
13141,35,4.8,172.2,167.39999999999998
13142,36,3.6,176.6,173.0
13143,27,0.2,143.6,143.4
13145,15,0.0,145.4,145.4
13148,36,2.6,166.4,163.8
13149,31,4.4,147.6,143.2
13150,28,1.0,166.6,165.6
13151,24,4.8,132.6,127.8
13153,22,4.4,145.6,141.2
13154,32,7.8,148.4,140.6
13155,40,4.4,183.0,178.6
13156,19,1.8,162.8,161.0
13157,5,22.6,132.6,110.0
13158,30,4.8,158.0,153.2
13161,46,5.4,162.6,157.2
13163,32,2.4,148.2,145.79999999999998
13164,33,4.8,156.4,151.6
13165,58,3.0,175.0,172.0
13166,21,4.2,139.6,135.4
13167,24,5.8,145.6,139.79999999999998
13168,53,5.2,177.4,172.20000000000002
13169,39,1.6,139.8,138.20000000000002
13170,30,0.0,172.0,172.0
13171,11,24.6,114.2,89.6
13173,43,0.0,182.4,182.4
13175,30,4.6,131.4,126.80000000000001
13176,22,4.0,177.4,173.4
13177,50,0.0,181.4,181.4
13178,53,5.2,180.4,175.20000000000002
13179,33,7.2,159.6,152.4
13181,46,4.8,174.6,169.79999999999998
13182,46,1.2,173.4,172.20000000000002
13183,28,32.0,152.4,120.4
13185,42,2.4,170.2,167.79999999999998
13186,44,2.2,180.4,178.20000000000002
13188,46,7.0,158.0,151.0
13194,20,7.0,135.6,128.6
13195,51,3.6,184.8,181.20000000000002
13196,31,4.6,177.6,173.0
13197,27,11.2,134.2,122.99999999999999
13198,58,0.6,183.8,183.20000000000002
13199,21,0.0,141.0,141.0
13200,27,12.0,171.8,159.8
13202,22,5.4,130.8,125.4
13204,23,6.2,133.2,126.99999999999999
13206,65,0.0,160.6,160.6
13208,23,14.0,153.8,139.8
13209,14,32.4,144.2,111.79999999999998
13210,35,8.0,172.8,164.8
13211,29,10.8,148.6,137.79999999999998
13213,82,0.0,175.8,175.8
13214,22,2.8,143.2,140.39999999999998
13215,38,1.2,153.6,152.4
13216,49,1.4,172.8,171.4
13219,31,4.8,130.2,125.39999999999999
13220,9,10.8,112.8,102.0
13223,19,1.2,124.4,123.2
13224,52,3.4,174.2,170.79999999999998
13225,25,7.4,136.8,129.4
13227,32,0.4,133.4,133.0
13228,32,4.6,151.6,147.0
13229,29,1.0,118.2,117.2
13231,22,6.4,145.2,138.79999999999998
13232,30,0.2,134.0,133.8
13234,46,1.2,181.8,180.60000000000002
13235,17,16.8,169.4,152.6
13236,30,14.2,173.8,159.60000000000002
13237,22,7.4,174.6,167.2
13240,39,0.8,163.2,162.39999999999998
13241,26,1.6,122.4,120.80000000000001
13243,57,2.4,170.0,167.6
13245,43,4.0,171.4,167.4
13246,34,1.6,151.6,150.0
13247,35,8.2,147.2,139.0
13249,18,21.2,171.6,150.4
13253,48,5.8,165.2,159.39999999999998
13255,20,11.0,145.6,134.6
13256,43,0.0,160.2,160.2
13257,38,0.4,151.0,150.6
13258,37,17.4,184.2,166.79999999999998
13259,22,17.8,179.8,162.0
13260,40,5.2,167.2,162.0
13261,10,10.4,141.2,130.79999999999998
13264,33,3.2,152.2,149.0
13267,26,8.0,182.8,174.8
13268,48,2.2,167.6,165.4
13269,39,4.8,169.8,165.0
13270,38,14.6,164.2,149.6
13275,39,5.4,179.6,174.2
13279,36,4.6,167.2,162.6
13280,18,0.0,146.4,146.4
13281,24,5.2,179.4,174.20000000000002
13282,25,2.0,177.2,175.2
13283,37,4.8,161.2,156.39999999999998
13284,58,0.0,165.8,165.8
13285,27,19.4,173.2,153.79999999999998
13286,40,4.8,175.0,170.2
13288,33,4.0,140.4,136.4
13289,22,0.0,171.4,171.4
13290,63,0.4,170.2,169.79999999999998
13291,47,1.2,161.0,159.8
13292,39,7.6,176.0,168.4
13293,32,1.4,168.0,166.6
13294,49,2.8,175.6,172.79999999999998
13295,46,6.8,172.6,165.79999999999998
13296,37,4.8,117.6,112.8
13299,41,4.8,166.6,161.79999999999998
13300,45,4.8,169.6,164.79999999999998
13301,50,2.8,178.2,175.39999999999998
13302,39,0.8,140.2,139.39999999999998
13303,28,4.2,170.0,165.8
13305,27,0.2,180.8,180.60000000000002
13306,27,8.2,139.8,131.60000000000002
13307,41,6.2,163.0,156.8
13309,35,0.2,161.0,160.8
13310,49,0.0,180.4,180.4
13311,40,3.6,168.8,165.20000000000002
13312,39,0.8,164.4,163.6
13315,47,0.0,154.6,154.6
13317,49,11.2,180.6,169.4
13318,33,1.4,158.8,157.4
13319,53,0.4,182.4,182.0
13320,32,9.0,166.4,157.4
13321,13,4.2,136.4,132.20000000000002
13324,36,0.0,160.8,160.8
13325,51,0.6,170.2,169.6
13326,42,3.2,164.4,161.20000000000002
13327,51,2.6,181.6,179.0
13328,20,0.0,181.6,181.6
13329,28,3.4,152.6,149.2
13330,30,1.4,138.6,137.2
13332,27,10.0,157.0,147.0
13333,54,0.2,165.4,165.20000000000002
13334,45,2.8,153.4,150.6
13336,44,6.0,164.4,158.4
13340,44,0.0,159.2,159.2
13343,40,12.6,170.2,157.6
13344,37,4.4,160.0,155.6
13347,28,1.2,133.0,131.8
13348,20,17.0,120.6,103.6
13349,36,0.0,156.4,156.4
13350,39,3.6,170.4,166.8
13352,22,11.0,148.4,137.4
13354,46,2.8,155.0,152.2
13355,43,0.0,178.0,178.0
13357,42,5.4,159.4,154.0
13358,31,4.4,166.6,162.2
13359,42,4.2,161.8,157.60000000000002
13360,19,6.2,146.0,139.8
13361,15,5.0,136.2,131.2
13362,28,12.4,149.0,136.6
13363,28,3.4,169.4,166.0
13364,23,10.6,151.8,141.20000000000002
13365,24,7.4,157.6,150.2
13366,25,0.0,153.4,153.4
13368,55,2.0,146.8,144.8
13370,22,7.4,169.4,162.0
13371,26,5.0,127.2,122.2
13372,33,5.2,144.4,139.20000000000002
13373,38,3.2,154.2,151.0
13374,41,6.0,145.6,139.6
13376,32,3.8,148.6,144.79999999999998
13377,32,0.0,148.4,148.4
13378,31,5.4,135.0,129.6
13379,45,0.6,167.6,167.0
13380,49,9.2,181.2,172.0
13381,29,4.8,149.0,144.2
13382,47,3.0,155.6,152.6
13383,39,4.8,154.6,149.79999999999998
13384,30,6.8,158.0,151.2
13386,40,0.0,151.6,151.6
13387,35,4.4,172.8,168.4
13388,43,1.6,162.0,160.4
13390,25,4.2,172.8,168.60000000000002
13393,13,0.2,130.0,129.8
13395,10,1.4,116.0,114.6
13396,28,0.2,145.8,145.60000000000002
13397,40,4.8,171.6,166.79999999999998
13398,28,0.6,117.2,116.60000000000001
13399,27,4.2,166.0,161.8
13400,58,2.6,174.4,171.8
13403,43,0.6,139.0,138.4
13404,35,17.6,162.4,144.8
13405,41,6.4,151.2,144.79999999999998
13406,35,5.0,173.2,168.2
13407,26,2.4,120.0,117.6
13410,34,5.6,110.6,105.0
13411,49,5.2,177.2,172.0
13412,35,5.0,170.6,165.6
13413,32,2.6,136.4,133.8
13414,59,5.8,181.0,175.2
13415,30,7.8,138.0,130.2
13419,40,4.4,174.0,169.6
13420,27,8.2,173.0,164.8
13421,28,3.0,157.4,154.4
13422,47,1.0,171.8,170.8
13425,42,0.4,166.0,165.6
13426,32,5.2,173.2,168.0
13427,9,15.4,155.0,139.6
13428,9,9.2,146.0,136.8
13430,45,5.2,166.2,161.0
13433,22,16.6,167.2,150.6
13434,42,1.6,141.8,140.20000000000002
13435,31,9.6,159.0,149.4
13436,36,4.4,142.8,138.4
13437,31,4.8,137.8,133.0
13439,51,4.8,177.6,172.79999999999998
13440,17,13.4,161.8,148.4
13441,25,0.2,142.8,142.60000000000002
13442,26,2.8,133.6,130.79999999999998
13443,11,19.4,97.6,78.19999999999999
13444,41,0.2,168.6,168.4
13445,29,9.6,170.6,161.0
13446,35,5.8,126.4,120.60000000000001
13449,18,0.0,166.6,166.6
13450,42,2.2,153.2,151.0
13451,40,0.4,164.8,164.4
13452,15,16.8,129.6,112.8
13454,25,0.0,177.0,177.0
13457,26,5.6,83.8,78.2
13458,45,5.8,162.6,156.79999999999998
13460,17,31.2,142.4,111.2
13462,17,9.6,128.6,119.0
13463,31,0.0,148.8,148.8
13464,40,0.0,139.0,139.0
13465,18,1.0,124.4,123.4
13467,31,9.8,167.2,157.39999999999998
13468,38,4.6,171.6,167.0
13469,34,6.0,162.6,156.6
13470,38,4.8,155.8,151.0
13471,23,1.0,164.8,163.8
13472,31,4.4,133.0,128.6
13473,16,3.8,155.8,152.0
13474,49,0.0,165.2,165.2
13475,29,6.0,137.4,131.4
13477,44,5.0,156.2,151.2
13478,36,5.2,177.6,172.4
13479,39,1.2,161.6,160.4
13480,22,7.6,118.8,111.2
13481,12,21.2,120.8,99.6
13482,41,1.8,181.6,179.79999999999998
13483,49,5.8,178.2,172.39999999999998
13484,40,5.2,164.4,159.20000000000002
13490,12,21.4,150.8,129.4
13492,37,4.6,147.6,143.0
13493,40,8.8,159.2,150.39999999999998
13495,39,4.8,181.2,176.39999999999998
13497,18,9.0,168.6,159.6
13500,41,5.2,178.2,173.0
13501,36,1.4,148.2,146.79999999999998
13503,10,5.0,118.2,113.2
13504,20,7.6,172.0,164.4
13505,38,12.4,179.4,167.0
13508,24,5.0,124.0,119.0
13509,37,13.8,161.6,147.79999999999998
13510,30,9.0,162.4,153.4
13511,31,4.6,165.6,161.0
13513,37,3.4,151.0,147.6
13515,29,11.0,179.0,168.0
13517,27,15.4,142.4,127.0
13518,29,3.0,129.2,126.19999999999999
13520,29,4.8,166.0,161.2
13521,35,1.2,159.8,158.60000000000002
13522,29,2.8,166.0,163.2
13525,25,5.2,144.2,139.0
13527,45,0.0,172.8,172.8
13528,29,0.2,162.8,162.60000000000002
13531,32,9.6,150.8,141.20000000000002
13532,47,0.0,157.8,157.8
13533,30,0.0,132.6,132.6
13534,39,5.6,169.4,163.8
13535,28,4.8,143.0,138.2
13536,19,6.8,121.6,114.8
13538,13,15.0,128.8,113.80000000000001
13539,28,0.0,140.8,140.8
13540,31,5.4,134.4,129.0
13541,30,5.2,144.4,139.20000000000002
13542,46,2.8,177.2,174.39999999999998
13543,71,1.6,154.4,152.8
13544,25,5.8,160.0,154.2
13545,7,7.8,93.4,85.60000000000001
13546,25,3.0,142.4,139.4
13548,35,6.0,161.4,155.4
13549,45,3.4,165.8,162.4
13552,34,1.6,179.8,178.20000000000002
13553,35,1.2,163.4,162.20000000000002
13555,41,3.8,163.2,159.39999999999998
13556,46,6.2,166.0,159.8
13557,22,7.2,122.4,115.2
13558,41,1.2,150.8,149.60000000000002
13559,42,2.4,147.0,144.6
13560,38,7.8,160.0,152.2
13561,37,1.2,159.6,158.4
13562,36,5.4,157.4,152.0
13563,21,5.6,137.4,131.8
13566,5,51.4,138.4,87.0
13568,51,0.0,163.0,163.0
13569,9,4.4,109.2,104.8
13571,38,7.0,179.8,172.8
13572,13,4.4,140.4,136.0
13573,67,2.8,176.0,173.2
13574,20,8.6,151.4,142.8
13575,44,2.0,171.8,169.8
13576,46,3.6,172.2,168.6
13577,27,5.0,138.8,133.8
13580,16,7.4,136.0,128.6
13582,17,2.0,116.6,114.6
13583,14,0.0,114.4,114.4
13585,40,0.0,155.0,155.0
13587,32,5.2,135.8,130.60000000000002
13588,52,3.0,160.2,157.2
13591,9,7.2,146.0,138.8
13593,35,4.4,142.0,137.6
13594,30,7.8,142.2,134.39999999999998
13595,23,5.6,144.2,138.6
13596,20,1.4,122.4,121.0
13597,26,6.6,168.0,161.4
13599,30,0.8,142.8,142.0
13600,39,3.2,155.2,152.0
13601,19,6.4,150.4,144.0
13602,37,2.8,132.4,129.6
13603,52,3.0,173.8,170.8
13605,47,3.8,164.8,161.0
13607,18,0.0,131.2,131.2
13608,37,4.4,157.6,153.2
13609,49,10.6,174.8,164.20000000000002
13610,42,10.2,174.0,163.8
13612,41,6.8,153.6,146.79999999999998
13613,30,7.8,144.6,136.79999999999998
13614,13,0.0,129.6,129.6
13615,54,0.6,162.4,161.8
13618,30,9.6,144.4,134.8
13619,37,6.8,165.8,159.0
13620,49,0.0,169.4,169.4
13623,31,0.8,167.6,166.79999999999998
13624,32,13.4,144.4,131.0
13625,20,4.6,169.6,165.0
13626,14,4.8,146.2,141.39999999999998
13627,69,2.2,149.8,147.60000000000002
13628,79,0.0,176.6,176.6
13629,14,4.4,157.0,152.6
13630,37,7.8,163.6,155.79999999999998
13633,33,7.0,123.4,116.4
13635,35,3.0,157.2,154.2
13636,7,51.8,135.8,84.00000000000001
13637,13,4.4,133.2,128.79999999999998
13638,42,0.0,149.4,149.4
13639,41,2.8,145.0,142.2
13642,41,6.6,176.8,170.20000000000002
13643,40,4.0,159.2,155.2
13644,30,7.4,148.8,141.4
13645,40,5.2,170.2,165.0
13646,21,8.2,127.4,119.2
13648,36,2.2,154.6,152.4
13649,38,7.0,165.6,158.6
13650,75,3.4,163.6,160.2
13652,44,3.6,163.2,159.6
13653,49,4.2,152.0,147.8
13656,41,5.4,161.0,155.6
13658,19,0.0,150.2,150.2
13661,37,3.8,135.4,131.6
13662,37,5.0,155.2,150.2
13663,40,4.4,156.6,152.2
13664,43,0.0,165.2,165.2
13666,24,4.2,137.2,133.0
13668,45,6.2,169.4,163.20000000000002
13669,12,4.6,126.4,121.80000000000001
13671,35,4.2,151.8,147.60000000000002
13672,44,8.0,155.6,147.6
13673,47,3.6,168.2,164.6
13674,32,5.4,146.0,140.6
13675,45,3.6,160.2,156.6
13678,33,4.8,164.8,160.0
13679,40,4.4,152.6,148.2
13681,44,5.2,165.8,160.60000000000002
13682,19,2.6,142.8,140.20000000000002
13683,28,3.8,161.2,157.39999999999998
13684,27,0.2,172.6,172.4
13685,48,5.2,155.2,150.0
13688,29,0.0,152.6,152.6
13690,29,6.0,171.4,165.4
13691,41,1.4,142.6,141.2
13692,11,37.6,154.6,117.0
13693,35,4.8,157.8,153.0
13694,24,27.6,165.2,137.6
13695,32,28.4,131.4,103.0
13696,40,6.8,173.4,166.6
13697,40,0.2,163.6,163.4
13699,46,7.0,158.6,151.6
13700,48,0.8,151.8,151.0
13701,31,5.4,145.0,139.6
13702,17,1.6,158.0,156.4
13703,25,5.0,157.6,152.6
13705,32,2.8,154.4,151.6
13706,19,2.6,100.4,97.80000000000001
13708,45,2.0,172.8,170.8
13709,30,5.6,134.8,129.20000000000002
13710,36,2.4,166.0,163.6
13711,32,4.0,151.2,147.2
13712,45,16.6,169.8,153.20000000000002
13716,43,9.2,166.6,157.4
13717,14,30.0,142.8,112.80000000000001
13718,39,0.0,141.2,141.2
13719,26,5.0,142.2,137.2
13720,38,5.2,167.4,162.20000000000002
13721,15,4.4,165.2,160.79999999999998
13722,28,5.6,144.4,138.8
13725,36,3.2,150.4,147.20000000000002
13726,23,19.2,143.0,123.8
13727,32,4.8,160.8,156.0
13728,19,8.6,137.2,128.6
13729,26,7.0,155.0,148.0
13730,50,2.6,162.4,159.8
13731,38,4.8,155.2,150.39999999999998
13733,31,5.2,148.4,143.20000000000002
13736,25,11.2,130.6,119.39999999999999
13737,37,14.2,173.8,159.60000000000002
13739,35,1.6,151.0,149.4
13741,32,4.4,143.4,139.0
13743,9,6.2,125.4,119.2
13744,31,16.8,149.6,132.79999999999998
13745,49,1.4,145.8,144.4
13746,22,30.8,168.0,137.2
13747,47,0.8,162.8,162.0
13748,12,0.0,134.0,134.0
13749,48,1.8,155.4,153.6
13751,36,3.6,156.0,152.4
13752,21,15.4,173.2,157.79999999999998
13754,49,0.0,168.6,168.6
13755,33,2.8,144.2,141.39999999999998
13756,36,5.2,148.6,143.4
13757,31,1.0,137.8,136.8
13758,42,1.6,143.0,141.4
13759,26,5.0,159.6,154.6
13761,44,11.2,176.8,165.60000000000002
13763,27,0.8,110.6,109.8
13764,34,3.2,142.6,139.4
13765,13,4.4,138.6,134.2
13768,41,5.6,161.4,155.8
13769,44,2.2,154.4,152.20000000000002
13770,17,15.2,152.4,137.20000000000002
13771,38,0.2,140.8,140.60000000000002
13773,30,11.0,145.2,134.2
13774,24,1.8,147.0,145.2
13775,20,5.2,149.8,144.60000000000002
13776,19,11.4,151.6,140.2
13777,40,0.0,166.0,166.0
13779,32,1.4,154.0,152.6
13780,18,10.6,156.2,145.6
13781,31,6.0,153.0,147.0
13782,39,5.2,172.2,167.0
13784,35,1.4,150.4,149.0
13785,24,5.0,171.4,166.4
13786,30,4.4,154.0,149.6
13787,34,7.0,137.4,130.4
13788,38,1.0,166.8,165.8
13789,26,13.2,171.0,157.8
13790,33,2.4,138.2,135.79999999999998
13791,43,1.8,173.6,171.79999999999998
13793,20,12.8,134.2,121.39999999999999
13794,46,2.6,153.0,150.4
13795,21,0.0,126.4,126.4
13796,34,15.0,159.6,144.6
13798,22,6.0,134.8,128.8
13799,45,0.0,168.2,168.2
13800,25,4.0,126.0,122.0
13802,62,2.8,166.4,163.6
13803,44,5.2,162.8,157.60000000000002
13806,45,2.8,169.6,166.79999999999998
13807,6,43.4,146.0,102.6
13808,50,2.2,165.0,162.8
13810,26,25.0,139.6,114.6
13811,80,2.0,169.0,167.0
13812,34,5.2,167.8,162.60000000000002
13813,21,4.2,123.8,119.6
13814,32,4.2,134.6,130.4
13815,16,8.2,144.0,135.8
13816,38,2.2,150.4,148.20000000000002
13817,63,0.2,169.6,169.4
13818,47,2.4,153.4,151.0
13819,32,7.4,142.8,135.4
13820,34,7.0,150.2,143.2
13821,57,0.4,145.8,145.4
13822,39,0.8,167.0,166.2
13825,19,11.4,151.6,140.2
13827,39,2.4,130.0,127.6
13828,27,4.8,136.6,131.79999999999998
13830,38,5.8,147.8,142.0
13831,26,28.6,144.4,115.80000000000001
13833,66,0.0,143.8,143.8
13836,23,0.2,166.4,166.20000000000002
13839,28,0.6,143.8,143.20000000000002
13842,47,4.0,149.4,145.4
13843,23,4.6,131.2,126.6
13847,33,4.2,167.2,163.0
13848,52,5.6,171.8,166.20000000000002
13851,91,0.0,162.6,162.6
13853,74,1.8,158.2,156.39999999999998
13856,20,5.0,154.2,149.2
13859,38,22.6,150.2,127.6
13860,45,5.6,161.4,155.8
13862,33,0.0,146.8,146.8
13864,35,0.0,139.2,139.2
13865,36,8.2,162.2,154.0
13866,13,11.4,142.4,131.0
13867,39,2.0,138.4,136.4
13868,39,2.6,143.8,141.20000000000002
13869,18,6.8,141.8,135.0
13870,24,13.4,162.6,149.2
13871,50,0.0,158.2,158.2
13872,35,8.0,169.6,161.6
13873,49,2.8,157.6,154.79999999999998
13875,32,0.6,137.4,136.8
13880,19,3.8,136.4,132.6
13881,11,4.0,144.2,140.2
13882,31,0.8,159.2,158.39999999999998
13883,41,0.0,136.6,136.6
13884,31,4.6,137.8,133.20000000000002
13885,12,8.0,152.0,144.0
13888,28,0.0,145.2,145.2
13889,44,0.6,169.0,168.4
13890,24,9.8,158.4,148.6
13892,20,8.0,131.0,123.0
13893,46,2.6,154.4,151.8
13894,21,4.4,141.2,136.79999999999998
13895,17,0.6,151.0,150.4
13896,10,0.2,146.8,146.60000000000002
13897,25,0.0,143.8,143.8
13898,12,10.2,105.0,94.8
13899,23,8.0,139.2,131.2
13901,35,3.0,157.2,154.2
13902,56,2.4,156.8,154.4
13904,15,12.2,144.8,132.60000000000002
13905,22,8.0,155.4,147.4
13906,67,2.4,111.6,109.19999999999999
13907,19,2.2,144.8,142.60000000000002
13908,22,4.6,136.8,132.20000000000002
13909,28,8.0,143.4,135.4
13910,30,4.8,167.2,162.39999999999998
13911,39,19.4,169.2,149.79999999999998
13912,26,4.2,160.6,156.4
13913,28,4.6,159.4,154.8
13914,43,3.2,143.8,140.60000000000002
13916,44,3.2,161.4,158.20000000000002
13917,11,39.0,111.0,72.0
13918,36,2.8,145.8,143.0
13919,20,0.0,126.4,126.4
13920,43,0.0,144.4,144.4
13921,58,0.0,148.4,148.4
13922,34,7.8,141.0,133.2
13927,34,0.0,152.4,152.4
13928,12,10.4,136.4,126.0
13929,29,32.4,133.8,101.4
13930,34,1.8,151.2,149.39999999999998
13931,25,10.8,145.8,135.0
13932,37,1.8,147.6,145.79999999999998
13934,33,0.2,144.0,143.8
13935,45,3.0,140.4,137.4
13936,12,0.0,141.8,141.8
13937,19,3.4,132.8,129.4
13939,17,15.2,136.4,121.2
13942,34,3.2,144.4,141.20000000000002
13943,30,1.8,145.0,143.2
13944,11,0.0,140.2,140.2
13945,48,2.4,134.4,132.0
13948,49,4.0,146.4,142.4
13949,29,8.0,158.6,150.6
13950,30,4.8,154.4,149.6
13951,35,10.2,152.4,142.20000000000002
13952,46,1.6,144.0,142.4
13953,34,0.2,141.4,141.20000000000002
13954,40,2.8,150.4,147.6
13955,11,17.4,129.2,111.79999999999998
13956,49,4.8,152.6,147.79999999999998
13958,29,4.4,131.2,126.79999999999998
13960,32,9.2,138.8,129.60000000000002
13961,20,0.4,135.2,134.79999999999998
13962,41,1.2,153.2,152.0
13963,40,1.0,143.8,142.8
13964,50,1.4,158.2,156.79999999999998
13967,37,1.2,142.6,141.4
13972,26,14.2,142.6,128.4
13973,21,4.6,150.4,145.8
13974,39,1.6,154.2,152.6
13980,43,4.0,153.8,149.8
13981,36,3.2,148.8,145.60000000000002
13982,42,0.0,145.2,145.2
13983,32,2.6,85.4,82.80000000000001
13985,19,0.0,134.0,134.0
13987,48,4.0,131.2,127.19999999999999
13988,53,0.8,143.4,142.6
13990,44,1.8,154.4,152.6
13991,37,14.8,134.2,119.39999999999999
13992,35,2.6,143.6,141.0
13993,10,15.4,96.8,81.39999999999999
13994,34,6.0,150.2,144.2
13995,27,0.0,149.0,149.0
14002,33,6.0,148.0,142.0
14003,38,4.8,130.6,125.8
14004,30,8.6,140.2,131.6
14005,9,10.4,144.6,134.2
14006,36,4.2,148.6,144.4
14007,17,15.0,140.2,125.19999999999999
14010,22,7.0,115.2,108.2
14011,34,6.8,134.8,128.0
14012,7,38.4,144.0,105.6
14013,8,11.2,119.4,108.2
14014,21,0.0,140.2,140.2
14015,44,1.4,145.2,143.79999999999998
14016,31,4.6,140.0,135.4
14017,36,2.6,152.6,150.0
14019,28,4.6,123.4,118.80000000000001
14020,31,0.0,121.4,121.4
14021,44,4.0,140.8,136.8
14022,34,12.6,148.0,135.4
14023,34,0.0,134.0,134.0
14024,32,10.8,141.2,130.39999999999998
14026,27,0.0,149.2,149.2
14027,23,3.4,100.8,97.39999999999999
14028,32,1.2,136.6,135.4
14030,31,0.6,142.4,141.8
14032,33,0.8,147.0,146.2
14034,41,3.2,151.8,148.60000000000002
14037,22,5.6,146.6,141.0
14038,39,2.2,143.0,140.8
14039,33,2.8,132.8,130.0
14041,34,5.4,156.6,151.2
14042,30,3.6,128.2,124.6
14044,32,0.8,135.0,134.2
14045,38,4.8,150.2,145.39999999999998
14046,52,10.4,158.6,148.2
14049,33,2.6,127.6,125.0
14050,28,6.8,152.2,145.39999999999998
14052,19,4.6,146.4,141.8
14053,14,0.2,102.0,101.8
14054,31,3.0,131.4,128.4
14055,43,0.0,139.2,139.2
14056,30,9.2,150.8,141.60000000000002
14057,33,1.0,130.2,129.2
14058,51,4.2,150.6,146.4
14059,34,1.4,126.0,124.6
14060,30,5.2,138.8,133.60000000000002
14061,33,5.0,132.4,127.4
14062,10,1.4,129.0,127.6
14063,36,6.0,150.8,144.8
14065,34,6.2,123.2,117.0
14066,17,2.4,151.4,149.0
14068,36,2.6,145.6,143.0
14069,34,4.8,141.4,136.6
14072,41,0.2,149.0,148.8
14073,31,9.4,143.0,133.6
14074,39,0.0,138.0,138.0
14075,36,0.0,127.8,127.8
14076,10,0.0,116.0,116.0
14077,43,2.8,138.4,135.6
14078,11,35.2,125.0,89.8
14079,20,1.6,126.0,124.4
14081,35,2.0,140.2,138.2
14082,18,3.6,142.4,138.8
14083,39,9.0,140.0,131.0
14084,8,33.0,134.2,101.19999999999999
14085,33,5.2,134.6,129.4
14086,29,6.4,128.2,121.79999999999998
14087,14,0.0,132.8,132.8
14088,37,1.8,141.6,139.79999999999998
14091,31,4.6,151.6,147.0
14092,29,2.2,135.0,132.8
14093,30,12.8,136.6,123.8
14095,25,4.6,143.4,138.8
14096,29,3.0,139.0,136.0
14097,20,1.0,136.0,135.0
14098,18,9.2,101.6,92.39999999999999
14099,38,0.0,134.6,134.6
14100,19,0.0,134.2,134.2
14101,40,1.8,119.2,117.4
14102,19,4.6,139.0,134.4
14103,45,2.8,136.8,134.0
14105,35,4.8,144.4,139.6
14106,22,5.0,135.6,130.6
14107,20,2.8,136.8,134.0
14108,29,3.0,144.8,141.8
14109,36,3.2,138.4,135.20000000000002
14110,10,0.2,43.4,43.199999999999996
14111,16,9.6,144.2,134.6
14112,30,2.0,147.4,145.4
14114,24,22.2,126.6,104.39999999999999
14116,27,13.4,135.8,122.4
14117,32,4.8,121.2,116.4
14118,30,2.6,137.2,134.6
14120,35,17.2,144.0,126.8
14121,32,2.8,135.8,133.0
14122,37,3.2,142.8,139.60000000000002
14123,43,2.8,135.4,132.6
14124,36,0.0,144.8,144.8
14125,33,7.2,138.8,131.60000000000002
14126,7,16.2,108.0,91.8
14128,28,8.6,133.2,124.6
14130,13,0.0,121.0,121.0
14131,39,5.4,136.4,131.0
14132,21,1.6,137.0,135.4
14133,7,0.0,121.6,121.6
14134,19,7.4,147.6,140.2
14135,37,5.0,135.0,130.0
14136,31,4.6,141.4,136.8
14137,11,12.4,152.6,140.2
14140,13,3.6,118.6,115.0
14141,5,12.6,106.8,94.2
14143,45,3.4,144.4,141.0
14145,34,6.4,127.0,120.6
14147,45,9.6,148.0,138.4
14148,31,1.0,120.2,119.2
14150,44,2.8,144.8,142.0
14152,15,10.6,120.8,110.2
14155,40,1.8,152.6,150.79999999999998
14156,22,12.8,121.2,108.4
14157,12,4.0,102.8,98.8
14158,40,2.4,130.8,128.4
14160,33,9.6,137.4,127.80000000000001
14161,12,0.0,113.6,113.6
14162,28,10.0,133.8,123.80000000000001
14163,19,15.2,144.2,129.0
14164,31,0.2,133.4,133.20000000000002
14165,31,0.2,139.0,138.8
14167,33,4.2,136.6,132.4
14168,33,0.0,134.4,134.4
14169,40,2.4,123.8,121.39999999999999
14170,16,49.2,94.8,45.599999999999994
14171,44,1.6,145.4,143.8
14172,34,5.2,143.2,138.0
14174,20,1.2,135.6,134.4
14175,61,0.0,136.2,136.2
14177,34,0.2,131.4,131.20000000000002
14178,37,1.8,128.8,127.00000000000001
14179,11,0.0,143.8,143.8
14181,36,5.0,143.0,138.0
14182,27,4.6,122.8,118.2
14183,13,4.8,123.8,119.0
14184,37,4.2,144.6,140.4
14185,28,3.6,127.0,123.4
14186,28,0.6,119.4,118.80000000000001
14188,29,6.2,121.2,115.0
14189,24,6.2,119.0,112.8
14191,37,4.8,140.6,135.79999999999998
14192,22,18.4,128.0,109.6
14193,23,0.0,117.6,117.6
14194,28,10.6,120.4,109.80000000000001
14198,28,2.6,137.0,134.4
14199,40,2.8,122.6,119.8
14201,27,7.8,121.6,113.8
14202,23,11.8,127.4,115.60000000000001
14204,45,2.8,124.6,121.8
14205,38,5.8,125.6,119.8
14206,20,1.0,117.4,116.4
14207,34,1.6,138.0,136.4
14209,32,2.8,136.4,133.6
14210,46,0.0,127.4,127.4
14213,43,5.0,135.8,130.8
14214,33,0.4,127.6,127.19999999999999
14215,45,1.4,135.2,133.79999999999998
14218,21,8.2,107.2,99.0
14221,27,28.8,139.4,110.60000000000001
14222,24,6.0,116.8,110.8
14224,32,4.8,136.2,131.39999999999998
14226,34,5.4,137.0,131.6
14227,36,1.2,133.6,132.4
14228,22,21.0,140.0,119.0
14231,32,5.6,144.8,139.20000000000002
14232,25,9.6,121.0,111.4
14234,34,0.0,135.6,135.6
14235,22,0.6,118.4,117.80000000000001
14236,24,24.4,127.6,103.19999999999999
14237,44,0.4,138.8,138.4
14238,31,17.6,141.2,123.6
14239,13,7.4,144.2,136.79999999999998
14241,13,0.0,110.4,110.4
14243,28,1.0,139.4,138.4
14244,34,4.2,142.8,138.60000000000002
14245,26,3.0,123.4,120.4
14246,33,5.8,131.6,125.8
14248,20,2.6,148.0,145.4
14249,16,4.6,130.6,126.0
14250,22,7.0,124.2,117.2
14252,33,0.0,124.6,124.6
14253,19,2.2,130.8,128.60000000000002
14254,26,1.2,126.8,125.6
14255,34,6.8,134.6,127.8
14256,27,9.8,123.0,113.2
14257,34,6.2,129.4,123.2
14259,32,1.2,135.4,134.20000000000002
14264,31,4.8,142.4,137.6
14265,32,2.8,123.8,121.0
14266,33,5.0,119.8,114.8
14267,27,3.0,125.0,122.0
14268,36,5.2,139.4,134.20000000000002
14269,31,4.6,137.4,132.8
14273,27,3.8,126.4,122.60000000000001
14274,17,4.6,103.4,98.80000000000001
14275,18,4.6,135.6,131.0
14281,26,1.8,123.2,121.4
14282,20,32.2,89.6,57.39999999999999
14283,20,0.0,123.2,123.2
14284,49,5.8,126.8,121.0
14286,25,5.2,141.0,135.8
14288,32,4.0,122.2,118.2
14289,30,1.4,108.4,107.0
14290,39,2.4,127.2,124.8
14291,33,4.8,128.2,123.39999999999999
14292,19,6.8,125.0,118.2
14294,24,14.0,136.2,122.19999999999999
14295,32,15.0,127.4,112.4
14296,15,5.6,119.2,113.60000000000001
14297,27,4.4,122.2,117.8
14298,28,5.0,120.0,115.0
14299,38,1.8,127.8,126.0
14301,29,0.2,124.6,124.39999999999999
14302,30,2.0,126.0,124.0
14303,27,2.4,140.0,137.6
14305,34,4.0,126.4,122.4
14306,32,6.6,127.8,121.2
14308,33,1.0,136.2,135.2
14309,29,6.2,118.2,112.0
14311,28,6.0,124.8,118.8
14312,51,3.0,128.2,125.19999999999999
14313,36,6.4,135.6,129.2
14315,33,0.0,131.6,131.6
14316,32,1.8,118.0,116.2
14317,53,4.2,129.4,125.2
14318,33,3.2,127.0,123.8
14320,28,30.2,124.6,94.39999999999999
14321,30,4.0,125.8,121.8
14322,26,4.6,123.8,119.2
14323,57,1.2,128.6,127.39999999999999
14325,34,6.0,135.6,129.6
14326,31,0.0,99.4,99.4
14327,25,3.6,132.0,128.4
14328,36,5.6,135.0,129.4
14330,30,0.0,115.0,115.0
14331,25,7.4,118.8,111.39999999999999
14332,34,3.2,128.0,124.8
14333,15,8.8,118.0,109.2
14334,31,6.8,123.2,116.4
14336,38,3.4,127.8,124.39999999999999
14338,35,6.8,120.4,113.60000000000001
14339,40,7.2,122.0,114.8
14341,29,3.4,119.8,116.39999999999999
14342,53,0.8,121.6,120.8
14343,22,6.8,120.4,113.60000000000001
14344,25,4.6,122.8,118.2
14345,30,6.4,121.0,114.6
14349,10,10.4,147.6,137.2
14352,55,5.4,318.0,312.6
14355,22,10.2,273.8,263.6
14356,78,10.8,412.4,401.59999999999997
14358,45,46.0,205.0,159.0
14359,78,17.2,410.4,393.2
14362,34,18.8,226.8,208.0
14363,41,7.0,199.4,192.4
14364,63,10.0,305.8,295.8
14365,35,14.0,214.8,200.8
14366,7,4.4,101.0,96.6
14367,83,39.6,396.2,356.59999999999997
14368,38,0.2,416.2,416.0
14369,40,11.4,397.0,385.6
14370,71,0.6,270.2,269.59999999999997
14371,39,5.8,206.4,200.6
14372,54,1.2,247.6,246.4
14374,43,0.4,179.0,178.6
14375,80,5.0,351.6,346.6
14376,32,3.8,242.6,238.79999999999998
14377,149,2.0,425.8,423.8
14379,61,10.0,321.4,311.4
14380,106,1.2,410.8,409.6
14383,101,6.0,414.0,408.0
14384,39,4.6,172.6,168.0
14385,12,0.4,221.4,221.0
14387,58,3.4,346.6,343.20000000000005
14388,72,7.2,290.0,282.8
14389,101,1.6,400.4,398.79999999999995
14391,88,4.0,413.6,409.6
14393,86,8.4,383.0,374.6
14394,88,9.8,396.2,386.4
14395,10,11.8,213.0,201.2
14397,44,0.8,257.2,256.4
14399,109,5.6,408.4,402.79999999999995
14400,60,1.2,263.4,262.2
14403,33,0.2,159.2,159.0
14404,88,0.0,400.2,400.2
14405,86,9.0,412.6,403.6
14406,48,0.0,218.0,218.0
14407,90,16.0,400.4,384.4
14410,102,9.2,389.8,380.6
14411,88,2.8,396.0,393.2
14412,41,8.6,215.6,207.0
14413,8,8.6,168.4,159.8
14415,5,12.8,137.2,124.39999999999999
14416,18,30.8,396.8,366.0
14417,14,21.0,178.8,157.8
14418,81,53.4,397.6,344.20000000000005
14419,95,9.2,410.6,401.40000000000003
14420,32,0.0,130.6,130.6
14421,16,0.0,133.4,133.4
14422,99,3.0,416.8,413.8
14423,42,3.8,216.6,212.79999999999998
14425,37,2.4,175.2,172.79999999999998
14426,101,2.4,302.4,300.0
14427,43,13.8,212.6,198.79999999999998
14429,40,0.4,236.2,235.79999999999998
14430,34,0.6,162.8,162.20000000000002
14431,82,30.2,346.6,316.40000000000003
14434,91,1.2,419.8,418.6
14435,29,1.6,150.8,149.20000000000002
14437,56,5.0,253.6,248.6
14438,59,0.8,289.8,289.0
14439,85,5.4,409.4,404.0
14440,87,14.8,363.8,349.0
14441,31,0.2,410.4,410.2
14442,61,11.4,298.0,286.6
14443,73,4.8,356.4,351.59999999999997
14444,38,7.0,213.2,206.2
14447,26,4.2,206.0,201.8
14450,49,2.6,213.0,210.4
14451,24,6.6,145.8,139.20000000000002
14453,16,1.6,117.8,116.2
14454,48,20.8,383.8,363.0
14455,96,6.6,405.2,398.59999999999997
14460,6,5.0,84.4,79.4
14461,7,28.2,139.0,110.8
14463,24,8.4,133.6,125.19999999999999
14464,57,5.2,283.8,278.6
14465,38,0.0,261.0,261.0
14466,80,6.8,327.6,320.8
14467,41,8.0,209.2,201.2
14468,94,13.6,393.2,379.59999999999997
14469,67,9.2,403.2,394.0
14470,28,3.6,359.0,355.4
14473,33,5.2,201.2,196.0
14475,97,0.6,401.0,400.4
14476,71,3.4,354.4,351.0
14477,48,0.4,210.8,210.4
14478,60,4.6,199.0,194.4
14479,77,10.0,399.4,389.4
14480,28,4.8,144.8,140.0
14482,45,2.8,210.6,207.79999999999998
14483,27,12.0,315.0,303.0
14484,57,4.2,244.8,240.60000000000002
14485,98,2.8,421.4,418.59999999999997
14487,32,12.8,150.6,137.79999999999998
14488,84,7.0,393.2,386.2
14489,32,24.2,158.4,134.20000000000002
14491,12,0.4,137.2,136.79999999999998
14494,36,3.0,143.0,140.0
14495,82,16.2,391.4,375.2
14498,107,1.6,403.6,402.0
14499,43,4.0,160.6,156.6
14500,6,0.4,142.8,142.4
14501,87,9.8,392.6,382.8
14503,50,5.0,234.2,229.2
14505,63,2.0,403.2,401.2
14506,43,4.4,203.0,198.6
14512,83,0.0,394.0,394.0
14513,67,5.0,343.4,338.4
14514,97,6.4,320.2,313.8
14515,49,1.8,231.4,229.6
14518,35,4.6,206.6,202.0
14519,5,12.2,149.4,137.20000000000002
14520,80,5.0,369.4,364.4
14523,78,11.4,365.4,354.0
14524,34,2.8,138.4,135.6
14525,6,0.0,120.0,120.0
14527,67,5.0,335.0,330.0
14528,43,15.0,318.0,303.0
14529,99,0.2,351.0,350.8
14531,74,12.6,350.2,337.59999999999997
14532,85,3.8,349.2,345.4
14533,39,14.0,400.2,386.2
14534,65,13.4,355.0,341.6
14535,52,84.4,404.8,320.4
14538,88,7.0,392.6,385.6
14540,62,20.2,394.6,374.40000000000003
14541,16,13.0,239.6,226.6
14544,5,33.6,106.2,72.6
14546,39,3.6,165.0,161.4
14547,71,2.2,391.4,389.2
14548,73,3.2,319.4,316.2
14550,53,8.2,289.6,281.40000000000003
14552,41,5.2,179.6,174.4
14553,30,2.2,103.2,101.0
14554,93,11.8,409.6,397.8
14556,43,11.8,236.4,224.6
14558,74,2.4,281.0,278.6
14560,89,1.2,362.0,360.8
14561,53,5.4,410.0,404.6
14562,59,5.2,289.8,284.6
14563,67,13.2,348.8,335.6
14564,47,9.6,210.8,201.20000000000002
14565,69,1.4,280.0,278.6
14566,58,5.2,363.6,358.40000000000003
14567,79,8.8,377.6,368.8
14568,102,2.4,415.4,413.0
14570,27,13.0,176.6,163.6
14571,53,8.6,288.2,279.59999999999997
14573,23,5.2,142.4,137.20000000000002
14574,41,8.0,334.0,326.0
14575,34,4.0,179.2,175.2
14576,32,5.0,183.2,178.2
14578,59,11.2,410.4,399.2
14579,32,1.0,297.4,296.4
14580,6,13.8,171.8,158.0
14581,91,3.0,377.2,374.2
14583,65,13.2,327.2,314.0
14584,74,18.8,372.4,353.59999999999997
14585,73,8.0,393.0,385.0
14586,18,13.4,251.4,238.0
14588,9,15.0,138.4,123.4
14590,23,16.2,140.2,123.99999999999999
14591,34,9.8,302.0,292.2
14592,5,10.6,109.8,99.2
14593,32,5.6,145.4,139.8
14594,76,14.4,423.2,408.8
14595,34,1.4,390.0,388.6
14596,74,3.0,360.2,357.2
14597,96,0.0,258.2,258.2
14598,30,17.8,362.6,344.8
14599,66,9.8,408.6,398.8
14600,51,10.2,268.2,258.0
14601,82,1.6,417.4,415.79999999999995
14606,90,12.4,376.0,363.6
14608,38,0.0,291.2,291.2
14609,30,2.2,282.4,280.2
14610,9,30.6,128.8,98.20000000000002
14611,88,5.0,390.4,385.4
14612,39,11.6,312.2,300.59999999999997
14613,85,7.4,404.6,397.20000000000005
14614,79,7.6,422.2,414.59999999999997
14615,5,13.6,216.8,203.20000000000002
14616,34,0.4,133.0,132.6
14617,93,0.6,419.4,418.79999999999995
14618,28,3.0,139.8,136.8
14619,70,16.6,394.6,378.0
14620,85,14.2,409.0,394.8
14622,54,3.2,242.6,239.4
14623,84,13.4,422.6,409.20000000000005
14624,91,9.0,364.6,355.6
14627,44,13.8,207.4,193.6
14628,43,14.4,213.2,198.79999999999998
14630,71,5.0,376.2,371.2
14631,29,9.2,336.6,327.40000000000003
14632,83,0.6,238.6,238.0
14636,71,0.4,410.4,410.0
14637,27,9.2,353.0,343.8
14639,70,17.8,332.0,314.2
14640,35,0.8,136.8,136.0
14641,28,5.6,339.4,333.79999999999995
14643,58,5.6,237.8,232.20000000000002
14644,51,11.8,244.2,232.39999999999998
14645,126,0.6,408.8,408.2
14647,60,6.0,286.2,280.2
14648,51,7.8,264.6,256.8
14649,83,5.8,401.2,395.4
14650,83,6.0,411.4,405.4
14651,84,0.6,320.4,319.79999999999995
14652,57,9.4,397.0,387.6
14653,33,4.8,206.4,201.6
14656,56,16.2,373.8,357.6
14658,6,8.0,91.2,83.2
14659,39,9.6,197.0,187.4
14660,67,5.0,361.8,356.8
14662,17,4.8,94.2,89.4
14664,69,9.2,415.2,406.0
14665,51,9.2,268.0,258.8
14668,69,3.0,302.6,299.6
14669,99,2.8,393.8,391.0
14672,43,10.8,238.8,228.0
14674,58,9.6,282.8,273.2
14676,24,6.6,341.0,334.4
14677,28,4.0,215.2,211.2
14678,94,8.6,404.8,396.2
14679,82,15.6,411.6,396.0
14680,7,11.4,117.8,106.39999999999999
14681,44,10.4,225.6,215.2
14682,70,3.4,288.4,285.0
14683,56,11.6,310.6,299.0
14686,24,5.2,128.8,123.60000000000001
14687,52,1.4,217.6,216.2
14688,91,5.0,377.8,372.8
14689,27,0.4,142.4,142.0
14692,22,9.8,136.0,126.2
14693,53,9.8,385.4,375.59999999999997
14694,19,23.8,139.6,115.8
14695,69,0.2,360.2,360.0
14696,102,1.4,413.8,412.40000000000003
14697,97,8.4,397.2,388.8
14698,36,5.4,209.0,203.6
14699,75,8.2,354.0,345.8
14700,71,3.4,403.8,400.40000000000003
14702,82,46.2,400.4,354.2
14703,33,9.4,172.2,162.79999999999998
14704,6,11.0,145.4,134.4
14706,35,4.2,122.0,117.8
14707,51,9.2,293.8,284.6
14708,84,0.0,360.8,360.8
14709,59,4.2,308.0,303.8
14710,43,12.8,235.6,222.79999999999998
14711,26,13.4,155.8,142.4
14712,48,6.4,213.2,206.79999999999998
14713,45,67.4,287.4,219.99999999999997
14714,72,8.0,362.6,354.6
14715,35,13.4,192.8,179.4
14717,80,11.0,418.8,407.8
14718,77,18.4,399.0,380.6
14719,27,3.4,147.2,143.79999999999998
14722,5,0.6,143.4,142.8
14723,42,4.4,187.6,183.2
14724,32,1.2,183.6,182.4
14727,75,11.6,392.2,380.59999999999997
14728,86,9.2,400.6,391.40000000000003
14729,89,8.2,396.8,388.6
14730,58,7.0,290.0,283.0
14734,65,7.2,281.4,274.2
14736,41,2.2,240.0,237.8
14737,99,13.8,392.6,378.8
14738,35,13.4,167.8,154.4
14739,31,3.8,178.8,175.0
14741,86,10.8,381.4,370.59999999999997
14742,35,11.0,188.4,177.4
14743,86,14.4,398.2,383.8
14744,91,11.6,395.0,383.4
14745,90,16.0,393.6,377.6
14746,64,3.8,314.2,310.4
14747,81,2.8,407.6,404.8
14748,106,3.4,411.0,407.6
14749,7,1.6,48.4,46.8
14751,36,3.0,201.0,198.0
14752,9,16.6,128.6,112.0
14753,61,0.0,253.2,253.2
14754,80,6.0,390.6,384.6
14755,70,9.4,377.4,368.0
14757,66,8.6,313.2,304.59999999999997
14758,66,9.4,373.2,363.8
14759,26,0.0,312.6,312.6
14760,30,7.0,398.6,391.6
14761,111,4.4,408.2,403.8
14762,11,9.2,194.6,185.4
14763,8,6.8,205.6,198.79999999999998
14764,46,9.4,267.8,258.40000000000003
14765,113,14.6,368.4,353.79999999999995
14766,78,0.0,369.2,369.2
14767,57,1.2,377.4,376.2
14769,94,6.2,392.6,386.40000000000003
14771,69,11.6,403.2,391.59999999999997
14772,165,18.2,397.8,379.6
14773,122,5.0,380.0,375.0
14775,60,1.4,357.4,356.0
14776,80,6.2,302.8,296.6
14777,30,0.8,168.6,167.79999999999998
14778,74,4.4,264.4,260.0
14781,56,7.0,207.8,200.8
14782,72,7.0,229.6,222.6
14783,32,7.2,130.8,123.60000000000001
14784,50,7.0,235.2,228.2
14786,54,7.0,205.0,198.0
14787,20,1.2,242.4,241.20000000000002
14788,35,7.0,133.2,126.19999999999999
14789,63,10.0,305.8,295.8
14790,62,1.4,368.0,366.6
14791,67,9.0,229.6,220.6
14792,55,7.0,215.6,208.6
14793,33,12.4,138.2,125.79999999999998
14794,74,6.0,397.4,391.4
14796,8,8.8,171.2,162.39999999999998
14800,73,7.0,363.4,356.4
14801,32,0.0,275.0,275.0
14803,23,6.8,134.2,127.39999999999999
14804,118,9.8,394.2,384.4
14808,71,7.0,281.2,274.2
14809,70,6.8,357.6,350.8
14811,72,8.2,310.8,302.6
14812,65,7.0,205.0,198.0
14813,38,6.4,144.0,137.6
14814,28,4.4,180.0,175.6
14815,84,13.4,380.2,366.8
14816,38,0.8,224.0,223.2
14817,72,9.8,271.2,261.4
14818,42,1.0,151.0,150.0
14819,51,2.2,351.4,349.2
14820,45,0.0,385.0,385.0
14822,72,6.8,304.2,297.4
14823,27,1.0,137.2,136.2
14824,36,0.2,208.0,207.8
14826,56,7.6,347.4,339.79999999999995
14827,22,6.8,121.4,114.60000000000001
14828,71,7.0,215.4,208.4
14829,72,7.0,250.0,243.0
14831,7,7.6,125.0,117.4
14832,130,2.4,391.4,389.0
14834,31,9.6,239.2,229.6
14836,38,10.4,232.0,221.6
14837,68,5.8,166.6,160.79999999999998
14838,60,8.6,324.6,316.0
14839,75,4.8,393.6,388.8
14841,39,3.6,213.0,209.4
14842,76,3.6,360.8,357.2
14843,32,12.0,207.4,195.4
14844,166,2.4,373.4,371.0
14845,33,4.8,279.6,274.8
14848,8,9.4,120.8,111.39999999999999
14850,109,5.0,404.2,399.2
14854,85,21.0,396.4,375.4
14855,91,7.0,363.4,356.4
14856,94,2.6,373.8,371.2
14857,32,5.2,253.6,248.4
14859,10,0.0,136.2,136.2
14860,68,7.6,405.4,397.79999999999995
14861,74,5.0,401.4,396.4
14862,77,7.2,398.8,391.6
14864,5,22.2,103.6,81.39999999999999
14865,105,2.0,372.2,370.2
14866,83,2.0,399.0,397.0
14867,70,8.8,409.2,400.4
14868,103,2.6,396.6,394.0
14869,53,0.0,338.4,338.4
14870,61,3.0,288.4,285.4
14871,49,2.2,236.4,234.20000000000002
14874,41,5.0,197.6,192.6
14875,99,1.4,383.0,381.6
14876,31,0.6,140.0,139.4
14877,65,8.2,300.8,292.6
14878,51,2.8,382.0,379.2
14879,95,10.0,403.6,393.6
14881,68,6.8,297.8,291.0
14885,85,7.4,402.0,394.6
14887,37,14.8,193.6,178.79999999999998
14891,76,0.2,407.0,406.8
14894,42,13.4,206.6,193.2
14895,45,20.6,404.0,383.4
14896,82,1.0,390.0,389.0
14897,86,5.6,399.2,393.59999999999997
14898,50,2.2,243.0,240.8
14899,45,33.0,406.8,373.8
14900,92,5.2,330.2,325.0
14901,60,3.2,388.0,384.8
14902,34,0.6,269.8,269.2
14903,34,1.8,351.4,349.59999999999997
14905,88,7.8,405.2,397.4
14907,46,12.2,210.6,198.4
14908,50,0.0,255.0,255.0
14911,48,0.8,277.6,276.8
14913,86,2.2,359.4,357.2
14914,8,3.4,134.2,130.79999999999998
14915,27,14.2,176.2,162.0
14916,100,8.4,406.8,398.40000000000003
14917,18,16.6,246.0,229.4
14919,74,5.2,348.2,343.0
14920,67,1.4,400.8,399.40000000000003
14922,87,8.4,369.0,360.6
14926,72,4.0,355.2,351.2
14927,57,1.0,220.8,219.8
14929,82,8.4,363.2,354.8
14930,29,3.2,361.0,357.8
14931,15,24.0,287.6,263.6
14932,73,4.6,279.6,275.0
14934,90,2.4,399.4,397.0
14936,13,57.8,140.6,82.8
14937,35,1.8,362.6,360.8
14938,37,0.4,352.4,352.0
14939,24,8.6,288.0,279.4
14940,76,5.0,341.4,336.4
14941,87,0.0,381.8,381.8
14942,169,4.2,375.0,370.8
14943,8,63.6,214.2,150.6
14944,44,24.2,388.2,364.0
14945,6,9.8,102.0,92.2
14946,36,5.4,224.2,218.79999999999998
14948,9,146.0,265.2,119.19999999999999
14953,55,0.2,244.8,244.60000000000002
14955,90,2.6,366.6,364.0
14956,53,0.0,143.8,143.8
14958,49,7.6,198.4,190.8
14961,73,2.0,291.2,289.2
14962,91,2.8,404.0,401.2
14963,72,6.2,395.4,389.2
14964,80,16.8,392.8,376.0
14966,48,0.0,248.6,248.6
14967,33,5.6,179.8,174.20000000000002
14968,186,1.8,385.2,383.4
14969,36,5.0,203.8,198.8
14972,52,1.6,301.6,300.0
14973,9,5.4,133.4,128.0
14974,178,2.6,379.8,377.2
14977,74,11.6,361.4,349.79999999999995
14978,43,0.0,285.6,285.6
14979,56,7.2,305.8,298.6
14980,27,0.0,196.2,196.2
14981,49,5.8,274.0,268.2
14983,17,11.8,236.0,224.2
14984,15,4.4,137.8,133.4
14986,61,4.4,323.2,318.8
14988,84,5.4,354.8,349.40000000000003
14989,62,7.0,209.8,202.8
14990,73,1.0,285.6,284.6
14991,25,7.8,304.8,297.0
14992,52,5.6,270.4,264.79999999999995
14994,35,8.8,199.0,190.2
14995,8,1.4,118.6,117.19999999999999
14996,99,9.0,368.8,359.8
14997,86,5.8,382.2,376.4
14998,11,47.2,143.0,95.8
14999,85,5.4,399.8,394.40000000000003
15000,88,2.0,398.6,396.6
15001,71,8.8,396.0,387.2
15002,71,5.6,394.6,389.0
15003,49,0.0,285.6,285.6
15004,35,6.8,134.4,127.60000000000001
15005,82,4.8,381.0,376.2
15006,62,5.0,350.2,345.2
15007,178,6.8,378.0,371.2
15008,57,7.4,353.4,346.0
15009,60,4.8,360.2,355.4
15010,77,6.2,160.0,153.8
15011,69,8.8,379.4,370.59999999999997
15012,44,0.8,371.8,371.0
15014,59,9.6,298.0,288.4
15015,59,9.6,314.8,305.2
15017,9,52.4,182.8,130.4
15018,40,0.4,147.8,147.4
15019,74,26.0,355.0,329.0
15022,6,0.6,137.6,137.0
15023,24,27.8,288.0,260.2
15024,54,21.8,285.2,263.4
15025,57,0.2,296.6,296.40000000000003
15026,76,4.0,362.4,358.4
15027,28,13.6,313.0,299.4
15028,69,2.0,290.0,288.0
15030,86,0.0,376.2,376.2
15033,76,6.8,398.8,392.0
15034,65,15.2,342.8,327.6
15035,42,12.2,212.8,200.60000000000002
15037,44,5.4,214.6,209.2
15039,61,2.0,266.6,264.6
15041,41,0.0,379.4,379.4
15043,33,0.6,331.2,330.59999999999997
15044,91,4.6,378.8,374.2
15045,67,2.8,325.8,323.0
15046,16,40.4,252.0,211.6
15047,51,7.8,269.6,261.8
15048,22,44.0,270.2,226.2
15049,14,7.8,193.0,185.2
15050,37,0.2,144.8,144.60000000000002
15051,28,10.2,195.4,185.20000000000002
15052,108,8.6,392.6,384.0
15053,87,9.4,391.6,382.20000000000005
15055,75,4.0,278.4,274.4
15056,93,12.8,400.4,387.59999999999997
15058,40,12.0,211.6,199.6
15059,69,1.8,266.2,264.4
15062,78,9.2,390.4,381.2
15063,50,6.6,212.2,205.6
15066,91,1.6,386.6,385.0
15067,45,33.0,391.6,358.6
15069,60,0.8,272.6,271.8
15070,48,2.4,263.8,261.40000000000003
15071,36,1.2,159.8,158.60000000000002
15074,68,4.8,324.6,319.8
15075,76,2.0,373.0,371.0
15076,51,20.0,366.0,346.0
15077,77,2.8,288.2,285.4
15078,57,7.8,389.4,381.59999999999997
15080,17,0.2,224.4,224.20000000000002
15083,68,9.4,325.4,316.0
15084,75,11.4,397.2,385.8
15086,114,7.4,400.6,393.20000000000005
15087,91,1.6,403.8,402.2
15091,78,8.2,336.6,328.40000000000003
15092,27,17.2,125.6,108.39999999999999
15095,57,5.6,288.2,282.59999999999997
15096,70,0.2,363.2,363.0
15097,13,18.8,202.4,183.6
15099,106,16.8,388.2,371.4
15100,77,1.6,338.4,336.79999999999995
15101,11,2.6,273.2,270.59999999999997
15102,113,5.6,382.8,377.2
15104,33,5.0,142.2,137.2
15105,28,2.0,149.6,147.6
15106,16,0.2,206.6,206.4
15107,28,2.0,141.2,139.2
15109,49,10.0,207.2,197.2
15110,89,1.0,386.2,385.2
15111,75,2.4,285.2,282.8
15113,8,18.4,132.2,113.79999999999998
15114,54,2.4,360.0,357.6
15115,62,13.2,286.0,272.8
15116,12,7.6,180.4,172.8
15118,52,8.0,238.8,230.8
15119,69,12.2,290.0,277.8
15120,49,4.0,204.8,200.8
15121,46,4.0,210.2,206.2
15124,26,0.2,146.0,145.8
15126,40,0.2,244.8,244.60000000000002
15127,68,4.4,387.6,383.20000000000005
15128,36,0.0,142.0,142.0
15129,76,4.4,274.2,269.8
15130,31,1.6,172.8,171.20000000000002
15131,18,7.6,234.0,226.4
15132,32,0.6,177.0,176.4
15134,30,4.4,192.0,187.6
15142,30,1.2,142.4,141.20000000000002
15144,31,11.2,141.4,130.20000000000002
15145,31,11.2,128.4,117.2
15146,64,9.4,251.0,241.6
15147,43,1.8,353.2,351.4
15151,26,5.0,135.8,130.8
15152,86,2.4,391.4,389.0
15153,25,9.0,269.2,260.2
15154,69,2.4,347.8,345.40000000000003
15155,30,1.6,139.8,138.20000000000002
15156,21,5.2,124.8,119.6
15157,39,35.0,293.6,258.6
15159,13,11.4,175.8,164.4
15160,56,1.8,193.6,191.79999999999998
15163,35,12.0,237.8,225.8
15164,22,19.2,285.6,266.40000000000003
15165,21,10.6,213.6,203.0
15166,62,6.0,287.2,281.2
15167,62,7.4,364.2,356.8
15168,32,3.4,377.8,374.40000000000003
15169,56,4.8,313.0,308.2
15170,23,3.4,273.0,269.6
15172,113,9.0,398.0,389.0
15174,98,4.8,371.0,366.2
15176,13,0.0,243.6,243.6
15177,94,0.2,370.8,370.6
15179,68,2.2,291.6,289.40000000000003
15181,100,3.0,392.6,389.6
15184,54,0.2,389.8,389.6
15185,84,4.0,387.0,383.0
15186,31,12.8,166.8,154.0
15187,35,10.6,207.0,196.4
15189,62,3.6,391.4,387.79999999999995
15190,15,14.4,170.8,156.4
15191,70,3.8,392.2,388.4
15192,31,18.6,181.6,163.0
15194,115,3.2,374.8,371.6
15195,97,4.8,398.8,394.0
15196,52,2.2,207.0,204.8
15197,70,6.8,297.4,290.59999999999997
15198,80,1.0,365.8,364.8
15199,101,18.0,392.8,374.8
15200,52,3.2,383.6,380.40000000000003
15201,26,0.0,136.6,136.6
15202,25,2.2,345.2,343.0
15203,66,10.6,392.8,382.2
15206,84,11.8,397.2,385.4
15207,57,5.2,279.0,273.8
15208,34,7.8,222.2,214.39999999999998
15209,80,3.2,349.0,345.8
15210,41,41.6,174.4,132.8
15211,36,8.6,322.0,313.4
15212,11,7.8,147.8,140.0
15213,108,3.2,372.4,369.2
15216,25,0.4,131.8,131.4
15217,80,1.8,324.6,322.8
15218,86,7.2,355.4,348.2
15219,95,5.0,402.2,397.2
15220,6,8.2,109.6,101.39999999999999
15221,91,4.0,392.0,388.0
15223,22,12.2,143.6,131.4
15224,43,11.8,198.2,186.39999999999998
15226,21,0.0,108.0,108.0
15227,76,15.2,326.2,311.0
15228,32,8.4,178.2,169.79999999999998
15230,77,9.0,391.4,382.4
15231,73,4.6,321.0,316.4
15232,71,8.0,306.6,298.6
15233,25,8.0,143.6,135.6
15234,55,14.0,266.6,252.60000000000002
15235,81,0.2,354.2,354.0
15236,17,16.2,261.0,244.8
15237,40,9.2,368.8,359.6
15238,78,13.4,263.4,249.99999999999997
15239,64,2.0,249.0,247.0
15242,34,9.2,205.0,195.8
15243,6,10.4,107.0,96.6
15244,76,10.8,354.4,343.59999999999997
15245,8,13.6,143.2,129.6
15246,16,5.2,105.4,100.2
15247,68,7.8,322.6,314.8
15248,76,3.0,249.2,246.2
15251,32,10.0,323.4,313.4
15254,86,9.4,375.6,366.20000000000005
15255,56,5.6,298.0,292.4
15257,16,3.0,128.2,125.19999999999999
15259,59,5.4,336.6,331.20000000000005
15260,37,0.0,168.4,168.4
15261,27,4.6,150.6,146.0
15264,22,57.2,167.8,110.60000000000001
15266,37,9.6,191.8,182.20000000000002
15267,77,2.4,372.4,370.0
15268,74,7.2,308.0,300.8
15269,68,7.2,273.6,266.40000000000003
15271,7,5.4,120.6,115.19999999999999
15273,61,3.2,386.6,383.40000000000003
15275,73,5.8,389.8,384.0
15276,60,17.0,391.8,374.8
15278,33,29.2,195.8,166.60000000000002
15279,54,22.8,301.0,278.2
15280,102,3.8,392.8,389.0
15281,27,2.4,134.4,132.0
15282,40,7.4,210.0,202.6
15283,43,1.2,208.6,207.4
15284,82,4.6,395.4,390.79999999999995
15286,32,0.0,183.4,183.4
15287,39,10.0,264.0,254.0
15289,76,2.0,329.0,327.0
15290,40,11.0,195.2,184.2
15291,28,0.0,146.8,146.8
15292,55,12.6,326.4,313.79999999999995
15293,62,10.4,290.0,279.6
15294,53,0.0,264.2,264.2
15295,54,11.8,264.2,252.39999999999998
15296,48,0.0,259.0,259.0
15297,49,0.2,282.4,282.2
15298,67,8.2,284.2,276.0
15299,92,0.6,386.4,385.79999999999995
15300,71,5.2,367.2,362.0
15301,62,8.6,275.4,266.79999999999995
15302,73,3.6,347.4,343.79999999999995
15306,87,2.4,215.4,213.0
15307,54,5.0,235.8,230.8
15308,26,27.6,205.8,178.20000000000002
15309,30,1.0,139.2,138.2
15310,50,14.2,287.8,273.6
15311,35,6.4,220.8,214.4
15312,7,4.4,126.2,121.8
15313,60,10.4,393.8,383.40000000000003
15314,48,5.0,268.4,263.4
15315,72,3.4,380.0,376.6
15316,5,9.0,82.6,73.6
15317,32,1.8,133.0,131.2
15318,67,0.0,351.0,351.0
15319,39,4.8,177.8,173.0
15320,101,0.0,369.8,369.8
15321,72,6.8,390.0,383.2
15322,93,8.6,373.0,364.4
15324,10,5.0,145.2,140.2
15325,43,0.0,363.2,363.2
15327,21,4.4,138.6,134.2
15329,64,0.6,281.0,280.4
15330,95,6.8,382.2,375.4
15332,32,8.6,304.0,295.4
15334,89,5.6,354.6,349.0
15336,82,2.8,383.0,380.2
15337,56,2.8,227.4,224.6
15338,38,4.6,215.4,210.8
15339,17,0.4,246.2,245.79999999999998
15340,100,5.0,364.4,359.4
15342,39,10.0,336.6,326.6
15344,77,48.4,393.0,344.6
15346,35,4.8,167.2,162.39999999999998
15347,33,11.0,346.8,335.8
15348,23,0.0,136.4,136.4
15350,82,5.0,358.8,353.8
15353,80,7.6,391.4,383.79999999999995
15354,83,5.0,366.2,361.2
15356,75,6.8,372.4,365.59999999999997
15357,43,14.0,207.8,193.8
15358,87,7.8,400.0,392.2
15359,82,10.8,394.2,383.4
15361,88,11.2,365.8,354.6
15362,89,5.8,396.6,390.8
15364,9,12.0,126.8,114.8
15365,45,4.8,233.6,228.79999999999998
15366,71,7.8,319.0,311.2
15369,23,4.8,81.2,76.4
15370,7,8.4,94.8,86.39999999999999
15371,35,3.0,172.6,169.6
15373,21,6.4,130.4,124.0
15374,6,28.6,144.4,115.80000000000001
15375,63,9.6,288.2,278.59999999999997
15376,41,5.0,199.6,194.6
15377,54,0.8,329.2,328.4
15378,72,11.6,346.8,335.2
15380,68,13.8,363.6,349.8
15382,93,13.4,397.0,383.6
15383,92,2.8,377.2,374.4
15385,82,13.6,391.4,377.79999999999995
15386,12,8.8,180.6,171.79999999999998
15388,52,1.0,385.0,384.0
15391,20,0.8,190.4,189.6
15392,84,4.8,358.8,354.0
15393,73,4.6,346.8,342.2
15395,29,12.8,166.4,153.6
15397,53,9.8,385.0,375.2
15400,42,1.0,194.2,193.2
15401,45,4.0,190.2,186.2
15402,103,6.0,373.6,367.6
15404,8,12.8,252.8,240.0
15407,47,8.4,209.0,200.6
15409,73,7.4,370.4,363.0
15410,33,91.2,399.2,308.0
15411,12,10.8,180.2,169.39999999999998
15412,38,12.8,249.0,236.2
15413,52,8.8,255.2,246.39999999999998
15414,27,24.4,145.0,120.6
15415,7,47.0,93.8,46.8
15416,5,20.8,138.6,117.8
15417,48,4.8,203.8,199.0
15418,28,5.8,136.6,130.79999999999998
15419,31,15.4,211.4,196.0
15420,43,2.8,299.8,297.0
15421,42,3.4,185.4,182.0
15422,29,6.0,104.8,98.8
15424,19,12.4,162.2,149.79999999999998
15425,89,4.2,381.8,377.6
15426,96,11.0,361.8,350.8
15428,67,8.0,315.8,307.8
15430,19,64.4,213.0,148.6
15431,75,11.6,360.2,348.59999999999997
15433,80,5.0,359.2,354.2
15434,7,2.0,96.6,94.6
15435,10,14.8,150.2,135.39999999999998
15436,78,6.4,379.4,373.0
15437,15,15.2,111.8,96.6
15440,7,10.0,104.2,94.2
15442,72,26.2,396.8,370.6
15444,56,1.6,326.2,324.59999999999997
15445,32,4.8,141.4,136.6
15446,12,2.6,179.0,176.4
15448,93,7.0,384.2,377.2
15449,38,10.2,252.4,242.20000000000002
15451,79,8.2,390.4,382.2
15452,36,4.0,169.4,165.4
15453,83,3.6,368.2,364.59999999999997
15454,41,1.4,369.4,368.0
15455,48,4.8,211.4,206.6
15458,9,0.2,165.6,165.4
15460,7,0.0,95.4,95.4
15461,63,1.4,257.0,255.6
15462,120,0.8,369.0,368.2
15464,46,0.0,254.6,254.6
15465,34,0.6,142.0,141.4
15466,31,2.8,214.2,211.39999999999998
15467,95,5.4,370.2,364.8
15468,68,6.0,295.0,289.0
15469,64,4.2,273.2,269.0
15470,15,14.2,121.0,106.8
15471,93,7.4,355.6,348.20000000000005
15475,44,29.2,345.6,316.40000000000003
15477,20,0.0,165.2,165.2
15478,32,10.8,173.2,162.39999999999998
15479,11,9.2,130.0,120.8
15480,51,2.6,180.0,177.4
15482,41,4.6,280.6,276.0
15483,60,36.2,391.0,354.8
15484,53,4.6,274.8,270.2
15486,14,1.2,172.6,171.4
15487,82,3.0,371.8,368.8
15488,43,14.6,252.2,237.6
15490,43,5.0,254.0,249.0
15491,22,14.0,130.2,116.19999999999999
15493,73,18.2,343.0,324.8
15494,62,35.2,283.2,248.0
15495,34,7.8,169.0,161.2
15496,64,6.2,368.6,362.40000000000003
15498,99,9.8,393.6,383.8
15499,101,12.4,371.6,359.20000000000005
15500,7,26.0,202.4,176.4
15502,53,4.8,230.8,226.0
15505,89,12.8,381.8,369.0
15506,63,7.0,314.8,307.8
15508,42,1.6,215.6,214.0
15509,84,3.4,371.4,368.0
15510,43,9.4,211.2,201.79999999999998
15511,11,0.8,173.4,172.6
15512,46,1.8,214.8,213.0
15513,9,0.0,107.6,107.6
15515,74,1.4,357.6,356.20000000000005
15517,37,3.2,177.0,173.8
15522,34,3.4,173.8,170.4
15524,17,3.0,190.2,187.2
15525,66,11.4,367.4,356.0
15526,32,1.0,165.8,164.8
15528,70,0.4,335.8,335.40000000000003
15529,14,10.2,171.0,160.8
15530,18,0.2,184.4,184.20000000000002
15531,80,1.6,383.8,382.2
15532,81,4.0,307.8,303.8
15533,80,1.6,375.6,374.0
15535,76,4.6,288.8,284.2
15537,99,15.4,398.4,383.0
15538,84,9.4,378.2,368.8
15539,111,3.2,364.8,361.6
15541,53,30.6,328.6,298.0
15542,63,0.0,396.0,396.0
15543,30,0.2,136.2,136.0
15544,92,9.0,359.6,350.6
15545,51,5.4,293.0,287.6
15546,25,1.6,334.6,333.0
15547,76,6.6,395.0,388.4
15548,17,3.0,136.4,133.4
15549,54,5.0,210.8,205.8
15551,53,2.2,271.0,268.8
15552,56,5.0,294.0,289.0
15554,45,4.0,352.0,348.0
15555,50,1.6,325.0,323.4
15557,6,12.6,78.6,66.0
15559,18,18.2,189.8,171.60000000000002
15560,64,3.4,348.0,344.6
15562,90,13.6,387.8,374.2
15564,45,18.2,360.4,342.2
15567,23,18.8,214.8,196.0
15569,49,10.0,341.6,331.6
15570,86,9.0,399.0,390.0
15571,14,14.0,122.2,108.2
15572,51,28.2,257.0,228.8
15573,21,1.0,335.4,334.4
15574,88,4.8,343.8,339.0
15576,9,0.0,107.8,107.8
15578,32,47.0,331.2,284.2
15579,96,4.8,384.6,379.8
15580,113,1.8,377.8,376.0
15582,93,6.6,377.6,371.0
15584,55,0.0,298.0,298.0
15585,73,1.6,368.2,366.59999999999997
15586,101,3.8,374.4,370.59999999999997
15587,53,5.0,288.0,283.0
15588,91,4.6,370.0,365.4
15589,92,6.2,372.8,366.6
15590,13,39.4,177.6,138.2
15592,85,1.2,360.8,359.6
15593,31,4.0,117.2,113.2
15595,82,4.8,390.8,386.0
15597,59,3.8,338.8,335.0
15598,69,26.4,363.0,336.6
15599,100,4.8,360.0,355.2
15600,22,9.0,274.6,265.6
15601,44,4.8,213.4,208.6
15602,46,4.6,374.4,369.79999999999995
15603,15,9.2,157.0,147.8
15604,48,0.2,250.0,249.8
15605,84,3.4,386.2,382.8
15606,80,0.2,334.6,334.40000000000003
15608,16,0.0,189.4,189.4
15609,69,0.0,387.6,387.6
15610,55,10.8,373.4,362.59999999999997
15612,47,6.4,373.4,367.0
15614,66,1.6,289.4,287.79999999999995
15615,23,0.0,169.0,169.0
15617,85,5.4,374.8,369.40000000000003
15618,17,0.6,204.0,203.4
15619,79,2.0,386.0,384.0
15621,12,16.0,154.0,138.0
15622,95,5.4,390.4,385.0
15623,56,4.8,193.2,188.39999999999998
15624,79,9.0,363.8,354.8
15625,43,10.6,201.4,190.8
15626,56,0.8,375.0,374.2
15627,32,9.4,363.0,353.6
15630,68,10.8,392.6,381.8
15631,16,10.6,154.2,143.6
15633,48,15.2,279.0,263.8
15636,83,5.0,375.8,370.8
15637,104,0.0,368.4,368.4
15638,9,13.6,288.2,274.59999999999997
15640,87,11.2,388.4,377.2
15641,80,4.8,378.8,374.0
15642,78,1.0,363.2,362.2
15643,101,0.6,383.4,382.79999999999995
15644,8,1.6,136.0,134.4
15645,96,3.8,364.0,360.2
15647,129,5.0,389.0,384.0
15648,12,6.2,174.6,168.4
15649,8,4.6,134.6,130.0
15651,86,12.2,387.8,375.6
15652,8,15.4,170.6,155.2
15653,10,4.0,163.2,159.2
15654,78,7.0,363.6,356.6
15656,78,4.8,394.0,389.2
15657,55,9.6,241.6,232.0
15662,23,0.8,175.4,174.6
15663,7,12.2,128.0,115.8
15664,95,4.8,387.2,382.4
15665,69,7.0,388.6,381.6
15667,61,4.8,320.0,315.2
15668,67,9.8,358.0,348.2
15669,13,0.6,138.8,138.20000000000002
15670,38,5.0,319.4,314.4
15672,37,2.8,166.4,163.6
15673,51,11.4,394.2,382.8
15676,63,18.0,376.4,358.4
15677,8,0.8,69.4,68.60000000000001
15679,35,8.0,364.4,356.4
15680,53,6.8,265.8,259.0
15681,40,4.0,216.6,212.6
15682,70,14.6,291.0,276.4
15683,35,5.8,360.8,355.0
15684,68,9.8,254.2,244.39999999999998
15686,62,7.0,270.6,263.6
15687,37,0.0,168.0,168.0
15689,30,1.0,145.2,144.2
15690,21,0.4,177.6,177.2
15691,72,3.8,271.4,267.59999999999997
15692,57,10.8,335.6,324.8
15694,70,7.0,332.0,325.0
15695,63,7.2,336.4,329.2
15697,36,11.6,196.0,184.4
15698,35,6.2,200.4,194.20000000000002
15700,62,12.8,291.8,279.0
15702,80,11.2,397.0,385.8
15703,67,7.0,226.0,219.0
15704,52,4.6,248.2,243.6
15709,23,5.2,158.4,153.20000000000002
15710,72,20.4,240.2,219.79999999999998
15711,48,5.4,220.2,214.79999999999998
15712,88,11.8,380.2,368.4
15716,65,13.8,305.8,292.0
15718,33,0.0,155.6,155.6
15719,78,18.4,349.4,331.0
15720,94,1.8,370.2,368.4
15722,22,3.4,288.0,284.6
15723,53,12.8,277.6,264.8
15724,70,19.0,235.8,216.8
15725,37,4.8,194.8,190.0
15726,62,7.4,273.8,266.40000000000003
15727,24,7.6,293.2,285.59999999999997
15728,38,4.8,196.6,191.79999999999998
15729,12,9.8,170.2,160.39999999999998
15730,65,15.6,258.2,242.6
15732,14,0.6,175.0,174.4
15735,11,9.0,157.4,148.4
15736,49,4.0,246.2,242.2
15737,22,6.8,136.0,129.2
15740,66,7.0,261.8,254.8
15741,61,14.4,359.2,344.8
15743,77,8.8,375.8,367.0
15744,77,6.8,310.4,303.59999999999997
15747,67,0.6,292.4,291.79999999999995
15750,62,31.4,264.6,233.20000000000002
15751,67,7.0,340.2,333.2
15752,63,7.0,280.8,273.8
15753,83,7.2,381.0,373.8
15754,99,9.8,395.8,386.0
15755,49,7.0,378.0,371.0
15756,27,5.4,142.8,137.4
15757,5,8.4,85.4,77.0
15758,8,9.8,150.6,140.79999999999998
15759,34,12.4,324.0,311.6
15760,61,9.8,330.2,320.4
15761,92,0.8,387.6,386.8
15762,29,11.8,323.4,311.59999999999997
15763,69,4.8,376.4,371.59999999999997
15765,70,10.6,379.0,368.4
15766,80,13.4,366.8,353.40000000000003
15767,63,0.0,293.8,293.8
15768,22,14.8,349.2,334.4
15769,81,1.6,296.4,294.79999999999995
15771,46,11.0,364.4,353.4
15773,58,0.2,380.8,380.6
15776,85,7.0,375.8,368.8
15778,48,25.6,392.4,366.79999999999995
15779,25,7.6,314.2,306.59999999999997
15783,88,4.0,219.2,215.2
15784,57,11.8,268.8,257.0
15785,22,8.0,170.6,162.6
15788,60,8.2,262.2,254.0
15790,57,9.0,288.0,279.0
15794,9,42.6,202.6,160.0
15795,19,10.6,139.2,128.6
15796,44,0.0,204.6,204.6
15797,9,12.0,168.6,156.6
15798,83,10.6,383.6,373.0
15799,33,9.0,330.0,321.0
15800,7,0.0,122.8,122.8
15801,8,10.0,177.0,167.0
15802,57,4.0,346.2,342.2
15803,55,5.4,250.4,245.0
15804,65,4.0,288.2,284.2
15805,101,0.0,389.8,389.8
15806,67,4.8,308.2,303.4
15808,83,4.8,385.8,381.0
15809,86,9.4,363.6,354.20000000000005
15811,18,0.0,172.0,172.0
15812,62,10.6,375.6,365.0
15814,26,0.6,173.6,173.0
15815,70,7.4,282.8,275.40000000000003
15816,30,23.4,183.4,160.0
15817,82,5.2,375.4,370.2
15818,12,2.0,86.2,84.2
15819,53,7.8,243.0,235.2
15821,41,0.0,365.6,365.6
15822,31,39.4,203.2,163.79999999999998
15825,33,11.4,157.4,146.0
15827,69,10.4,326.0,315.6
15828,46,9.2,347.2,338.0
15829,73,0.0,360.6,360.6
15831,40,1.2,379.2,378.0
15832,42,5.6,349.8,344.2
15833,34,11.6,190.8,179.20000000000002
15834,33,0.0,179.2,179.2
15835,85,4.0,382.8,378.8
15836,8,13.2,100.6,87.39999999999999
15837,74,0.6,359.4,358.79999999999995
15838,76,1.0,315.6,314.6
15839,39,2.6,179.2,176.6
15840,15,0.0,137.2,137.2
15841,67,7.6,324.6,317.0
15843,49,8.4,274.2,265.8
15844,85,19.0,389.2,370.2
15845,69,2.6,339.8,337.2
15846,27,5.0,130.6,125.6
15849,12,2.8,167.2,164.39999999999998
15853,71,1.2,334.4,333.2
15854,74,4.8,363.2,358.4
15855,98,5.6,383.6,378.0
15856,39,16.4,204.0,187.6
15859,17,3.0,121.8,118.8
15860,64,5.0,383.4,378.4
15861,59,6.2,288.6,282.40000000000003
15863,72,29.2,335.0,305.8
15864,63,0.0,288.4,288.4
15865,51,14.6,318.2,303.59999999999997
15866,62,13.4,359.0,345.6
15867,61,6.6,307.8,301.2
15869,5,36.2,125.4,89.2
15870,69,0.2,285.4,285.2
15871,44,5.0,221.0,216.0
15873,41,4.8,209.2,204.39999999999998
15874,48,4.8,251.2,246.39999999999998
15876,30,18.2,186.8,168.60000000000002
15877,61,1.6,300.6,299.0
15878,50,11.2,194.4,183.20000000000002
15879,62,12.4,239.6,227.2
15881,79,19.6,385.4,365.79999999999995
15882,58,15.8,291.0,275.2
15884,73,10.4,372.8,362.40000000000003
15885,74,5.6,364.4,358.79999999999995
15886,97,6.2,391.2,385.0
15889,43,4.6,185.8,181.20000000000002
15890,47,2.8,258.0,255.2
15892,41,4.8,187.8,183.0
15893,62,4.6,274.6,270.0
15894,63,6.4,283.6,277.20000000000005
15895,37,6.6,214.4,207.8
15897,82,3.4,393.8,390.40000000000003
15898,21,10.6,134.0,123.4
15899,13,0.2,179.4,179.20000000000002
15900,41,6.4,240.6,234.2
15903,53,2.4,246.2,243.79999999999998
15904,47,5.4,240.4,235.0
15905,42,5.4,228.4,223.0
15906,14,15.8,180.6,164.79999999999998
15908,45,3.2,317.8,314.6
15909,31,4.2,215.4,211.20000000000002
15910,78,10.6,364.6,354.0
15911,72,16.4,381.4,365.0
15912,90,17.0,365.8,348.8
15913,47,3.8,308.0,304.2
15914,27,4.6,151.8,147.20000000000002
15915,104,9.2,384.4,375.2
15916,7,44.8,132.2,87.39999999999999
15918,31,14.0,178.4,164.4
15919,41,9.4,177.6,168.2
15921,90,6.2,361.8,355.6
15922,72,5.0,303.6,298.6
15923,68,11.8,357.4,345.59999999999997
15926,41,4.6,178.8,174.20000000000002
15927,39,0.0,313.0,313.0
15928,43,5.4,196.4,191.0
15929,37,4.2,166.6,162.4
15931,36,11.0,168.6,157.6
15932,32,6.2,184.6,178.4
15934,83,5.6,362.6,357.0
15935,43,12.6,218.4,205.8
15938,37,11.8,182.0,170.2
15939,152,5.6,386.6,381.0
15941,37,9.8,190.0,180.2
15942,39,9.6,202.4,192.8
15943,36,9.0,169.6,160.6
15944,52,4.0,169.8,165.8
15945,6,10.2,167.0,156.8
15946,31,16.0,168.8,152.8
15948,69,6.6,252.4,245.8
15949,40,4.6,243.8,239.20000000000002
15950,47,5.0,230.2,225.2
15951,109,8.6,381.6,373.0
15952,18,0.0,123.6,123.6
15953,73,7.2,359.0,351.8
15954,97,11.8,387.4,375.59999999999997
15955,80,4.6,337.2,332.59999999999997
15957,9,0.8,118.6,117.8
15958,32,9.6,218.4,208.8
15959,12,4.8,69.2,64.4
15960,53,5.0,208.4,203.4
15961,47,6.0,173.8,167.8
15962,31,0.6,140.6,140.0
15963,86,9.4,325.8,316.40000000000003
15964,57,1.4,283.4,282.0
15965,42,6.2,351.6,345.40000000000003
15966,45,6.4,258.6,252.20000000000002
15967,40,11.2,213.4,202.20000000000002
15968,7,25.6,114.4,88.80000000000001
15969,29,4.6,135.2,130.6
15974,33,0.0,363.0,363.0
15976,8,9.0,144.8,135.8
15979,67,1.4,358.2,356.8
15980,26,16.2,375.0,358.8
15981,13,3.4,179.8,176.4
15982,62,5.2,317.4,312.2
15983,5,0.0,73.2,73.2
15984,82,5.0,357.4,352.4
15986,36,4.8,175.8,171.0
15987,76,5.0,369.4,364.4
15990,72,10.6,327.0,316.4
15992,96,5.6,346.6,341.0
15993,72,5.0,253.0,248.0
15994,52,13.0,274.2,261.2
15996,25,0.0,181.0,181.0
15997,67,10.2,372.4,362.2
15998,112,3.6,363.8,360.2
15999,65,14.2,323.4,309.2
16000,20,5.6,227.4,221.8
16002,54,6.8,365.0,358.2
16003,94,2.2,385.8,383.6
16005,126,7.4,370.8,363.40000000000003
16006,89,19.0,370.2,351.2
16007,96,3.2,254.2,251.0
16008,75,6.2,363.8,357.6
16009,54,15.0,284.2,269.2
16010,58,11.2,278.2,267.0
16012,20,43.8,250.2,206.39999999999998
16013,44,0.0,172.2,172.2
16015,46,8.4,211.8,203.4
16016,17,0.2,125.8,125.6
16017,8,5.6,145.4,139.8
16018,44,1.2,213.6,212.4
16019,80,12.4,369.6,357.20000000000005
16020,76,14.2,393.6,379.40000000000003
16021,80,2.4,364.8,362.40000000000003
16023,29,4.8,139.8,135.0
16026,53,8.8,343.8,335.0
16029,10,14.2,171.6,157.4
16030,91,3.0,375.6,372.6
16031,23,12.0,138.0,126.0
16032,86,3.6,376.6,373.0
16033,61,6.4,296.6,290.20000000000005
16034,66,6.4,287.6,281.20000000000005
16035,10,41.6,208.2,166.6
16036,69,5.8,270.4,264.59999999999997
16037,47,0.0,205.8,205.8
16038,26,7.6,140.6,133.0
16040,31,6.4,184.8,178.4
16041,38,16.8,225.8,209.0
16042,15,16.6,176.8,160.20000000000002
16044,93,7.0,382.0,375.0
16045,79,6.8,291.0,284.2
16046,18,4.2,71.8,67.6
16047,30,20.6,378.2,357.59999999999997
16050,27,9.0,234.2,225.2
16051,106,10.0,365.8,355.8
16052,67,0.0,394.2,394.2
16053,70,10.2,393.4,383.2
16054,8,6.4,120.8,114.39999999999999
16055,82,3.8,387.6,383.8
16057,25,8.8,177.6,168.79999999999998
16058,53,15.2,309.0,293.8
16062,21,5.4,120.2,114.8
16063,49,5.4,329.8,324.40000000000003
16064,36,2.8,278.8,276.0
16065,30,1.4,125.0,123.6
16066,85,6.4,363.2,356.8
16067,6,0.0,119.0,119.0
16070,131,9.8,375.4,365.59999999999997
16071,25,5.0,136.8,131.8
16072,61,0.4,329.4,329.0
16073,79,4.8,374.8,370.0
16077,31,4.8,131.8,127.00000000000001
16080,114,5.6,299.8,294.2
16081,8,0.0,120.6,120.6
16082,98,20.4,290.4,270.0
16083,87,43.8,384.8,341.0
16084,27,16.8,136.8,120.00000000000001
16086,63,4.0,242.8,238.8
16087,84,10.4,348.6,338.20000000000005
16089,76,14.2,392.8,378.6
16090,66,4.8,206.4,201.6
16093,93,10.6,355.6,345.0
16094,24,33.8,298.4,264.59999999999997
16097,89,17.8,366.2,348.4
16101,65,16.0,375.8,359.8
16103,52,23.6,320.4,296.79999999999995
16105,61,0.0,272.4,272.4
16106,90,7.8,357.2,349.4
16107,89,1.0,369.2,368.2
16109,64,12.6,346.0,333.4
16111,23,1.0,180.2,179.2
16112,34,0.0,365.0,365.0
16114,23,0.0,313.8,313.8
16115,9,4.4,128.8,124.4
16116,41,6.6,212.2,205.6
16117,84,3.0,357.4,354.4
16120,59,2.0,281.4,279.4
16122,58,13.0,372.0,359.0
16123,72,11.2,375.0,363.8
16124,21,0.0,270.6,270.6
16125,54,3.4,371.2,367.8
16126,65,4.4,260.6,256.20000000000005
16127,40,11.0,340.4,329.4
16128,40,10.8,210.0,199.2
16129,71,3.8,282.8,279.0
16130,84,4.8,296.2,291.4
16132,89,10.2,387.0,376.8
16134,119,4.0,371.2,367.2
16135,66,2.8,266.8,264.0
16136,58,1.4,277.0,275.6
16137,53,4.6,372.0,367.4
16138,34,3.4,167.8,164.4
16139,53,17.0,314.8,297.8
16140,31,2.0,142.2,140.2
16141,96,0.0,322.4,322.4
16142,72,3.6,366.2,362.59999999999997
16144,11,0.0,208.0,208.0
16145,50,2.6,285.2,282.59999999999997
16146,41,5.8,212.0,206.2
16147,104,1.4,389.2,387.8
16148,78,9.0,359.4,350.4
16150,65,5.8,324.6,318.8
16151,23,2.6,139.2,136.6
16152,94,3.0,362.8,359.8
16153,76,4.4,343.0,338.6
16154,42,14.2,244.4,230.20000000000002
16155,32,10.4,173.2,162.79999999999998
16156,77,15.6,376.4,360.79999999999995
16157,16,15.8,168.0,152.2
16158,67,4.6,329.2,324.59999999999997
16159,28,0.0,128.4,128.4
16160,45,4.6,242.2,237.6
16161,100,3.2,335.8,332.6
16162,50,13.6,265.8,252.20000000000002
16163,12,10.4,205.0,194.6
16165,32,2.8,174.4,171.6
16167,7,15.6,93.0,77.4
16168,57,3.4,337.6,334.20000000000005
16169,58,3.4,301.8,298.40000000000003
16177,47,6.2,228.2,222.0
16178,35,12.4,193.8,181.4
16179,82,6.6,373.4,366.79999999999995
16181,43,1.2,211.4,210.20000000000002
16184,68,12.6,351.8,339.2
16185,28,1.4,134.6,133.2
16187,95,5.0,334.8,329.8
16188,16,0.0,110.2,110.2
16189,69,3.6,386.4,382.79999999999995
16191,40,4.2,216.6,212.4
16192,6,1.0,87.0,86.0
16193,7,0.2,76.8,76.6
16194,5,1.2,102.6,101.39999999999999
16198,49,15.4,280.2,264.8
16200,19,0.2,165.0,164.8
16201,27,0.0,160.6,160.6
16202,43,17.8,216.0,198.2
16203,47,0.4,231.4,231.0
16204,22,4.8,120.2,115.4
16207,66,14.0,356.0,342.0
16208,135,4.8,353.8,349.0
16209,6,17.4,132.2,114.79999999999998
16210,57,15.6,323.8,308.2
16211,22,9.8,125.2,115.4
16212,43,14.8,208.8,194.0
16215,59,9.0,329.6,320.6
16216,27,0.0,131.6,131.6
16218,45,5.6,238.0,232.4
16219,75,3.2,357.0,353.8
16221,37,4.8,180.2,175.39999999999998
16222,59,4.2,371.2,367.0
16223,38,4.8,263.2,258.4
16225,82,7.6,383.6,376.0
16229,12,0.0,219.2,219.2
16231,65,6.2,361.8,355.6
16232,58,11.8,384.8,373.0
16233,49,0.8,213.0,212.2
16235,31,4.8,181.0,176.2
16237,20,39.8,347.8,308.0
16238,73,4.6,371.4,366.79999999999995
16239,48,9.8,390.0,380.2
16240,90,5.0,378.4,373.4
16241,15,0.0,144.0,144.0
16242,59,1.2,262.2,261.0
16243,97,2.8,375.8,373.0
16244,22,3.8,91.0,87.2
16245,19,3.2,143.4,140.20000000000002
16247,62,16.2,321.2,305.0
16248,24,19.0,140.4,121.4
16249,9,2.6,161.2,158.6
16250,66,5.4,344.8,339.40000000000003
16251,75,11.4,375.2,363.8
16255,69,5.8,330.8,325.0
16256,10,13.4,288.2,274.8
16257,101,0.2,376.6,376.40000000000003
16259,51,5.8,361.4,355.59999999999997
16262,82,4.4,373.8,369.40000000000003
16264,73,4.8,365.0,360.2
16265,40,3.4,160.4,157.0
16266,11,12.2,145.2,133.0
16268,52,6.6,252.0,245.4
16270,83,73.6,357.4,283.79999999999995
16272,22,0.0,128.8,128.8
16273,60,6.8,358.0,351.2
16274,5,0.0,129.4,129.4
16275,15,0.0,192.6,192.6
16280,11,0.0,123.2,123.2
16281,6,10.6,80.4,69.80000000000001
16283,61,3.6,298.0,294.4
16284,105,7.6,384.2,376.59999999999997
16288,12,0.0,142.2,142.2
16289,44,4.8,261.8,257.0
16291,20,0.0,254.4,254.4
16292,61,1.2,291.2,290.0
16295,73,8.4,364.6,356.20000000000005
16296,8,79.2,163.8,84.60000000000001
16297,108,6.2,355.8,349.6
16298,16,9.8,143.0,133.2
16300,76,10.0,357.2,347.2
16301,43,4.8,147.8,143.0
16304,28,10.4,166.2,155.79999999999998
16306,35,14.0,188.6,174.6
16309,36,12.2,180.8,168.60000000000002
16310,18,1.6,141.4,139.8
16311,47,5.0,219.4,214.4
16312,34,17.0,189.0,172.0
16314,86,5.2,357.2,352.0
16315,83,2.4,375.8,373.40000000000003
16316,84,6.8,382.6,375.8
16319,62,3.2,337.2,334.0
16320,13,8.4,226.2,217.79999999999998
16321,33,4.2,361.0,356.8
16322,17,1.2,334.8,333.6
16323,27,2.0,287.2,285.2
16326,47,4.4,119.4,115.0
16327,56,7.0,271.4,264.4
16328,117,5.6,303.6,298.0
16329,11,5.8,168.6,162.79999999999998
16330,84,4.4,347.6,343.20000000000005
16331,86,1.8,375.0,373.2
16332,76,4.8,374.4,369.59999999999997
16333,64,13.4,342.6,329.20000000000005
16334,30,5.4,154.2,148.79999999999998
16335,65,4.8,286.4,281.59999999999997
16337,61,0.0,377.6,377.6
16338,30,1.4,142.6,141.2
16339,29,0.0,135.6,135.6
16340,18,6.6,148.8,142.20000000000002
16342,6,6.8,116.2,109.4
16344,55,0.0,288.4,288.4
16345,6,0.0,94.2,94.2
16348,26,5.6,142.4,136.8
16349,38,0.0,204.2,204.2
16350,60,3.4,350.2,346.8
16351,6,1.0,98.2,97.2
16352,29,0.8,254.2,253.39999999999998
16354,79,2.6,382.8,380.2
16356,29,0.0,151.4,151.4
16357,80,9.2,362.8,353.6
16358,6,0.0,93.8,93.8
16359,52,2.4,325.8,323.40000000000003
16361,24,0.0,207.4,207.4
16362,6,11.4,106.6,95.19999999999999
16363,71,4.2,372.8,368.6
16366,72,24.6,378.0,353.4
16367,23,15.4,136.0,120.6
16371,69,4.2,320.8,316.6
16372,95,8.6,375.0,366.4
16376,6,0.0,96.8,96.8
16378,44,11.8,209.6,197.79999999999998
16379,29,20.8,339.0,318.2
16380,26,13.0,177.0,164.0
16381,23,15.6,148.8,133.20000000000002
16382,65,19.8,390.6,370.8
16383,53,19.6,374.0,354.4
16384,28,18.2,144.6,126.39999999999999
16388,44,20.4,364.6,344.20000000000005
16389,50,40.6,287.4,246.79999999999998
16392,85,5.8,369.8,364.0
16394,49,20.8,364.0,343.2
16398,10,8.6,184.8,176.20000000000002
16399,92,6.2,377.6,371.40000000000003
16401,7,0.4,143.2,142.79999999999998
16402,5,2.8,135.8,133.0
16403,18,2.2,174.8,172.60000000000002
16404,76,0.4,318.6,318.20000000000005
16405,13,2.8,159.2,156.39999999999998
16407,115,5.8,381.0,375.2
16408,55,1.0,361.0,360.0
16409,49,4.8,272.8,268.0
16410,14,9.8,165.2,155.39999999999998
16411,31,0.0,185.6,185.6
16413,14,62.6,247.2,184.6
16414,18,9.0,105.6,96.6
16416,49,5.4,193.4,188.0
16417,32,2.8,172.8,170.0
16418,64,1.2,338.8,337.6
16419,79,4.2,169.0,164.8
16420,95,5.8,361.2,355.4
16423,28,5.0,138.8,133.8
16424,51,3.8,287.8,284.0
16425,65,4.4,334.6,330.20000000000005
16427,28,4.8,144.2,139.39999999999998
16428,65,4.8,301.0,296.2
16429,90,1.4,374.2,372.8
16430,62,5.0,269.0,264.0
16431,59,0.6,358.6,358.0
16432,53,1.4,233.8,232.4
16433,26,11.6,146.2,134.6
16434,7,11.4,101.0,89.6
16435,58,1.6,241.8,240.20000000000002
16436,52,5.2,212.6,207.4
16437,6,8.8,155.6,146.79999999999998
16438,36,8.6,169.4,160.8
16439,26,32.8,175.2,142.39999999999998
16442,7,5.4,136.2,130.79999999999998
16443,78,1.2,390.6,389.40000000000003
16445,24,5.2,113.0,107.8
16446,71,4.8,360.2,355.4
16447,73,9.4,320.6,311.20000000000005
16448,20,6.0,363.4,357.4
16449,73,6.0,337.2,331.2
16450,16,15.2,325.0,309.8
16451,77,23.4,386.2,362.8
16452,74,11.8,387.8,376.0
16454,16,0.0,286.2,286.2
16456,69,17.0,381.4,364.4
16458,24,1.2,172.0,170.8
16459,65,0.4,200.8,200.4
16462,63,5.4,347.4,342.0
16463,44,5.4,250.0,244.6
16465,50,6.0,235.2,229.2
16467,80,6.2,368.6,362.40000000000003
16468,58,2.2,276.6,274.40000000000003
16469,32,0.0,177.4,177.4
16470,62,2.0,297.0,295.0
16472,12,36.6,141.0,104.4
16473,29,4.8,172.2,167.39999999999998
16474,76,5.6,234.0,228.4
16475,18,0.4,150.0,149.6
16476,9,14.8,169.8,155.0
16478,6,0.0,169.6,169.6
16479,60,0.2,289.8,289.6
16480,9,2.2,133.0,130.8
16481,97,4.6,372.8,368.2
16482,50,0.2,274.6,274.40000000000003
16483,65,13.4,211.2,197.79999999999998
16485,47,9.0,228.4,219.4
16486,59,7.4,332.8,325.40000000000003
16487,43,7.4,236.0,228.6
16488,16,13.4,138.4,125.0
16489,70,11.6,358.2,346.59999999999997
16490,5,12.6,108.0,95.4
16491,33,11.0,122.8,111.8
16493,45,12.0,374.4,362.4
16494,42,13.6,372.8,359.2
16495,16,18.8,175.4,156.6
16497,30,0.0,355.0,355.0
16499,66,6.0,264.4,258.4
16500,80,13.2,356.2,343.0
16501,5,69.0,98.4,29.400000000000006
16502,59,4.8,323.0,318.2
16505,58,14.0,378.0,364.0
16506,75,1.0,348.4,347.4
16507,76,22.0,368.8,346.8
16508,45,1.0,203.0,202.0
16509,91,7.0,378.2,371.2
16510,80,8.4,371.2,362.8
16511,23,16.0,143.2,127.19999999999999
16512,76,32.8,356.4,323.59999999999997
16513,63,12.8,288.8,276.0
16514,10,4.2,128.2,123.99999999999999
16515,37,3.0,178.0,175.0
16516,54,94.8,358.8,264.0
16518,43,0.4,127.4,127.0
16519,123,5.8,376.2,370.4
16520,81,6.8,359.6,352.8
16522,47,13.8,252.0,238.2
16523,52,16.4,298.2,281.8
16525,54,19.0,279.6,260.6
16526,43,15.2,364.8,349.6
16528,27,0.2,352.8,352.6
16529,21,7.2,127.2,120.0
16530,87,6.4,348.6,342.20000000000005
16531,6,21.2,131.0,109.8
16533,26,4.2,122.0,117.8
16534,36,11.0,196.4,185.4
16536,27,2.8,143.6,140.79999999999998
16537,61,5.4,330.6,325.20000000000005
16538,52,4.8,250.4,245.6
16540,39,14.6,223.2,208.6
16542,55,5.8,292.2,286.4
16543,49,4.4,228.8,224.4
16545,19,5.2,158.0,152.8
16547,30,6.4,134.2,127.79999999999998
16548,64,2.8,288.0,285.2
16549,62,4.8,355.4,350.59999999999997
16550,40,8.0,217.2,209.2
16551,57,10.8,322.0,311.2
16552,24,1.0,138.0,137.0
16553,54,11.8,287.2,275.4
16555,50,7.6,243.2,235.6
16558,39,5.2,210.2,205.0
16559,98,22.6,325.4,302.79999999999995
16560,66,0.6,385.8,385.2
16561,51,66.6,354.0,287.4
16562,17,57.4,204.6,147.2
16563,19,1.6,216.6,215.0
16564,11,13.6,115.6,102.0
16565,22,7.2,234.6,227.4
16566,95,7.0,378.0,371.0
16567,75,1.2,282.6,281.40000000000003
16568,5,14.8,138.4,123.60000000000001
16569,34,0.6,171.0,170.4
16571,44,4.2,340.6,336.40000000000003
16572,61,0.4,175.0,174.6
16573,51,18.6,183.4,164.8
16574,72,6.4,317.6,311.20000000000005
16576,24,5.4,228.0,222.6
16578,66,15.8,372.8,357.0
16580,74,13.4,371.0,357.6
16582,44,10.6,138.4,127.80000000000001
16583,14,4.0,199.2,195.2
16585,38,8.4,228.8,220.4
16586,67,3.0,328.0,325.0
16587,71,11.6,379.8,368.2
16589,22,7.4,132.8,125.4
16590,21,3.0,134.2,131.2
16591,32,10.6,240.0,229.4
16592,69,12.0,227.8,215.8
16593,12,1.2,215.8,214.60000000000002
16594,14,6.6,273.6,267.0
16595,84,23.6,347.8,324.2
16597,40,9.2,220.0,210.8
16598,48,7.2,261.6,254.40000000000003
16599,46,7.8,206.4,198.6
16602,6,3.0,79.8,76.8
16603,47,12.2,350.0,337.8
16604,44,0.0,138.0,138.0
16605,43,10.8,223.4,212.6
16606,12,10.8,192.6,181.79999999999998
16607,49,6.6,223.8,217.20000000000002
16608,10,12.2,146.6,134.4
16609,89,12.0,372.0,360.0
16610,43,11.8,277.6,265.8
16612,10,3.0,140.2,137.2
16614,11,10.8,170.4,159.6
16615,50,3.8,225.2,221.39999999999998
16616,29,10.4,242.0,231.6
16617,18,8.8,85.2,76.4
16618,50,8.6,231.6,223.0
16619,58,1.4,374.6,373.20000000000005
16620,52,0.8,351.6,350.8
16621,89,6.4,377.0,370.6
16622,66,7.6,278.2,270.59999999999997
16623,79,7.0,366.4,359.4
16624,45,10.0,217.6,207.6
16626,35,8.6,164.8,156.20000000000002
16628,75,1.2,361.0,359.8
16629,64,8.0,345.4,337.4
16631,67,7.4,321.8,314.40000000000003
16632,74,14.4,362.6,348.20000000000005
16634,59,20.6,281.0,260.4
16636,45,11.8,206.0,194.2
16637,96,7.8,375.2,367.4
16640,15,2.0,259.4,257.4
16641,68,6.4,362.4,356.0
16642,38,10.2,339.8,329.6
16643,85,0.0,367.8,367.8
16644,6,10.4,76.8,66.39999999999999
16645,57,6.4,287.8,281.40000000000003
16646,100,6.8,351.0,344.2
16649,69,5.6,350.6,345.0
16650,32,4.6,175.2,170.6
16651,38,5.2,186.4,181.20000000000002
16652,40,4.6,216.2,211.6
16653,66,5.8,301.0,295.2
16655,39,5.6,174.8,169.20000000000002
16656,53,4.4,291.4,287.0
16657,39,5.2,176.2,171.0
16658,50,0.2,292.6,292.40000000000003
16659,63,6.2,330.0,323.8
16660,80,4.0,377.6,373.6
16661,61,6.4,273.6,267.20000000000005
16662,58,0.2,283.0,282.8
16663,70,2.8,356.2,353.4
16665,75,9.2,363.4,354.2
16666,26,0.6,136.8,136.20000000000002
16668,51,9.2,241.6,232.4
16670,58,9.2,237.2,228.0
16671,82,13.4,350.6,337.20000000000005
16672,54,6.8,244.2,237.39999999999998
16673,47,11.4,229.6,218.2
16675,9,2.2,133.8,131.60000000000002
16677,10,6.4,121.4,115.0
16680,55,4.2,243.4,239.20000000000002
16681,78,11.6,274.6,263.0
16682,51,8.8,241.6,232.79999999999998
16683,39,6.6,140.4,133.8
16684,12,1.4,136.4,135.0
16685,7,8.8,147.2,138.39999999999998
16686,76,1.8,268.2,266.4
16689,62,29.8,266.4,236.59999999999997
16692,39,20.0,344.2,324.2
16693,19,10.0,364.8,354.8
16694,33,1.8,131.0,129.2
16696,76,0.2,379.6,379.40000000000003
16698,9,8.8,169.0,160.2
16700,35,2.6,169.2,166.6
16701,60,5.0,313.2,308.2
16703,14,0.0,185.6,185.6
16705,79,0.0,366.0,366.0
16707,76,8.4,335.4,327.0
16709,99,0.0,361.2,361.2
16711,23,3.4,135.8,132.4
16712,68,5.6,358.2,352.59999999999997
16713,15,14.8,221.6,206.79999999999998
16714,54,13.6,346.6,333.0
16716,30,3.0,362.6,359.6
16717,135,34.6,309.6,275.0
16718,23,3.6,121.4,117.80000000000001
16719,70,46.4,361.8,315.40000000000003
16720,68,5.6,216.0,210.4
16721,82,4.8,362.8,358.0
16722,6,4.8,132.8,128.0
16723,14,4.2,138.8,134.60000000000002
16726,85,12.4,370.6,358.20000000000005
16727,81,6.4,339.6,333.20000000000005
16728,46,0.8,169.2,168.39999999999998
16729,31,4.4,108.4,104.0
16730,70,15.0,360.2,345.2
16732,15,0.0,214.6,214.6
16733,20,4.2,233.2,229.0
16736,59,9.8,288.6,278.8
16738,17,11.2,178.8,167.60000000000002
16739,58,1.2,356.8,355.6
16740,26,4.4,144.4,140.0
16741,17,0.0,185.0,185.0
16742,89,4.0,283.6,279.6
16743,11,1.6,152.8,151.20000000000002
16744,91,1.4,375.2,373.8
16745,60,25.6,295.8,270.2
16746,83,0.2,368.4,368.2
16747,67,2.8,273.0,270.2
16748,27,12.6,163.0,150.4
16750,80,17.2,368.4,351.2
16751,18,0.0,143.0,143.0
16753,62,4.4,339.2,334.8
16754,6,13.0,154.4,141.4
16757,8,0.0,140.4,140.4
16762,32,15.4,359.6,344.20000000000005
16764,43,5.4,228.2,222.79999999999998
16765,73,1.6,206.6,205.0
16766,11,6.0,217.2,211.2
16767,91,7.2,366.8,359.6
16769,18,4.8,102.4,97.60000000000001
16770,48,4.0,143.2,139.2
16771,8,0.2,157.2,157.0
16772,81,1.4,369.2,367.8
16773,131,3.4,384.0,380.6
16774,35,4.8,172.0,167.2
16775,88,12.6,367.8,355.2
16777,42,6.8,211.2,204.39999999999998
16779,79,7.2,213.6,206.4
16782,48,7.4,214.4,207.0
16785,16,3.0,131.8,128.8
16787,54,10.6,242.8,232.20000000000002
16788,27,0.0,139.8,139.8
16789,59,8.0,251.2,243.2
16790,74,4.0,354.8,350.8
16791,24,0.4,283.0,282.6
16792,40,1.2,368.8,367.6
16793,39,4.0,123.4,119.4
16794,69,4.0,341.4,337.4
16796,32,5.6,299.8,294.2
16797,69,4.4,366.0,361.6
16801,9,0.2,164.6,164.4
16804,82,7.2,357.2,350.0
16805,8,0.4,163.0,162.6
16806,70,0.2,329.0,328.8
16808,56,4.8,261.6,256.8
16809,162,4.0,372.4,368.4
16810,58,14.8,277.4,262.59999999999997
16811,79,7.6,328.8,321.2
16812,74,10.0,332.0,322.0
16813,58,8.6,201.4,192.8
16814,34,5.2,352.6,347.40000000000003
16815,74,4.4,365.6,361.20000000000005
16818,20,10.8,216.0,205.2
16819,95,7.0,347.6,340.6
16820,32,0.0,167.8,167.8
16821,37,5.8,188.0,182.2
16822,56,1.4,287.4,286.0
16825,85,16.0,359.0,343.0
16826,95,3.4,362.4,359.0
16828,57,4.0,274.4,270.4
16831,53,4.8,233.2,228.39999999999998
16833,67,8.0,336.8,328.8
16834,31,11.8,174.8,163.0
16835,43,7.2,237.4,230.20000000000002
16838,79,7.2,352.0,344.8
16839,113,4.6,354.2,349.59999999999997
16840,147,6.8,360.4,353.59999999999997
16842,40,1.2,208.4,207.20000000000002
16846,17,12.2,166.0,153.8
16847,88,0.2,309.2,309.0
16850,17,0.2,196.0,195.8
16851,11,14.0,132.4,118.4
16852,16,0.8,144.2,143.39999999999998
16854,10,1.2,149.2,148.0
16856,11,0.2,138.2,138.0
16857,11,0.0,213.2,213.2
16858,20,10.0,226.8,216.8
16859,12,2.0,180.6,178.6
16860,94,9.2,348.8,339.6
16861,23,11.0,143.6,132.6
16862,7,0.0,107.6,107.6
16863,13,6.0,147.6,141.6
16865,105,0.8,363.0,362.2
16867,65,4.8,345.0,340.2
16868,31,18.8,169.0,150.2
16869,69,10.0,330.8,320.8
16870,9,8.4,181.0,172.6
16871,106,0.0,368.2,368.2
16872,34,4.8,179.0,174.2
16873,79,4.2,350.6,346.40000000000003
16874,42,4.0,243.6,239.6
16875,72,5.4,349.6,344.20000000000005
16876,22,0.0,211.8,211.8
16877,79,2.6,372.8,370.2
16878,95,0.8,377.4,376.59999999999997
16879,19,0.0,201.4,201.4
16880,44,3.0,232.0,229.0
16881,43,4.4,199.0,194.6
16882,43,4.0,231.8,227.8
16883,21,11.6,247.4,235.8
16885,84,0.2,327.4,327.2
16886,29,12.2,160.4,148.20000000000002
16887,44,27.0,306.0,279.0
16888,89,4.6,360.4,355.79999999999995
16889,66,2.2,287.6,285.40000000000003
16890,15,3.6,164.4,160.8
16891,65,8.4,363.6,355.20000000000005
16892,38,4.8,179.8,175.0
16894,72,37.8,336.6,298.8
16895,56,0.2,244.4,244.20000000000002
16896,89,4.4,364.8,360.40000000000003
16897,7,19.6,122.2,102.6
16898,84,10.6,374.4,363.79999999999995
16899,7,15.8,72.8,57.0
16900,77,8.4,364.2,355.8
16901,93,5.6,362.4,356.79999999999995
16903,54,4.6,278.8,274.2
16905,27,1.6,348.6,347.0
16906,57,23.4,343.0,319.6
16907,11,2.2,162.6,160.4
16908,11,21.2,163.8,142.60000000000002
16909,47,4.2,246.6,242.4
16910,12,12.2,169.0,156.8
16911,55,20.8,365.6,344.8
16912,49,4.6,241.2,236.6
16913,11,13.0,176.2,163.2
16915,56,17.6,359.2,341.59999999999997
16916,72,2.6,357.0,354.4
16918,48,11.2,330.2,319.0
16920,7,19.4,109.0,89.6
16921,6,15.4,122.4,107.0
16923,7,22.8,107.4,84.60000000000001
16925,79,36.4,376.8,340.40000000000003
16927,93,0.6,377.0,376.4
16928,30,0.0,314.2,314.2
16929,14,19.2,166.4,147.20000000000002
16932,16,25.2,145.4,120.2
16933,11,15.0,124.8,109.8
16934,22,28.2,177.4,149.20000000000002
16936,15,15.8,143.4,127.60000000000001
16937,39,8.8,215.4,206.6
16938,68,5.2,347.4,342.2
16939,90,3.6,353.4,349.79999999999995
16940,54,27.2,366.8,339.6
16941,8,19.2,129.4,110.2
16942,50,10.6,224.0,213.4
16943,12,38.8,132.6,93.8
16945,83,22.8,355.0,332.2
16946,16,22.4,233.2,210.79999999999998
16947,75,10.0,331.2,321.2
16948,33,3.8,172.2,168.39999999999998
16949,36,2.4,341.6,339.20000000000005
16950,76,9.6,366.2,356.59999999999997
16952,8,0.2,130.2,130.0
16953,20,15.6,280.8,265.2
16954,73,0.0,280.6,280.6
16955,26,13.0,354.6,341.6
16956,30,0.8,280.0,279.2
16957,90,4.2,367.0,362.8
16958,5,4.6,87.0,82.4
16959,11,4.6,206.4,201.8
16960,21,2.2,101.0,98.8
16961,50,5.2,196.8,191.60000000000002
16962,94,3.6,367.8,364.2
16967,147,28.0,359.0,331.0
16968,9,14.0,172.8,158.8
16971,62,9.2,293.6,284.40000000000003
16972,35,11.8,259.6,247.8
16974,8,9.8,174.4,164.6
16976,70,8.8,326.2,317.4
16977,26,0.0,133.0,133.0
16980,19,0.0,106.4,106.4
16981,63,4.0,302.4,298.4
16982,65,14.8,367.0,352.2
16983,65,13.4,369.0,355.6
16984,75,10.2,359.6,349.40000000000003
16985,53,13.8,233.2,219.39999999999998
16987,54,9.2,215.6,206.4
16989,55,8.4,243.2,234.79999999999998
16990,26,10.8,361.4,350.59999999999997
16991,34,9.2,313.8,304.6
16992,13,12.2,173.6,161.4
16993,28,8.0,144.0,136.0
16994,10,14.0,136.0,122.0
16996,10,14.2,164.6,150.4
16998,6,13.0,72.0,59.0
16999,50,4.0,244.0,240.0
17000,67,3.6,340.6,337.0
17001,8,12.6,141.8,129.20000000000002
17002,71,9.2,341.2,332.0
17003,75,10.4,345.6,335.20000000000005
17005,21,0.0,208.0,208.0
17006,28,0.0,234.2,234.2
17007,17,28.8,168.6,139.79999999999998
17008,63,10.8,311.6,300.8
17009,85,3.2,370.6,367.40000000000003
17010,24,0.6,273.0,272.4
17013,83,0.2,357.2,357.0
17015,55,4.8,323.2,318.4
17016,16,10.2,340.8,330.6
17018,45,3.8,219.0,215.2
17020,72,4.4,351.4,347.0
17021,62,3.8,291.2,287.4
17022,91,10.4,362.6,352.20000000000005
17023,41,6.4,230.6,224.2
17024,56,15.6,275.6,260.0
17025,67,9.8,342.2,332.4
17029,29,8.8,144.0,135.2
17030,58,6.0,257.4,251.39999999999998
17031,26,6.4,139.0,132.6
17032,68,13.6,371.0,357.4
17033,91,13.0,359.0,346.0
17034,72,15.2,218.6,203.4
17036,9,16.0,166.0,150.0
17038,36,4.6,168.6,164.0
17039,21,4.0,116.8,112.8
17040,36,5.6,170.8,165.20000000000002
17041,11,0.2,150.6,150.4
17045,6,15.2,126.2,111.0
17048,107,0.0,365.4,365.4
17049,40,14.2,268.8,254.60000000000002
17051,36,15.0,214.6,199.6
17052,70,4.8,334.6,329.8
17054,80,3.2,376.4,373.2
17055,40,0.2,210.0,209.8
17057,56,9.8,313.0,303.2
17058,52,1.8,208.0,206.2
17059,74,10.2,371.2,361.0
17060,91,7.0,375.8,368.8
17061,35,13.4,362.0,348.6
17062,55,24.4,297.8,273.40000000000003
17064,80,12.8,364.6,351.8
17065,86,0.4,334.0,333.6
17066,21,9.4,193.6,184.2
17067,53,16.4,286.6,270.20000000000005
17069,67,0.2,320.2,320.0
17071,43,5.4,218.6,213.2
17072,138,27.8,361.2,333.4
17073,37,4.4,176.2,171.79999999999998
17074,55,5.2,274.8,269.6
17077,32,6.6,166.6,160.0
17082,130,14.0,357.0,343.0
17083,77,5.0,342.6,337.6
17085,82,0.8,368.8,368.0
17086,35,8.6,171.4,162.8
17087,38,20.6,211.4,190.8
17088,49,2.4,255.2,252.79999999999998
17089,27,13.4,162.0,148.6
17090,89,2.6,338.8,336.2
17091,60,3.4,251.0,247.6
17093,30,1.2,176.8,175.60000000000002
17094,50,29.4,277.8,248.4
17096,15,9.6,167.4,157.8
17098,82,3.0,298.8,295.8
17100,65,5.0,371.0,366.0
17101,63,10.8,312.4,301.59999999999997
17102,61,7.6,313.2,305.59999999999997
17105,16,0.0,277.0,277.0
17106,54,6.0,247.4,241.4
17107,79,4.6,361.8,357.2
17108,71,8.6,326.0,317.4
17109,66,7.0,362.6,355.6
17110,83,7.2,315.2,308.0
17111,61,22.6,194.6,172.0
17112,56,9.0,272.4,263.4
17115,41,9.4,193.2,183.79999999999998
17116,52,9.0,234.4,225.4
17117,30,9.6,175.8,166.20000000000002
17118,24,6.8,140.4,133.6
17119,47,14.6,331.4,316.79999999999995
17120,89,10.8,378.0,367.2
17121,73,9.2,335.8,326.6
17123,21,16.8,283.2,266.4
17125,142,18.0,353.8,335.8
17127,29,4.8,175.2,170.39999999999998
17128,38,5.4,173.8,168.4
17129,68,4.4,370.4,366.0
17132,24,10.4,371.2,360.8
17133,26,18.2,360.2,342.0
17134,6,8.8,101.8,93.0
17135,36,9.2,180.4,171.20000000000002
17136,47,0.8,358.4,357.59999999999997
17139,121,4.2,372.4,368.2
17140,72,14.2,362.2,348.0
17141,32,0.0,132.0,132.0
17144,44,7.6,221.0,213.4
17145,99,1.8,369.8,368.0
17146,9,0.4,140.0,139.6
17147,102,13.2,368.6,355.40000000000003
17148,29,8.6,150.8,142.20000000000002
17149,71,5.0,373.4,368.4
17150,30,5.0,170.2,165.2
17151,45,10.4,252.6,242.2
17152,102,6.4,363.8,357.40000000000003
17153,97,0.4,363.6,363.20000000000005
17154,28,18.4,241.8,223.4
17155,78,4.2,367.2,363.0
17156,106,7.6,367.4,359.79999999999995
17157,69,19.0,320.4,301.4
17158,24,4.2,234.6,230.4
17159,45,8.4,225.6,217.2
17160,28,7.6,163.6,156.0
17162,71,18.8,352.4,333.59999999999997
17163,23,4.4,121.6,117.19999999999999
17164,33,8.6,167.4,158.8
17166,56,4.6,278.0,273.4
17168,29,0.0,359.4,359.4
17169,36,8.4,173.2,164.79999999999998
17170,46,4.6,262.8,258.2
17172,10,0.2,62.4,62.199999999999996
17173,78,10.2,347.0,336.8
17174,28,6.6,164.2,157.6
17175,98,6.6,352.0,345.4
17176,10,14.6,129.0,114.4
17177,42,9.0,214.8,205.8
17178,60,8.8,278.4,269.59999999999997
17180,26,12.0,353.8,341.8
17182,73,5.6,349.8,344.2
17183,51,4.2,371.8,367.6
17186,32,12.0,363.6,351.6
17187,82,11.0,352.4,341.4
17189,9,0.6,140.4,139.8
17190,59,4.6,307.8,303.2
17192,75,10.4,351.8,341.40000000000003
17193,43,7.4,333.6,326.20000000000005
17194,66,3.6,306.4,302.79999999999995
17195,46,4.6,233.4,228.8
17197,35,13.4,362.6,349.20000000000005
17198,48,9.8,283.4,273.59999999999997
17199,56,12.8,362.4,349.59999999999997
17200,32,4.2,173.2,169.0
17201,42,5.6,216.6,211.0
17202,61,5.0,286.6,281.6
17205,86,12.6,341.6,329.0
17207,37,4.8,130.0,125.2
17208,93,6.0,375.0,369.0
17210,92,46.0,355.6,309.6
17211,52,12.4,350.8,338.40000000000003
17212,48,12.4,291.0,278.6
17216,51,4.0,270.6,266.6
17217,42,4.4,209.4,205.0
17218,29,1.4,308.0,306.6
17220,30,10.0,139.6,129.6
17221,42,6.6,141.4,134.8
17223,70,14.8,354.0,339.2
17224,48,6.8,142.6,135.79999999999998
17226,75,3.4,374.6,371.20000000000005
17228,15,12.0,180.2,168.2
17231,52,0.0,361.4,361.4
17232,32,15.4,287.8,272.40000000000003
17235,38,8.6,354.2,345.59999999999997
17237,53,12.8,253.0,240.2
17238,33,51.8,240.6,188.8
17239,68,7.0,344.2,337.2
17240,93,6.6,352.6,346.0
17241,60,13.6,350.2,336.59999999999997
17243,42,17.0,251.4,234.4
17244,45,8.8,247.2,238.39999999999998
17245,65,15.6,373.4,357.79999999999995
17246,111,12.4,349.8,337.40000000000003
17247,64,11.0,360.8,349.8
17249,36,8.0,347.2,339.2
17250,64,8.0,282.2,274.2
17251,91,1.4,368.8,367.40000000000003
17252,23,9.8,162.8,153.0
17253,38,7.8,177.4,169.6
17254,54,17.2,185.2,168.0
17255,46,0.4,206.2,205.79999999999998
17256,74,22.6,249.4,226.8
17259,69,4.6,343.4,338.79999999999995
17260,37,5.2,176.2,171.0
17263,38,4.4,178.2,173.79999999999998
17264,80,11.0,273.0,262.0
17266,30,5.2,167.8,162.60000000000002
17268,33,13.6,170.4,156.8
17269,27,4.6,165.8,161.20000000000002
17270,85,10.6,348.4,337.79999999999995
17272,30,20.4,324.6,304.20000000000005
17273,42,92.4,204.2,111.79999999999998
17276,86,9.0,329.2,320.2
17277,111,18.8,373.8,355.0
17278,75,4.2,323.2,319.0
17280,7,0.6,136.0,135.4
17282,94,6.8,363.4,356.59999999999997
17283,55,3.0,278.6,275.6
17285,25,0.0,135.8,135.8
17286,15,12.2,174.2,162.0
17288,30,4.8,153.4,148.6
17289,25,0.0,120.2,120.2
17290,38,6.0,215.0,209.0
17291,119,8.8,353.2,344.4
17292,15,3.2,168.2,165.0
17294,48,2.2,231.8,229.60000000000002
17295,83,12.6,368.2,355.59999999999997
17297,77,2.4,342.8,340.40000000000003
17298,86,6.6,371.8,365.2
17300,23,24.0,241.0,217.0
17301,49,6.0,235.8,229.8
17302,14,0.0,171.6,171.6
17303,67,5.4,283.8,278.40000000000003
17305,62,2.0,256.0,254.0
17306,76,8.0,344.6,336.6
17307,34,4.0,166.4,162.4
17308,56,8.4,283.2,274.8
17309,46,4.2,235.2,231.0
17310,78,28.0,357.2,329.2
17311,67,5.2,325.8,320.6
17312,60,1.4,261.0,259.6
17313,22,2.4,346.6,344.20000000000005
17316,50,19.6,246.6,227.0
17317,58,4.6,249.8,245.20000000000002
17318,31,0.0,125.2,125.2
17320,29,4.8,165.8,161.0
17321,37,6.8,179.0,172.2
17322,79,8.6,370.4,361.79999999999995
17324,79,4.2,318.6,314.40000000000003
17325,71,10.2,346.6,336.40000000000003
17327,48,9.6,285.8,276.2
17328,31,1.0,167.8,166.8
17329,9,19.2,137.8,118.60000000000001
17331,34,6.0,174.2,168.2
17333,47,9.8,215.6,205.79999999999998
17335,144,20.6,350.2,329.59999999999997
17336,32,11.6,167.8,156.20000000000002
17337,50,13.0,231.0,218.0
17338,77,14.0,321.4,307.4
17342,53,5.0,288.4,283.4
17343,74,9.2,372.6,363.40000000000003
17344,58,6.0,227.4,221.4
17345,19,0.0,146.0,146.0
17346,51,1.4,222.8,221.4
17347,28,6.0,159.0,153.0
17349,91,8.4,367.0,358.6
17350,70,4.2,364.8,360.6
17351,57,10.0,264.2,254.2
17352,51,3.0,362.2,359.2
17354,28,1.8,373.6,371.8
17355,51,8.8,159.8,151.0
17356,39,11.2,367.6,356.40000000000003
17358,41,0.2,155.6,155.4
17359,32,6.6,175.8,169.20000000000002
17360,65,9.2,325.6,316.40000000000003
17361,52,10.0,280.8,270.8
17363,33,5.8,315.2,309.4
17364,32,4.6,174.0,169.4
17366,90,9.8,373.2,363.4
17367,31,11.2,180.0,168.8
17368,76,19.8,264.6,244.8
17370,48,3.8,218.0,214.2
17371,80,6.2,360.6,354.40000000000003
17373,37,15.6,170.2,154.6
17375,40,4.2,176.0,171.8
17376,46,14.4,216.0,201.6
17377,68,5.8,341.6,335.8
17378,50,20.6,305.6,285.0
17379,39,20.0,196.2,176.2
17382,15,8.4,167.8,159.4
17383,16,0.6,154.0,153.4
17384,42,20.6,217.2,196.6
17385,14,0.0,156.4,156.4
17386,84,5.2,364.6,359.40000000000003
17387,20,4.8,116.0,111.2
17388,40,58.0,216.2,158.2
17389,29,6.2,174.8,168.60000000000002
17390,38,0.6,297.6,297.0
17392,32,5.0,163.8,158.8
17393,21,0.8,175.0,174.2
17394,72,4.8,362.8,358.0
17395,50,5.0,261.4,256.4
17396,28,6.6,116.2,109.60000000000001
17397,32,4.8,169.0,164.2
17399,103,2.2,339.6,337.40000000000003
17400,78,6.0,362.6,356.6
17401,76,5.6,364.2,358.59999999999997
17403,28,0.0,203.8,203.8
17406,84,5.0,365.4,360.4
17407,27,7.0,198.8,191.8
17408,29,4.8,161.2,156.39999999999998
17409,76,1.0,321.4,320.4
17410,40,1.2,324.2,323.0
17411,32,4.8,174.6,169.79999999999998
17412,20,8.8,238.8,230.0
17413,24,3.2,306.2,303.0
17415,48,12.8,270.2,257.4
17417,50,12.2,244.0,231.8
17418,140,16.8,325.2,308.4
17419,34,4.6,182.0,177.4
17421,64,26.6,325.8,299.2
17423,23,10.8,262.2,251.39999999999998
17424,31,10.8,319.6,308.8
17425,70,20.6,296.8,276.2
17426,42,29.4,213.6,184.2
17427,28,7.2,158.6,151.4
17428,70,5.6,358.8,353.2
17429,46,4.6,206.6,202.0
17431,70,8.4,348.0,339.6
17434,74,5.2,361.6,356.40000000000003
17435,27,10.8,259.2,248.39999999999998
17437,71,3.8,320.6,316.8
17438,74,1.8,351.6,349.8
17439,77,6.6,375.6,369.0
17440,10,8.4,137.0,128.6
17441,17,4.6,101.2,96.60000000000001
17443,84,6.2,373.6,367.40000000000003
17445,22,10.0,281.2,271.2
17446,68,5.4,214.2,208.79999999999998
17447,30,4.8,178.6,173.79999999999998
17448,6,14.8,127.6,112.8
17451,99,2.0,299.6,297.6
17453,153,3.0,358.2,355.2
17454,21,1.2,217.2,216.0
17456,34,4.8,166.6,161.79999999999998
17458,28,16.6,158.2,141.6
17461,49,3.0,291.2,288.2
17462,76,1.4,353.8,352.40000000000003
17464,79,13.4,370.6,357.20000000000005
17465,105,14.6,278.6,264.0
17466,36,1.6,179.0,177.4
17467,73,4.8,353.2,348.4
17469,35,2.4,167.8,165.4
17471,76,3.0,312.4,309.4
17472,83,7.6,374.6,367.0
17474,57,4.4,318.0,313.6
17475,23,1.8,127.0,125.2
17476,67,8.4,348.6,340.20000000000005
17477,48,8.2,286.8,278.6
17478,49,4.2,358.4,354.2
17479,25,8.4,136.2,127.79999999999998
17480,64,27.0,361.0,334.0
17481,36,4.4,210.0,205.6
17482,50,2.0,217.0,215.0
17483,56,5.2,288.2,283.0
17486,76,5.2,368.0,362.8
17489,33,7.4,171.0,163.6
17491,18,5.8,170.0,164.2
17494,27,9.6,168.8,159.20000000000002
17495,31,12.0,173.6,161.6
17496,81,5.8,358.4,352.59999999999997
17497,92,10.4,335.0,324.6
17499,54,8.4,289.4,281.0
17501,65,1.4,364.2,362.8
17502,51,12.2,299.6,287.40000000000003
17504,8,11.4,116.0,104.6
17507,76,5.2,353.8,348.6
17509,57,3.6,279.6,276.0
17510,24,12.0,145.4,133.4
17511,7,7.2,99.4,92.2
17512,56,4.4,305.4,301.0
17513,84,4.0,358.0,354.0
17514,57,4.6,332.2,327.59999999999997
17515,67,16.8,363.6,346.8
17516,32,4.8,166.6,161.79999999999998
17517,51,8.2,251.8,243.60000000000002
17518,23,30.4,124.4,94.0
17519,82,2.2,367.0,364.8
17521,76,8.2,349.2,341.0
17523,15,5.8,119.2,113.4
17524,58,8.0,326.4,318.4
17525,108,10.4,287.6,277.20000000000005
17528,40,0.0,205.4,205.4
17529,74,17.6,218.6,201.0
17530,34,0.0,229.2,229.2
17532,79,2.8,367.2,364.4
17533,46,28.2,243.4,215.20000000000002
17534,38,0.6,191.4,190.8
17535,74,16.8,228.4,211.6
17536,72,11.4,351.4,340.0
17537,33,16.4,305.6,289.20000000000005
17540,78,3.4,354.2,350.8
17542,37,0.0,286.6,286.6
17544,24,0.0,292.4,292.4
17545,100,0.2,352.8,352.6
17546,102,11.8,369.6,357.8
17547,84,0.8,359.6,358.8
17548,20,0.8,267.6,266.8
17549,34,5.4,222.6,217.2
17550,98,0.0,360.6,360.6
17551,78,5.2,350.0,344.8
17552,84,2.0,363.2,361.2
17553,30,0.2,338.8,338.6
17554,41,1.4,214.0,212.6
17555,51,4.2,333.8,329.6
17556,5,0.0,116.4,116.4
17557,17,5.8,102.2,96.4
17559,59,5.0,315.4,310.4
17561,90,4.6,225.6,221.0
17563,64,7.8,285.6,277.8
17564,59,0.0,300.4,300.4
17565,71,22.6,335.6,313.0
17569,31,13.6,360.8,347.2
17570,79,1.6,355.4,353.79999999999995
17571,60,1.4,300.8,299.40000000000003
17572,62,13.2,335.8,322.6
17573,23,7.6,124.8,117.2
17575,44,4.0,189.4,185.4
17576,47,7.6,302.6,295.0
17578,26,15.4,137.0,121.6
17579,65,1.8,351.8,350.0
17580,63,15.6,310.0,294.4
17581,61,13.6,300.0,286.4
17582,8,14.6,140.2,125.6
17583,65,10.6,359.8,349.2
17584,7,16.2,133.4,117.2
17585,31,5.8,175.4,169.6
17587,15,15.2,206.4,191.20000000000002
17588,70,9.2,316.2,307.0
17589,58,0.0,364.8,364.8
17590,65,9.0,326.0,317.0
17591,14,65.2,255.6,190.39999999999998
17592,43,0.2,226.6,226.4
17595,7,6.6,138.4,131.8
17596,45,0.0,218.2,218.2
17599,27,3.6,288.6,285.0
17601,97,8.6,361.6,353.0
17603,30,11.0,171.8,160.8
17604,10,9.0,72.2,63.2
17607,38,17.2,230.8,213.60000000000002
17608,68,7.2,365.4,358.2
17610,25,4.6,280.0,275.4
17613,10,0.0,161.2,161.2
17614,49,4.6,275.8,271.2
17615,65,11.8,337.4,325.59999999999997
17616,85,14.8,357.4,342.59999999999997
17617,8,0.0,142.8,142.8
17618,49,3.2,206.8,203.60000000000002
17619,29,6.6,163.4,156.8
17620,66,5.8,350.6,344.8
17622,64,6.6,349.6,343.0
17625,81,7.0,370.2,363.2
17626,76,10.4,327.0,316.6
17629,62,5.0,275.0,270.0
17632,6,30.0,100.0,70.0
17633,65,5.4,341.6,336.20000000000005
17634,50,4.2,365.2,361.0
17635,98,0.6,376.6,376.0
17641,25,0.0,234.6,234.6
17642,20,6.8,323.0,316.2
17643,54,4.4,298.2,293.8
17644,61,8.8,349.2,340.4
17645,55,0.6,290.2,289.59999999999997
17646,29,10.2,228.0,217.8
17647,57,4.2,312.2,308.0
17649,52,5.4,239.0,233.6
17650,150,14.0,355.4,341.4
17651,77,6.0,333.2,327.2
17652,94,6.8,359.4,352.59999999999997
17654,148,0.2,366.4,366.2
17655,39,5.4,208.6,203.2
17657,78,1.2,366.0,364.8
17658,56,4.6,281.0,276.4
17660,89,2.8,361.0,358.2
17661,32,4.6,162.4,157.8
17662,59,4.2,305.6,301.40000000000003
17663,25,12.4,311.2,298.8
17664,27,0.0,142.0,142.0
17666,63,9.8,280.0,270.2
17667,39,1.6,206.6,205.0
17668,73,10.2,334.2,324.0
17669,59,4.8,316.2,311.4
17670,54,4.8,290.0,285.2
17671,73,5.4,362.2,356.8
17672,71,4.8,340.4,335.59999999999997
17673,31,4.6,143.6,139.0
17674,67,9.2,338.2,329.0
17675,28,7.4,143.0,135.6
17676,67,5.0,360.4,355.4
17678,31,4.8,178.0,173.2
17679,29,9.4,166.2,156.79999999999998
17681,62,4.4,290.8,286.40000000000003
17682,70,10.8,310.4,299.59999999999997
17683,60,10.0,266.4,256.4
17684,31,6.6,136.6,130.0
17685,72,7.2,308.6,301.40000000000003
17686,29,7.2,171.8,164.60000000000002
17687,67,9.8,269.4,259.59999999999997
17690,89,7.2,374.0,366.8
17691,13,0.0,180.2,180.2
17692,27,4.8,146.6,141.79999999999998
17693,41,32.6,214.6,182.0
17694,71,0.0,287.2,287.2
17700,66,6.4,340.0,333.6
17702,88,12.2,342.0,329.8
17703,77,14.0,299.2,285.2
17704,65,12.4,294.2,281.8
17705,33,2.8,171.6,168.79999999999998
17706,73,2.0,326.8,324.8
17707,61,0.6,334.2,333.59999999999997
17709,60,6.2,294.0,287.8
17710,43,0.8,211.0,210.2
17711,50,16.2,363.4,347.2
17712,76,6.6,367.8,361.2
17713,64,2.2,354.2,352.0
17715,78,12.6,360.4,347.79999999999995
17716,64,2.6,323.2,320.59999999999997
17718,91,6.4,333.2,326.8
17720,18,15.6,135.8,120.20000000000002
17721,37,0.2,177.4,177.20000000000002
17722,84,4.2,355.6,351.40000000000003
17723,49,6.4,236.4,230.0
17724,52,7.6,359.0,351.4
17725,41,2.6,355.6,353.0
17726,43,6.4,208.0,201.6
17727,65,1.6,209.8,208.20000000000002
17730,46,2.2,158.0,155.8
17732,81,1.2,281.4,280.2
17734,50,8.6,181.8,173.20000000000002
17735,41,12.0,233.4,221.4
17736,17,6.0,131.2,125.19999999999999
17737,138,24.6,359.6,335.0
17738,59,72.2,366.0,293.8
17739,54,13.6,262.6,249.00000000000003
17740,75,1.0,343.4,342.4
17742,16,2.8,203.8,201.0
17744,85,0.0,362.4,362.4
17746,41,0.2,329.8,329.6
17747,70,1.4,325.0,323.6
17748,61,3.2,283.0,279.8
17749,80,0.4,347.6,347.20000000000005
17750,85,6.6,336.6,330.0
17751,31,0.0,348.4,348.4
17752,39,2.2,185.6,183.4
17754,39,10.4,178.8,168.4
17757,42,5.6,209.0,203.4
17758,33,7.2,179.2,172.0
17761,82,3.2,359.4,356.2
17763,80,2.4,372.6,370.20000000000005
17764,85,8.4,357.8,349.40000000000003
17766,66,1.4,366.4,365.0
17770,81,0.0,361.8,361.8
17771,15,0.0,137.4,137.4
17774,51,0.0,364.4,364.4
17775,39,9.8,136.0,126.2
17776,14,10.0,278.6,268.6
17778,10,0.0,66.6,66.6
17779,44,4.2,218.4,214.20000000000002
17780,23,0.6,131.6,131.0
17781,73,4.4,355.4,351.0
17782,72,4.4,292.2,287.8
17783,49,4.2,310.4,306.2
17787,25,4.2,314.8,310.6
17788,8,58.2,90.2,32.0
17790,11,1.0,176.6,175.6
17791,61,6.4,261.4,254.99999999999997
17792,19,0.0,177.4,177.4
17793,62,4.4,325.8,321.40000000000003
17794,40,18.4,312.2,293.8
17796,33,8.6,175.6,167.0
17798,83,0.2,369.8,369.6
17800,42,2.8,361.4,358.59999999999997
17802,76,7.6,348.0,340.4
17805,17,23.6,119.8,96.19999999999999
17806,37,10.4,212.8,202.4
17807,91,79.4,377.6,298.20000000000005
17808,78,8.6,315.4,306.79999999999995
17809,69,2.8,326.8,324.0
17812,81,4.6,355.8,351.2
17813,47,4.2,216.6,212.4
17814,63,8.6,320.8,312.2
17815,44,24.4,361.6,337.20000000000005
17816,61,7.4,297.6,290.20000000000005
17817,65,12.8,352.4,339.59999999999997
17818,90,1.8,375.2,373.4
17819,70,7.4,348.6,341.20000000000005
17820,63,14.6,343.2,328.59999999999997
17822,44,8.6,137.2,128.6
17823,90,8.4,368.0,359.6
17825,44,5.0,210.2,205.2
17827,70,3.8,364.2,360.4
17828,78,7.2,342.8,335.6
17830,101,3.0,302.8,299.8
17831,59,15.8,272.8,257.0
17833,71,10.0,332.6,322.6
17834,92,0.0,366.0,366.0
17835,43,0.0,204.4,204.4
17836,62,4.6,307.2,302.59999999999997
17837,83,1.6,360.4,358.79999999999995
17838,75,6.2,337.2,331.0
17839,73,2.6,363.8,361.2
17840,58,5.8,286.0,280.2
17841,79,11.2,359.4,348.2
17842,56,0.0,245.0,245.0
17843,105,11.4,361.2,349.8
17845,5,71.6,132.4,60.80000000000001
17846,80,3.6,371.4,367.79999999999995
17850,148,10.8,358.4,347.59999999999997
17851,35,6.2,176.0,169.8
17852,78,14.8,367.8,353.0
17853,77,12.4,354.2,341.8
17854,78,0.2,338.8,338.6
17855,83,16.8,239.6,222.79999999999998
17856,37,13.0,124.0,111.0
17858,47,16.4,138.4,122.0
17860,87,12.4,363.2,350.8
17861,42,16.8,141.6,124.8
17862,124,18.0,337.6,319.6
17864,77,7.0,301.0,294.0
17865,106,13.6,364.0,350.4
17866,56,8.2,182.4,174.20000000000002
17868,89,8.4,359.2,350.8
17869,89,11.8,353.4,341.59999999999997
17871,71,102.0,363.6,261.6
17872,28,10.4,349.4,339.0
17875,70,6.2,213.8,207.60000000000002
17876,68,0.2,287.4,287.2
17877,53,13.6,168.0,154.4
17878,79,4.4,362.0,357.6
17879,72,16.8,227.2,210.39999999999998
17881,75,8.6,220.4,211.8
17882,68,2.0,198.2,196.2
17883,76,4.2,358.6,354.40000000000003
17884,60,9.6,183.0,173.4
17885,61,3.8,177.6,173.79999999999998
17887,67,11.2,196.6,185.4
17889,41,9.4,138.6,129.2
17890,50,10.6,193.2,182.6
17892,88,6.6,373.4,366.79999999999995
17893,35,0.2,343.0,342.8
17894,42,13.6,137.0,123.4
17896,64,13.6,204.0,190.4
17899,85,4.4,360.2,355.8
17900,76,4.2,318.8,314.6
17901,74,4.2,364.0,359.8
17902,71,4.2,350.8,346.6
17905,10,0.0,147.8,147.8
17906,113,15.6,347.4,331.79999999999995
17907,72,4.4,277.2,272.8
17908,11,6.4,131.8,125.4
17910,7,9.2,114.2,105.0
17911,31,4.6,140.4,135.8
17912,89,4.6,360.0,355.4
17913,74,1.0,366.0,365.0
17914,146,3.0,340.0,337.0
17916,5,2.6,107.6,105.0
17917,9,6.6,162.6,156.0
17920,71,8.4,222.6,214.2
17922,70,8.6,216.4,207.8
17923,60,2.6,280.8,278.2
17924,86,16.4,368.4,352.0
17925,23,9.6,293.8,284.2
17926,15,5.8,81.4,75.60000000000001
17927,25,2.4,326.2,323.8
17928,31,13.2,329.6,316.40000000000003
17929,20,4.2,241.2,237.0
17930,82,5.8,356.2,350.4
17932,57,5.8,358.0,352.2
17933,60,17.4,340.2,322.8
17936,82,13.0,366.4,353.4
17937,22,5.6,124.0,118.4
17938,63,3.4,290.2,286.8
17939,74,18.4,330.0,311.6
17940,33,6.4,171.0,164.6
17941,83,14.6,369.2,354.59999999999997
17942,63,17.2,308.4,291.2
17944,80,7.2,276.6,269.40000000000003
17945,35,4.2,172.8,168.60000000000002
17946,37,24.2,346.2,322.0
17948,59,12.6,307.6,295.0
17949,56,9.8,288.6,278.8
17950,68,4.0,369.8,365.8
17951,96,4.6,309.4,304.79999999999995
17952,70,9.8,346.6,336.8
17953,25,9.8,156.4,146.6
17954,146,5.4,367.8,362.40000000000003
17955,15,0.4,140.0,139.6
17957,83,1.4,215.4,214.0
17959,87,0.8,367.4,366.59999999999997
17960,71,5.8,340.2,334.4
17961,67,6.4,348.2,341.8
17963,70,0.0,355.6,355.6
17964,80,2.4,363.6,361.20000000000005
17968,73,9.8,357.8,348.0
17969,70,4.4,331.8,327.40000000000003
17971,75,7.6,362.4,354.79999999999995
17973,57,14.8,287.8,273.0
17974,47,8.6,354.0,345.4
17975,48,52.8,179.4,126.60000000000001
17977,39,1.4,280.4,279.0
17978,59,24.2,274.8,250.60000000000002
17980,15,25.2,239.6,214.4
17981,26,12.8,139.2,126.39999999999999
17982,62,9.0,178.0,169.0
17984,7,16.2,106.8,90.6
17985,34,4.6,137.4,132.8
17987,91,3.4,365.6,362.20000000000005
17988,64,6.0,364.2,358.2
17989,136,0.4,364.0,363.6
17992,62,6.2,340.8,334.6
17993,75,4.8,319.2,314.4
17994,59,6.0,362.4,356.4
17996,81,9.8,370.0,360.2
17997,37,5.6,204.4,198.8
17998,46,6.2,246.8,240.60000000000002
17999,5,11.0,121.6,110.6
18001,27,6.0,126.8,120.8
18002,86,12.0,295.2,283.2
18003,51,4.0,340.6,336.6
18004,41,3.4,216.8,213.4
18006,74,14.6,361.2,346.59999999999997
18007,47,6.8,246.8,240.0
18008,54,6.6,364.0,357.4
18009,54,5.8,358.4,352.59999999999997
18010,52,15.0,288.4,273.4
18015,50,5.6,196.6,191.0
18016,45,6.8,236.4,229.6
18017,71,7.4,348.4,341.0
18018,80,9.8,357.4,347.59999999999997
18020,8,0.0,135.4,135.4
18021,82,4.2,246.0,241.8
18022,24,2.0,134.6,132.6
18023,55,8.8,358.4,349.59999999999997
18025,24,4.6,125.4,120.80000000000001
18030,62,7.8,322.6,314.8
18031,52,0.8,278.4,277.59999999999997
18032,10,0.4,164.0,163.6
18033,50,9.8,224.2,214.39999999999998
18034,80,7.2,276.0,268.8
18035,60,4.8,342.8,338.0
18036,50,2.2,266.8,264.6
18037,72,4.4,352.4,348.0
18038,69,9.6,370.4,360.79999999999995
18040,70,6.2,362.8,356.6
18045,59,3.6,280.4,276.79999999999995
18046,144,9.4,369.4,360.0
18048,26,7.0,158.0,151.0
18049,97,6.8,304.4,297.59999999999997
18050,88,1.0,361.4,360.4
18051,69,7.0,364.8,357.8
18052,67,6.2,362.0,355.8
18054,74,6.0,331.0,325.0
18055,179,2.8,360.2,357.4
18057,70,7.6,325.4,317.79999999999995
18059,34,4.8,166.4,161.6
18060,74,3.8,361.0,357.2
18061,58,4.4,248.4,244.0
18062,78,1.4,284.2,282.8
18063,29,5.0,172.0,167.0
18064,31,8.6,142.0,133.4
18065,43,7.8,338.6,330.8
18067,72,10.2,355.8,345.6
18069,81,13.4,363.6,350.20000000000005
18070,29,0.6,301.8,301.2
18071,74,0.0,319.8,319.8
18073,72,12.8,357.8,345.0
18074,10,37.6,213.2,175.6
18075,84,7.0,358.2,351.2
18076,17,11.8,173.4,161.6
18078,64,0.0,339.6,339.6
18079,56,12.2,224.0,211.8
18080,97,2.8,348.6,345.8
18081,78,2.0,338.4,336.4
18083,66,0.0,338.8,338.8
18084,79,10.0,358.0,348.0
18085,78,4.4,349.2,344.8
18086,70,7.8,358.6,350.8
18087,74,4.6,342.8,338.2
18088,70,11.4,343.2,331.8
18090,67,11.0,349.4,338.4
18091,94,2.8,365.2,362.4
18094,37,12.4,215.0,202.6
18095,72,5.0,354.0,349.0
18096,45,2.6,359.2,356.59999999999997
18097,99,2.2,335.6,333.40000000000003
18098,108,9.6,339.6,330.0
18100,49,12.0,242.0,230.0
18101,74,0.6,323.4,322.79999999999995
18102,38,0.0,210.4,210.4
18105,5,0.2,144.0,143.8
18106,30,7.6,304.2,296.59999999999997
18107,74,10.2,359.8,349.6
18109,6,0.2,77.8,77.6
18110,70,11.8,323.2,311.4
18111,13,2.2,109.4,107.2
18112,40,7.6,211.6,204.0
18113,38,14.0,206.8,192.8
18115,137,7.6,344.8,337.2
18116,76,6.2,309.4,303.2
18117,131,7.8,342.8,335.0
18118,88,2.2,362.4,360.2
18120,124,10.6,313.2,302.59999999999997
18123,126,2.8,319.2,316.4
18126,33,13.4,310.8,297.40000000000003
18128,64,9.0,330.2,321.2
18129,37,7.6,213.4,205.8
18130,24,15.8,310.0,294.2
18131,69,10.0,355.4,345.4
18132,25,0.0,243.2,243.2
18134,53,4.4,212.4,208.0
18135,52,3.8,282.2,278.4
18136,40,2.8,210.6,207.79999999999998
18140,117,6.8,314.4,307.59999999999997
18141,26,0.2,142.0,141.8
18142,57,10.0,360.0,350.0
18145,31,3.4,167.4,164.0
18147,6,7.4,137.0,129.6
18149,78,7.8,352.8,345.0
18150,30,6.8,141.0,134.2
18151,118,12.0,317.2,305.2
18152,51,14.0,287.2,273.2
18154,126,8.4,331.8,323.40000000000003
18155,31,7.2,223.0,215.8
18156,73,9.0,299.4,290.4
18158,66,10.6,211.6,201.0
18160,119,10.6,315.8,305.2
18161,69,4.2,345.0,340.8
18162,125,5.6,320.2,314.59999999999997
18163,28,47.0,317.8,270.8
18164,14,1.4,145.2,143.79999999999998
18165,43,7.4,215.4,208.0
18166,58,0.0,336.4,336.4
18167,124,14.0,343.6,329.6
18168,126,2.0,316.4,314.4
18169,18,0.2,281.2,281.0
18170,43,7.4,208.2,200.79999999999998
18171,58,7.6,186.4,178.8
18172,133,7.8,363.8,356.0
18173,70,5.0,339.4,334.4
18174,40,19.0,218.6,199.6
18175,64,3.4,355.4,352.0
18176,41,7.8,138.0,130.2
18177,29,12.0,173.6,161.6
18179,150,7.6,356.6,349.0
18180,25,12.8,250.0,237.2
18181,29,4.8,163.6,158.79999999999998
18182,60,9.4,333.0,323.6
18183,9,1.2,142.0,140.8
18184,30,18.6,137.8,119.20000000000002
18186,48,0.0,362.4,362.4
18187,55,12.2,177.0,164.8
18188,6,34.2,174.0,139.8
18189,34,4.2,144.2,140.0
18190,7,0.2,92.8,92.6
18193,82,2.6,326.2,323.59999999999997
18194,76,14.0,355.0,341.0
18195,81,12.4,287.6,275.20000000000005
18196,13,0.0,130.2,130.2
18199,37,12.0,211.4,199.4
18200,71,6.8,349.8,343.0
18202,27,4.8,129.8,125.00000000000001
18203,36,0.0,152.2,152.2
18204,33,7.0,131.6,124.6
18205,40,11.4,244.0,232.6
18206,48,4.6,305.8,301.2
18207,40,3.8,334.2,330.4
18209,98,0.0,340.8,340.8
18211,23,9.4,326.8,317.40000000000003
18212,47,1.6,319.6,318.0
18213,12,19.6,155.6,136.0
18214,57,11.4,287.2,275.8
18215,38,8.4,212.0,203.6
18216,49,0.2,229.6,229.4
18217,46,4.8,243.8,239.0
18218,73,7.2,312.4,305.2
18219,73,4.4,341.6,337.20000000000005
18220,24,4.4,289.0,284.6
18221,23,34.6,278.4,243.79999999999998
18222,45,9.4,345.8,336.40000000000003
18223,9,47.0,141.4,94.4
18225,9,14.6,134.2,119.6
18226,40,2.2,296.0,293.8
18228,46,0.0,365.0,365.0
18231,80,12.6,347.6,335.0
18232,44,0.0,350.6,350.6
18233,66,17.0,339.4,322.4
18234,77,55.4,364.8,309.40000000000003
18235,6,9.6,136.4,126.80000000000001
18236,76,5.6,348.4,342.79999999999995
18237,127,0.0,360.8,360.8
18240,77,6.8,363.6,356.8
18241,49,1.8,351.6,349.8
18242,77,16.6,350.8,334.2
18243,25,27.4,141.0,113.6
18244,73,13.0,324.8,311.8
18245,54,9.6,353.0,343.4
18246,67,0.6,355.0,354.4
18247,63,4.2,352.8,348.6
18248,10,12.0,133.0,121.0
18249,13,24.2,196.6,172.4
18250,79,22.0,368.0,346.0
18251,81,6.4,349.6,343.20000000000005
18252,66,24.8,344.0,319.2
18254,31,10.4,213.4,203.0
18255,106,60.2,363.6,303.40000000000003
18256,29,0.0,128.8,128.8
18258,90,61.0,364.8,303.8
18261,7,54.4,194.8,140.4
18262,52,0.0,250.6,250.6
18264,31,0.0,146.0,146.0
18265,93,7.0,341.0,334.0
18268,75,0.0,337.6,337.6
18270,84,17.6,358.0,340.4
18271,32,6.0,174.8,168.8
18272,12,0.0,302.0,302.0
18273,28,1.4,284.6,283.20000000000005
18275,65,8.8,352.2,343.4
18276,40,4.0,321.8,317.8
18277,78,10.8,347.4,336.59999999999997
18278,74,14.8,358.2,343.4
18279,21,3.4,134.0,130.6
18280,76,16.0,346.2,330.2
18281,119,7.0,359.2,352.2
18282,71,6.0,308.4,302.4
18285,83,2.0,358.2,356.2
18287,37,6.2,210.6,204.4
18288,77,6.2,361.0,354.8
18290,34,76.4,363.0,286.6
18291,90,9.4,367.8,358.40000000000003
18292,60,1.4,310.6,309.20000000000005
18294,74,5.0,320.6,315.6
18296,49,5.6,213.8,208.20000000000002
18297,115,7.0,315.6,308.6
18298,52,5.0,212.4,207.4
18299,36,5.8,209.8,204.0
18300,67,2.8,320.2,317.4
18304,47,8.0,212.6,204.6
18305,17,15.0,215.2,200.2
18306,96,3.8,358.4,354.59999999999997
18307,19,9.4,121.2,111.8
18309,84,13.4,366.4,353.0
18310,51,10.0,359.6,349.6
18311,83,64.2,362.6,298.40000000000003
18314,44,5.4,303.4,298.0
18315,28,3.0,164.0,161.0
18316,25,11.2,141.4,130.20000000000002
18317,79,7.0,365.0,358.0
18319,29,4.6,138.8,134.20000000000002
18320,34,13.4,138.8,125.4
18322,74,4.4,339.8,335.40000000000003
18323,51,10.8,174.6,163.79999999999998
18324,38,4.6,176.8,172.20000000000002
18325,45,11.0,280.0,269.0
18326,8,90.8,155.6,64.8
18327,81,0.8,309.4,308.59999999999997
18328,7,7.0,87.6,80.6
18330,83,4.8,347.0,342.2
18332,92,12.2,357.6,345.40000000000003
18333,24,3.4,177.2,173.79999999999998
18334,53,1.6,358.6,357.0
18335,69,18.6,285.2,266.59999999999997
18337,30,4.8,163.4,158.6
18339,87,12.2,357.2,345.0
18341,70,0.0,361.4,361.4
18342,75,3.0,353.0,350.0
18343,85,0.8,347.8,347.0
18344,11,0.2,154.6,154.4
18345,48,8.2,350.6,342.40000000000003
18346,31,16.6,273.0,256.4
18349,71,10.4,320.6,310.20000000000005
18350,39,6.8,227.0,220.2
18351,53,12.2,354.4,342.2
18352,91,12.2,327.0,314.8
18354,73,11.0,361.8,350.8
18355,82,4.8,343.0,338.2
18356,42,6.6,204.2,197.6
18357,12,0.0,130.2,130.2
18358,14,25.2,199.2,174.0
18359,28,18.0,283.2,265.2
18361,28,4.0,128.4,124.4
18363,85,4.6,362.2,357.59999999999997
18365,33,11.6,214.2,202.6
18366,73,16.4,343.0,326.6
18368,67,12.4,302.6,290.20000000000005
18370,72,4.8,357.4,352.59999999999997
18372,32,3.2,316.2,313.0
18373,18,1.0,124.2,123.2
18374,25,26.6,213.2,186.6
18375,21,0.0,270.4,270.4
18376,39,16.6,207.8,191.20000000000002
18377,38,3.2,216.4,213.20000000000002
18378,25,21.6,290.2,268.59999999999997
18379,7,36.2,94.4,58.2
18380,42,8.0,205.2,197.2
18384,67,0.0,323.8,323.8
18385,31,5.4,157.6,152.2
18387,59,13.2,290.8,277.6
18388,43,4.6,215.8,211.20000000000002
18389,66,4.6,345.0,340.4
18392,82,11.0,342.0,331.0
18393,28,5.6,123.4,117.80000000000001
18394,69,4.8,297.6,292.8
18395,48,7.0,211.2,204.2
18396,57,3.8,283.0,279.2
18397,52,4.8,227.4,222.6
18398,41,1.0,305.4,304.4
18399,58,10.6,363.8,353.2
18400,45,4.8,227.8,223.0
18401,11,1.4,281.0,279.6
18402,67,13.2,290.8,277.6
18403,57,5.8,353.6,347.8
18407,79,7.0,345.6,338.6
18408,70,5.0,345.6,340.6
18409,58,13.2,298.2,285.0
18410,66,7.6,307.4,299.79999999999995
18411,78,4.6,365.6,361.0
18412,86,5.6,356.0,350.4
18413,87,9.4,364.4,355.0
18414,64,4.0,342.2,338.2
18415,28,4.4,144.2,139.79999999999998
18417,70,4.8,314.2,309.4
18418,47,2.8,275.8,273.0
18419,13,8.4,137.0,128.6
18422,78,5.8,352.8,347.0
18423,33,7.8,149.0,141.2
18425,13,11.2,135.0,123.8
18426,59,4.2,305.8,301.6
18427,76,5.6,336.4,330.79999999999995
18428,87,10.6,331.0,320.4
18430,75,1.4,354.6,353.20000000000005
18431,41,2.4,208.4,206.0
18432,47,8.2,245.8,237.60000000000002
18433,28,7.8,169.2,161.39999999999998
18434,47,47.6,319.6,272.0
18435,50,2.6,290.4,287.79999999999995
18436,50,25.0,347.2,322.2
18437,6,9.2,95.2,86.0
18440,29,4.8,168.0,163.2
18441,82,4.6,330.6,326.0
18444,29,4.0,155.2,151.2
18445,56,5.4,285.6,280.20000000000005
18446,42,6.6,202.4,195.8
18448,20,10.6,345.6,335.0
18450,56,7.8,345.2,337.4
18452,78,5.2,343.8,338.6
18454,47,4.8,255.6,250.79999999999998
18455,38,6.6,189.6,183.0
18457,72,9.8,336.4,326.59999999999997
18458,51,4.8,266.4,261.59999999999997
18459,67,6.2,324.8,318.6
18460,65,6.4,333.4,327.0
18461,54,5.6,295.2,289.59999999999997
18463,9,7.8,169.0,161.2
18464,33,15.6,275.8,260.2
18466,62,2.0,327.4,325.4
18467,81,6.4,354.0,347.6
18470,24,4.0,289.8,285.8
18473,13,0.0,107.8,107.8
18474,87,6.4,355.6,349.20000000000005
18475,56,4.6,284.6,280.0
18476,69,0.2,338.2,338.0
18477,67,4.2,339.0,334.8
18478,50,6.8,238.8,232.0
18480,25,7.0,140.0,133.0
18481,84,4.2,363.6,359.40000000000003
18482,71,7.6,343.6,336.0
18483,65,0.0,302.2,302.2
18484,22,8.6,133.6,125.0
18488,59,2.4,291.2,288.8
18489,47,3.0,250.4,247.4
18490,48,0.0,254.0,254.0
18491,69,0.0,315.2,315.2
18492,75,2.0,354.4,352.4
18493,85,15.6,337.0,321.4
18494,25,2.4,119.2,116.8
18495,5,18.8,134.8,116.00000000000001
18496,23,3.0,127.6,124.6
18498,42,5.0,213.6,208.6
18499,62,12.2,308.4,296.2
18500,14,0.0,131.4,131.4
18501,15,20.4,198.8,178.4
18502,27,4.8,132.6,127.8
18503,74,11.8,367.8,356.0
18504,26,1.6,283.6,282.0
18505,57,11.2,338.4,327.2
18508,36,23.8,216.8,193.0
18509,54,18.6,294.0,275.4
18510,31,5.4,157.8,152.4
18512,16,32.6,210.0,177.4
18517,58,6.6,277.0,270.4
18518,70,17.8,357.2,339.4
18520,8,4.6,124.8,120.2
18521,23,0.6,139.8,139.20000000000002
18524,62,5.4,268.6,263.20000000000005
18526,54,28.8,338.8,310.0
18527,55,12.4,285.2,272.8
18528,43,49.6,313.6,264.0
18529,18,2.2,170.8,168.60000000000002
18530,30,17.2,287.6,270.40000000000003
18532,30,2.6,142.6,140.0
18534,70,3.0,313.8,310.8
18536,45,13.6,216.2,202.6
18538,6,1.2,135.0,133.8
18539,70,4.6,324.8,320.2
18540,19,0.0,208.2,208.2
18544,62,8.6,316.6,308.0
18545,43,10.2,271.0,260.8
18546,70,2.0,341.4,339.4
18547,66,2.6,291.2,288.59999999999997
18548,6,12.2,120.2,108.0
18549,5,34.4,158.0,123.6
18550,14,0.0,296.4,296.4
18551,11,23.4,138.6,115.19999999999999
18552,79,25.8,345.0,319.2
18553,82,1.0,326.2,325.2
18556,40,33.8,327.4,293.59999999999997
18557,80,10.0,359.2,349.2
18559,41,2.8,200.4,197.6
18560,73,1.0,323.4,322.4
18561,63,0.2,287.0,286.8
18562,39,4.4,326.2,321.8
18564,74,0.0,295.2,295.2
18565,44,15.4,207.2,191.79999999999998
18567,106,4.2,236.2,232.0
18570,40,0.2,327.0,326.8
18571,64,6.6,305.2,298.59999999999997
18572,66,4.8,329.6,324.8
18573,96,7.4,363.2,355.8
18574,42,6.8,203.0,196.2
18576,8,0.0,145.4,145.4
18577,45,4.8,242.2,237.39999999999998
18578,71,13.6,347.0,333.4
18580,49,12.4,216.8,204.4
18581,16,0.2,215.6,215.4
18583,7,0.4,124.8,124.39999999999999
18584,70,4.6,333.2,328.59999999999997
18585,22,10.4,131.6,121.19999999999999
18587,54,9.0,251.2,242.2
18588,61,10.8,328.6,317.8
18589,40,0.8,176.2,175.39999999999998
18590,48,12.4,215.0,202.6
18591,25,0.0,331.8,331.8
18593,45,13.0,331.0,318.0
18594,8,12.8,140.8,128.0
18595,7,4.4,125.8,121.39999999999999
18597,46,16.2,248.8,232.60000000000002
18599,25,20.4,141.6,121.19999999999999
18600,28,1.6,141.4,139.8
18601,18,10.6,164.4,153.8
18603,53,4.6,296.2,291.59999999999997
18604,80,4.8,333.0,328.2
18605,43,1.0,239.2,238.2
18606,66,4.6,329.0,324.4
18608,24,5.6,169.0,163.4
18609,76,0.8,328.4,327.59999999999997
18610,42,0.4,221.8,221.4
18611,85,5.6,354.0,348.4
18612,37,4.8,323.2,318.4
18613,26,20.0,327.6,307.6
18614,40,4.8,211.2,206.39999999999998
18616,64,23.8,355.6,331.8
18617,22,4.8,119.8,115.0
18622,84,33.6,345.0,311.4
18625,66,24.6,333.6,309.0
18626,80,11.8,294.4,282.59999999999997
18627,72,11.8,261.2,249.39999999999998
18629,80,11.8,316.6,304.8
18631,29,12.0,142.8,130.8
18632,84,8.6,340.0,331.4
18633,52,4.8,284.0,279.2
18636,59,9.0,296.8,287.8
18637,55,2.8,298.0,295.2
18638,12,23.4,136.6,113.19999999999999
18639,45,7.4,354.2,346.8
18644,38,19.6,285.6,266.0
18646,45,8.0,272.2,264.2
18647,8,8.4,136.4,128.0
18648,32,4.6,171.0,166.4
18649,67,31.2,358.0,326.8
18651,39,2.2,314.4,312.2
18652,47,5.4,213.4,208.0
18653,83,0.2,336.4,336.2
18654,45,5.4,210.6,205.2
18655,72,6.6,362.4,355.79999999999995
18656,18,19.0,258.8,239.8
18660,41,6.8,203.2,196.39999999999998
18661,90,10.6,306.4,295.79999999999995
18662,35,1.2,355.2,354.0
18663,29,1.4,142.8,141.4
18666,81,15.4,338.6,323.20000000000005
18667,61,6.8,350.2,343.4
18669,11,0.0,124.4,124.4
18673,78,4.8,341.0,336.2
18674,70,8.6,303.4,294.79999999999995
18677,25,0.2,152.6,152.4
18678,20,1.4,280.2,278.8
18679,14,1.4,183.0,181.6
18682,28,0.0,138.2,138.2
18684,43,16.2,201.8,185.60000000000002
18685,46,12.6,216.8,204.20000000000002
18686,46,23.8,363.6,339.8
18687,85,10.6,335.6,325.0
18689,15,0.6,326.6,326.0
18690,80,6.4,291.2,284.8
18691,10,13.8,142.0,128.2
18692,11,0.0,164.0,164.0
18693,63,6.0,356.2,350.2
18694,78,0.0,349.6,349.6
18695,63,17.2,355.0,337.8
18696,38,10.4,237.8,227.4
18697,46,2.0,200.8,198.8
18698,54,43.4,276.6,233.20000000000002
18699,76,11.6,224.6,213.0
18700,73,11.8,219.2,207.39999999999998
18703,14,8.4,136.0,127.6
18704,83,11.8,337.0,325.2
18706,65,9.0,287.0,278.0
18707,9,0.0,128.0,128.0
18708,74,11.8,223.4,211.6
18711,67,18.2,217.0,198.8
18712,54,7.0,326.4,319.4
18713,27,7.0,172.4,165.4
18715,58,7.6,287.4,279.79999999999995
18716,86,7.0,324.8,317.8
18717,39,8.2,201.8,193.60000000000002
18718,15,0.2,198.8,198.60000000000002
18720,66,51.4,310.2,258.8
18721,76,2.0,349.8,347.8
18724,9,1.0,151.0,150.0
18725,68,7.8,351.2,343.4
18726,77,0.6,354.4,353.79999999999995
18728,22,14.8,352.6,337.8
18729,80,0.8,333.8,333.0
18730,48,11.6,346.6,335.0
18731,35,3.4,361.4,358.0
18732,19,0.2,140.6,140.4
18735,46,49.2,287.0,237.8
18736,56,15.2,352.4,337.2
18738,66,21.2,359.0,337.8
18740,63,53.2,288.6,235.40000000000003
18742,44,4.8,203.0,198.2
18744,73,14.6,323.6,309.0
18747,66,5.8,346.6,340.8
18749,70,11.8,277.6,265.8
18750,55,12.6,270.6,258.0
18751,60,5.4,288.2,282.8
18752,58,15.0,358.8,343.8
18755,84,11.2,358.0,346.8
18757,79,8.0,355.2,347.2
18759,61,4.8,300.6,295.8
18760,78,8.2,358.2,350.0
18761,8,13.2,135.4,122.2
18763,75,1.8,320.4,318.59999999999997
18764,66,2.4,257.2,254.79999999999998
18765,77,8.2,364.6,356.40000000000003
18766,71,9.2,345.6,336.40000000000003
18767,23,0.0,115.0,115.0
18768,18,5.6,101.4,95.80000000000001
18769,62,5.0,285.6,280.6
18770,88,3.4,349.4,346.0
18771,37,3.4,360.4,357.0
18772,29,4.8,174.4,169.6
18774,57,8.2,277.8,269.6
18776,40,6.4,210.6,204.2
18778,66,11.6,325.0,313.4
18779,37,5.2,158.0,152.8
18781,38,21.6,241.4,219.8
18782,67,0.0,358.0,358.0
18783,49,4.8,260.4,255.59999999999997
18784,68,2.0,344.0,342.0
18786,23,5.6,133.4,127.80000000000001
18787,86,3.4,317.2,313.8
18788,28,0.2,144.6,144.4
18789,69,1.0,357.6,356.6
18791,44,10.0,323.4,313.4
18792,24,0.0,130.8,130.8
18795,11,15.6,125.8,110.2
18796,72,4.4,351.2,346.8
18797,102,1.0,349.0,348.0
18799,24,9.2,138.4,129.20000000000002
18801,9,10.8,200.2,189.39999999999998
18802,77,4.2,347.2,343.0
18803,70,0.8,332.4,331.59999999999997
18804,69,5.0,336.4,331.4
18806,74,6.0,336.0,330.0
18808,46,4.2,358.2,354.0
18810,67,0.4,343.0,342.6
18811,74,1.2,335.2,334.0
18812,64,9.0,288.0,279.0
18813,65,12.2,338.8,326.6
18814,65,0.2,243.2,243.0
18815,87,4.6,353.2,348.59999999999997
18816,28,3.4,116.6,113.19999999999999
18817,49,12.6,248.8,236.20000000000002
18818,31,7.0,203.2,196.2
18819,72,10.0,346.0,336.0
18820,37,5.6,211.0,205.4
18821,64,6.6,301.0,294.4
18822,75,5.2,343.2,338.0
18823,17,2.2,214.2,212.0
18824,66,4.4,341.6,337.20000000000005
18825,49,4.6,252.0,247.4
18826,16,2.0,206.0,204.0
18827,44,5.2,217.0,211.8
18828,49,4.6,218.0,213.4
18829,27,12.0,147.0,135.0
18830,49,11.8,240.2,228.39999999999998
18831,81,5.2,327.6,322.40000000000003
18833,41,3.2,302.4,299.2
18836,45,0.0,289.4,289.4
18839,20,27.8,286.2,258.4
18840,11,0.0,139.0,139.0
18841,21,6.8,126.6,119.8
18842,42,0.0,320.6,320.6
18843,43,9.8,348.8,339.0
18846,79,9.0,348.4,339.4
18848,10,23.0,128.4,105.4
18849,87,0.0,308.0,308.0
18850,16,0.0,118.4,118.4
18851,13,3.8,149.8,146.0
18852,10,5.0,143.4,138.4
18853,43,7.0,308.4,301.4
18854,65,10.4,343.4,333.0
18856,39,9.8,322.6,312.8
18857,67,8.0,312.6,304.6
18859,35,15.6,188.4,172.8
18860,51,21.4,324.8,303.40000000000003
18861,10,0.0,132.4,132.4
18863,11,1.0,125.2,124.2
18864,20,25.6,139.4,113.80000000000001
18866,26,0.0,111.2,111.2
18868,88,0.0,324.2,324.2
18871,86,2.0,326.8,324.8
18872,41,1.0,199.6,198.6
18873,74,9.6,228.2,218.6
18874,20,4.0,271.2,267.2
18875,98,31.0,341.8,310.8
18876,69,13.0,336.2,323.2
18881,23,3.8,137.2,133.39999999999998
18882,62,4.2,296.8,292.6
18883,35,0.4,177.8,177.4
18884,84,9.4,344.8,335.40000000000003
18885,77,7.4,242.2,234.79999999999998
18886,75,3.0,327.2,324.2
18887,43,1.6,196.8,195.20000000000002
18889,44,7.4,213.0,205.6
18890,55,5.2,293.8,288.6
18891,87,3.8,350.0,346.2
18892,70,6.2,352.8,346.6
18893,73,5.6,341.8,336.2
18894,36,7.8,195.4,187.6
18896,112,10.0,326.2,316.2
18898,29,4.4,143.6,139.2
18899,27,8.4,138.6,130.2
18900,36,12.8,311.8,299.0
18901,73,10.4,343.8,333.40000000000003
18903,65,13.8,321.4,307.59999999999997
18904,56,13.6,281.0,267.4
18905,53,17.0,337.2,320.2
18906,74,7.0,344.6,337.6
18907,78,17.0,342.6,325.6
18908,5,11.0,74.2,63.2
18909,75,8.6,342.4,333.79999999999995
18910,32,4.6,160.6,156.0
18912,35,8.2,193.8,185.60000000000002
18913,57,10.0,294.2,284.2
18915,51,8.6,340.2,331.59999999999997
18917,57,8.2,343.8,335.6
18918,59,0.2,282.4,282.2
18919,65,23.8,339.6,315.8
18920,97,3.4,319.0,315.6
18922,28,8.6,139.2,130.6
18923,76,0.4,341.0,340.6
18925,9,18.2,127.4,109.2
18926,100,0.8,336.0,335.2
18927,76,6.4,355.2,348.8
18928,83,9.2,357.4,348.2
18929,72,6.0,350.2,344.2
18931,83,12.0,346.8,334.8
18933,46,9.6,359.8,350.2
18934,81,14.2,345.6,331.40000000000003
18935,25,0.8,133.2,132.39999999999998
18936,64,3.0,290.4,287.4
18938,48,22.0,334.0,312.0
18939,63,22.6,324.6,302.0
18940,72,2.6,352.8,350.2
18942,36,5.0,194.2,189.2
18943,33,5.8,172.0,166.2
18946,73,2.2,342.6,340.40000000000003
18947,93,0.0,354.2,354.2
18948,29,20.6,347.0,326.4
18949,31,7.8,185.8,178.0
18950,74,7.0,356.6,349.6
18952,28,9.6,332.8,323.2
18957,93,5.6,350.8,345.2
18958,33,6.4,217.2,210.79999999999998
18959,85,4.0,351.6,347.6
18960,24,6.6,322.8,316.2
18961,70,11.4,357.2,345.8
18962,15,0.0,249.4,249.4
18963,26,13.2,337.4,324.2
18964,71,2.6,340.2,337.59999999999997
18966,9,5.0,122.8,117.8
18968,54,10.0,290.2,280.2
18969,59,8.6,276.0,267.4
18970,68,10.4,358.4,348.0
18974,75,8.0,335.8,327.8
18976,71,6.2,350.8,344.6
18977,58,1.6,357.0,355.4
18979,14,7.0,143.8,136.8
18981,77,6.6,361.0,354.4
18982,80,5.8,351.6,345.8
18983,51,4.2,347.6,343.40000000000003
18984,11,70.6,206.6,136.0
18985,87,33.0,343.2,310.2
18987,25,18.8,238.6,219.79999999999998
18988,62,6.2,291.0,284.8
18989,77,0.0,344.4,344.4
18991,90,6.2,360.4,354.2
18994,85,32.6,296.0,263.4
18995,78,13.8,337.2,323.4
18996,36,6.0,205.8,199.8
18997,8,2.8,125.6,122.8
18998,39,19.0,215.6,196.6
18999,22,11.2,342.6,331.40000000000003
19002,37,6.2,210.2,204.0
19005,61,6.6,214.2,207.6
19006,54,13.4,351.0,337.6
19009,88,9.0,340.6,331.6
19010,61,3.2,278.2,275.0
19011,81,3.6,339.0,335.4
19012,27,7.4,140.4,133.0
19013,87,9.6,363.2,353.59999999999997
19014,66,16.4,354.2,337.8
19017,39,15.8,218.0,202.2
19018,82,7.0,353.0,346.0
19021,79,12.2,344.6,332.40000000000003
19022,83,4.2,347.4,343.2
19023,66,16.0,323.6,307.6
19024,47,1.2,346.0,344.8
19025,70,75.4,356.8,281.4
19026,34,8.6,324.0,315.4
19027,59,0.6,322.6,322.0
19028,72,9.6,356.6,347.0
19029,53,4.6,229.8,225.20000000000002
19030,100,5.2,348.2,343.0
19031,76,5.8,351.4,345.59999999999997
19032,106,12.0,351.6,339.6
19033,71,2.2,341.6,339.40000000000003
19034,65,8.2,350.4,342.2
19037,58,14.6,286.2,271.59999999999997
19038,7,12.0,129.4,117.4
19039,104,7.8,350.2,342.4
19041,8,9.6,133.4,123.80000000000001
19042,77,12.6,342.8,330.2
19043,82,3.2,323.0,319.8
19044,73,18.0,306.2,288.2
19047,54,13.2,321.2,308.0
19049,72,14.4,343.0,328.6
19050,29,0.8,145.4,144.6
19051,60,9.2,269.0,259.8
19052,89,11.0,354.2,343.2
19053,83,8.0,352.6,344.6
19055,72,12.8,304.4,291.59999999999997
19056,63,10.6,348.8,338.2
19057,51,5.6,233.4,227.8
19059,71,0.0,291.8,291.8
19060,57,4.4,326.2,321.8
19061,28,0.0,142.8,142.8
19062,108,3.0,346.6,343.6
19064,54,6.2,281.4,275.2
19065,71,3.4,310.0,306.6
19066,28,2.0,273.8,271.8
19068,66,8.4,342.0,333.6
19070,8,1.0,135.0,134.0
19071,33,0.6,159.6,159.0
19072,37,0.0,341.2,341.2
19074,43,12.2,275.8,263.6
19075,111,2.2,353.4,351.2
19076,11,11.6,137.6,126.0
19077,37,5.2,193.0,187.8
19078,72,3.4,330.6,327.20000000000005
19079,35,1.4,141.2,139.79999999999998
19080,50,0.8,309.4,308.59999999999997
19081,24,9.6,121.4,111.80000000000001
19082,88,5.6,322.6,317.0
19084,77,7.2,330.4,323.2
19086,26,11.2,110.8,99.6
19088,17,1.0,159.6,158.6
19089,60,7.6,288.8,281.2
19090,74,2.8,354.8,352.0
19091,26,9.6,138.4,128.8
19094,112,0.0,333.0,333.0
19095,11,0.8,136.2,135.39999999999998
19096,26,2.0,159.8,157.8
19098,81,5.6,350.6,345.0
19099,77,10.6,350.4,339.79999999999995
19100,91,3.8,353.0,349.2
19101,44,6.0,144.4,138.4
19102,44,1.4,347.2,345.8
19103,67,5.2,344.8,339.6
19104,34,1.4,221.0,219.6
19106,44,4.6,182.2,177.6
19108,81,4.0,329.2,325.2
19110,61,4.4,296.0,291.6
19111,78,8.2,355.8,347.6
19115,62,4.8,322.6,317.8
19116,70,4.6,342.6,338.0
19117,77,9.2,338.2,329.0
19118,44,15.6,282.2,266.59999999999997
19119,29,28.2,202.8,174.60000000000002
19121,32,4.8,180.8,176.0
19122,101,6.8,352.6,345.8
19123,70,13.4,324.6,311.20000000000005
19125,70,0.2,331.4,331.2
19126,41,4.4,212.0,207.6
19127,33,6.8,166.8,160.0
19128,108,6.0,346.6,340.6
19129,47,4.8,230.4,225.6
19130,58,1.2,293.2,292.0
19131,74,13.0,309.0,296.0
19132,50,4.2,330.6,326.40000000000003
19133,68,2.8,343.0,340.2
19134,38,1.8,177.2,175.39999999999998
19136,9,2.6,135.6,133.0
19137,68,6.8,347.4,340.59999999999997
19138,16,5.6,153.0,147.4
19139,85,0.0,307.6,307.6
19140,10,16.0,144.2,128.2
19141,15,0.0,145.8,145.8
19142,89,5.0,345.6,340.6
19143,21,0.0,214.2,214.2
19144,107,3.8,345.4,341.59999999999997
19149,10,0.0,123.0,123.0
19150,75,0.4,344.2,343.8
19151,69,0.2,310.4,310.2
19152,86,0.0,330.0,330.0
19153,10,0.0,136.2,136.2
19154,15,17.4,207.2,189.79999999999998
19155,48,3.4,239.4,236.0
19156,73,12.2,311.2,299.0
19157,68,0.4,309.2,308.8
19158,25,7.4,136.0,128.6
19159,18,3.6,108.6,105.0
19160,32,4.2,164.2,160.0
19161,15,1.8,201.6,199.79999999999998
19162,20,7.4,133.0,125.6
19164,37,1.0,168.4,167.4
19165,53,7.0,285.2,278.2
19167,77,1.4,328.2,326.8
19168,19,1.4,108.4,107.0
19169,31,14.0,170.2,156.2
19170,77,0.0,255.2,255.2
19171,60,2.2,353.4,351.2
19172,48,8.6,331.6,323.0
19173,52,7.4,253.8,246.4
19174,84,0.8,352.4,351.59999999999997
19175,80,5.4,337.0,331.6
19176,6,4.0,122.8,118.8
19177,82,4.6,347.6,343.0
19179,59,0.0,283.8,283.8
19180,82,1.2,323.2,322.0
19181,40,3.0,167.4,164.4
19182,89,0.4,354.8,354.40000000000003
19183,47,5.0,267.2,262.2
19184,43,8.2,344.0,335.8
19187,36,3.0,166.8,163.8
19190,35,34.8,256.2,221.39999999999998
19191,73,7.0,323.2,316.2
19194,34,14.6,343.0,328.4
19195,74,1.0,343.8,342.8
19197,72,2.4,325.4,323.0
19198,63,1.8,341.4,339.59999999999997
19203,33,6.0,336.4,330.4
19204,8,4.0,140.2,136.2
19205,73,0.6,349.0,348.4
19207,64,1.6,292.4,290.79999999999995
19210,72,4.2,340.4,336.2
19213,55,9.0,259.2,250.2
19214,15,0.0,120.0,120.0
19215,24,7.4,172.2,164.79999999999998
19216,77,0.0,357.4,357.4
19218,41,0.0,318.0,318.0
19221,40,14.0,207.2,193.2
19222,14,9.8,127.0,117.2
19223,6,19.4,135.0,115.6
19225,87,5.0,339.4,334.4
19226,66,8.8,329.4,320.59999999999997
19227,24,9.8,328.2,318.4
19228,72,5.0,286.2,281.2
19229,32,11.8,180.0,168.2
19230,12,8.0,111.4,103.4
19231,58,2.0,289.0,287.0
19232,7,95.2,144.4,49.2
19236,35,11.2,142.6,131.4
19237,27,10.4,164.6,154.2
19238,70,0.6,326.2,325.59999999999997
19239,76,5.0,340.2,335.2
19242,92,5.2,313.6,308.40000000000003
19243,15,0.2,159.6,159.4
19244,27,6.6,251.8,245.20000000000002
19245,43,0.0,208.4,208.4
19246,70,0.6,311.6,311.0
19247,15,0.2,180.8,180.60000000000002
19248,78,6.2,332.4,326.2
19249,82,2.2,325.4,323.2
19251,21,12.2,272.6,260.40000000000003
19252,42,15.0,321.6,306.6
19253,19,13.8,267.2,253.39999999999998
19254,58,4.6,315.6,311.0
19256,19,0.2,236.8,236.60000000000002
19260,52,2.8,255.0,252.2
19261,14,14.0,165.2,151.2
19262,58,8.0,328.6,320.6
19263,24,13.6,325.2,311.59999999999997
19265,46,2.2,220.6,218.4
19267,59,12.8,247.8,235.0
19268,74,10.4,335.8,325.40000000000003
19270,27,8.6,137.4,128.8
19271,73,6.2,342.8,336.6
19272,48,2.2,271.6,269.40000000000003
19273,6,4.8,118.8,114.0
19274,79,86.2,347.4,261.2
19276,31,4.8,140.2,135.39999999999998
19277,68,6.0,293.2,287.2
19279,33,1.0,141.2,140.2
19281,21,2.8,142.0,139.2
19283,68,2.6,325.6,323.0
19284,36,2.0,171.6,169.6
19285,67,3.6,343.8,340.2
19286,82,8.4,354.2,345.8
19287,61,4.2,311.0,306.8
19288,7,20.8,131.4,110.60000000000001
19289,23,13.4,298.4,285.0
19290,28,5.6,141.0,135.4
19291,70,6.2,350.6,344.40000000000003
19292,45,9.0,247.8,238.8
19293,23,7.8,117.6,109.8
19295,47,9.4,240.6,231.2
19297,76,2.2,346.0,343.8
19299,26,4.0,142.6,138.6
19300,71,1.4,328.6,327.20000000000005
19301,88,6.4,350.6,344.20000000000005
19302,44,18.0,212.0,194.0
19303,41,8.4,171.0,162.6
19305,73,7.6,342.8,335.2
19307,13,24.6,200.6,176.0
19309,73,7.2,350.0,342.8
19313,76,6.2,342.6,336.40000000000003
19316,50,3.8,347.4,343.59999999999997
19317,6,46.4,88.2,41.800000000000004
19318,20,14.8,214.6,199.79999999999998
19319,92,0.0,349.2,349.2
19320,24,21.6,123.0,101.4
19321,77,9.6,280.0,270.4
19322,28,6.0,137.2,131.2
19323,22,2.8,141.6,138.79999999999998
19324,70,5.8,350.2,344.4
19325,64,1.8,338.8,337.0
19326,83,6.0,351.4,345.4
19327,76,3.8,356.0,352.2
19328,97,6.2,352.0,345.8
19330,81,12.6,346.8,334.2
19332,82,1.0,341.4,340.4
19333,15,13.4,175.6,162.2
19334,67,10.4,324.0,313.6
19335,65,4.0,289.6,285.6
19336,26,0.0,287.2,287.2
19337,39,1.4,344.2,342.8
19339,11,46.0,202.8,156.8
19340,60,3.8,288.8,285.0
19341,79,5.0,343.8,338.8
19342,36,11.2,211.4,200.20000000000002
19343,70,7.2,246.6,239.4
19345,86,5.0,267.2,262.2
19346,15,12.8,233.8,221.0
19347,15,0.0,150.2,150.2
19348,73,4.4,282.2,277.8
19349,7,11.2,138.0,126.8
19350,70,1.6,329.2,327.59999999999997
19351,66,5.0,317.8,312.8
19353,78,4.8,246.2,241.39999999999998
19354,84,4.8,346.0,341.2
19355,26,8.4,153.4,145.0
19356,88,0.0,343.6,343.6
19357,18,15.2,299.6,284.40000000000003
19358,76,14.2,344.6,330.40000000000003
19359,32,7.0,153.4,146.4
19360,38,3.6,218.8,215.20000000000002
19361,40,0.4,211.8,211.4
19362,59,8.0,320.8,312.8
19363,39,12.8,188.6,175.79999999999998
19364,57,7.2,282.8,275.6
19365,73,9.0,349.2,340.2
19366,89,5.0,349.0,344.0
19368,54,22.4,330.8,308.40000000000003
19369,12,13.4,131.4,118.0
19370,77,9.0,349.4,340.4
19371,57,11.8,289.6,277.8
19372,16,6.4,131.0,124.6
19373,10,6.8,131.2,124.39999999999999
19374,28,4.6,130.4,125.80000000000001
19376,14,19.8,145.2,125.39999999999999
19377,76,4.2,348.6,344.40000000000003
19378,28,9.2,134.0,124.8
19380,75,4.2,350.0,345.8
19381,86,0.0,342.0,342.0
19382,37,0.0,349.0,349.0
19384,41,6.8,214.0,207.2
19385,52,4.6,281.8,277.2
19386,90,24.6,346.6,322.0
19387,6,1.6,132.8,131.20000000000002
19388,38,6.0,282.8,276.8
19390,16,2.8,141.2,138.39999999999998
19392,53,5.2,283.4,278.2
19394,8,2.6,134.8,132.20000000000002
19395,7,1.6,125.8,124.2
19396,84,10.2,271.4,261.2
19398,64,57.4,265.4,207.99999999999997
19399,16,14.4,135.0,120.6
19400,76,10.6,269.6,259.0
19401,59,9.0,286.2,277.2
19403,54,0.0,246.2,246.2
19405,83,10.6,291.2,280.59999999999997
19407,79,7.8,348.2,340.4
19408,70,4.8,325.8,321.0
19409,19,12.6,142.2,129.6
19410,31,5.2,138.2,133.0
19411,64,4.6,310.8,306.2
19414,84,10.6,286.2,275.59999999999997
19415,73,7.6,336.6,329.0
19416,27,8.4,128.6,120.19999999999999
19419,23,8.4,128.6,120.19999999999999
19420,82,2.2,357.2,355.0
19421,84,10.6,344.4,333.79999999999995
19422,59,10.8,176.4,165.6
19423,25,5.0,135.8,130.8
19424,44,58.4,174.2,115.79999999999998
19425,58,4.8,347.4,342.59999999999997
19426,83,31.8,352.4,320.59999999999997
19427,74,65.0,330.4,265.4
19428,17,4.2,135.2,131.0
19429,57,6.0,349.2,343.2
19430,77,6.2,337.0,330.8
19431,91,29.8,288.8,259.0
19432,41,8.0,132.6,124.6
19433,30,6.6,174.6,168.0
19434,74,0.8,292.0,291.2
19437,41,6.0,352.2,346.2
19438,69,7.0,313.6,306.6
19439,41,21.2,144.6,123.39999999999999
19440,109,1.4,293.0,291.6
19442,99,11.6,305.2,293.59999999999997
19443,80,4.8,341.4,336.59999999999997
19444,77,6.8,349.8,343.0
19445,58,5.0,312.8,307.8
19446,32,6.0,316.4,310.4
19447,71,9.2,312.8,303.6
19448,66,0.0,322.0,322.0
19450,30,50.6,313.8,263.2
19452,64,0.8,327.6,326.8
19453,89,9.2,316.2,307.0
19455,68,1.0,326.2,325.2
19456,13,0.0,144.6,144.6
19457,62,1.2,301.0,299.8
19459,60,11.8,284.4,272.59999999999997
19462,62,11.2,340.8,329.6
19463,20,9.2,135.6,126.39999999999999
19465,64,3.6,277.8,274.2
19466,96,12.6,342.4,329.79999999999995
19468,23,0.2,136.4,136.20000000000002
19469,29,4.6,142.8,138.20000000000002
19471,27,2.2,142.8,140.60000000000002
19472,23,4.6,122.6,118.0
19474,30,8.4,145.6,137.2
19475,10,7.8,128.8,121.00000000000001
19476,62,13.8,340.0,326.2
19478,75,15.2,312.0,296.8
19479,10,15.0,116.0,101.0
19480,64,8.0,346.6,338.6
19481,72,3.6,310.4,306.79999999999995
19483,66,1.4,287.0,285.6
19484,14,4.6,160.2,155.6
19489,22,15.4,139.2,123.79999999999998
19490,41,3.6,207.6,204.0
19492,54,4.8,273.2,268.4
19494,7,1.6,127.2,125.60000000000001
19496,37,10.4,191.0,180.6
19499,79,4.8,342.4,337.59999999999997
19500,26,4.2,143.0,138.8
19501,61,0.0,282.0,282.0
19502,65,1.4,282.2,280.8
19504,52,8.8,271.2,262.4
19505,71,14.4,310.8,296.40000000000003
19506,85,15.0,334.6,319.6
19507,74,0.0,311.8,311.8
19508,7,0.2,122.4,122.2
19509,12,83.6,235.0,151.4
19511,31,1.2,137.4,136.20000000000002
19512,72,9.4,340.8,331.40000000000003
19513,64,5.2,352.2,347.0
19514,25,2.4,286.6,284.20000000000005
19515,98,4.0,341.4,337.4
19516,72,1.4,313.0,311.6
19517,89,1.4,340.6,339.20000000000005
19519,92,0.4,335.4,335.0
19520,105,2.4,341.0,338.6
19522,29,2.4,139.4,137.0
19525,50,6.2,348.4,342.2
19526,26,5.0,142.0,137.0
19527,31,0.0,178.8,178.8
19528,69,4.6,329.6,325.0
19529,78,4.8,339.6,334.8
19530,25,4.6,248.6,244.0
19531,64,6.8,320.8,314.0
19532,83,12.4,334.0,321.6
19533,32,30.0,205.2,175.2
19536,9,0.2,124.0,123.8
19537,11,38.4,159.6,121.19999999999999
19538,83,1.8,333.6,331.8
19543,9,10.0,215.0,205.0
19544,21,0.0,286.0,286.0
19546,47,6.8,322.0,315.2
19547,56,0.0,255.6,255.6
19548,68,3.8,309.6,305.8
19549,37,4.8,204.0,199.2
19550,71,3.6,283.8,280.2
19551,62,30.6,295.6,265.0
19552,54,9.8,213.6,203.79999999999998
19553,50,4.8,249.8,245.0
19554,19,9.8,151.8,142.0
19556,79,13.2,231.0,217.8
19557,72,6.8,345.8,339.0
19559,33,13.2,189.6,176.4
19560,69,14.8,296.2,281.4
19562,98,12.2,340.8,328.6
19563,74,4.6,329.8,325.2
19565,76,4.6,344.2,339.59999999999997
19566,72,4.4,333.0,328.6
19567,62,4.6,345.2,340.59999999999997
19568,15,0.0,119.2,119.2
19569,49,3.6,233.8,230.20000000000002
19570,26,7.6,145.0,137.4
19571,85,2.0,333.4,331.4
19572,26,4.8,135.2,130.39999999999998
19573,87,6.8,340.4,333.59999999999997
19574,77,6.6,281.6,275.0
19575,85,10.6,263.2,252.6
19576,81,2.2,308.2,306.0
19577,83,3.8,335.8,332.0
19579,76,4.8,341.8,337.0
19580,79,6.6,354.6,348.0
19581,64,0.0,335.8,335.8
19582,40,6.2,289.6,283.40000000000003
19584,88,15.2,347.2,332.0
19585,85,3.8,316.0,312.2
19586,51,6.4,273.6,267.20000000000005
19588,27,9.2,172.4,163.20000000000002
19590,82,8.4,350.0,341.6
19592,40,3.8,210.6,206.79999999999998
19593,38,4.8,213.8,209.0
19594,70,4.0,347.4,343.4
19595,92,5.2,341.0,335.8
19596,44,4.8,202.2,197.39999999999998
19599,46,6.2,250.2,244.0
19601,32,6.2,241.8,235.60000000000002
19604,12,7.2,195.0,187.8
19606,7,6.6,132.2,125.6
19607,26,8.2,154.4,146.20000000000002
19608,24,25.4,289.8,264.40000000000003
19609,61,20.2,313.6,293.40000000000003
19610,71,6.2,316.0,309.8
19612,28,6.2,149.2,143.0
19613,28,6.2,146.2,140.0
19614,45,15.6,257.8,242.20000000000002
19617,33,8.6,175.0,166.4
19619,20,0.0,120.8,120.8
19622,66,4.6,345.4,340.79999999999995
19624,35,19.4,290.8,271.40000000000003
19627,65,21.6,312.6,291.0
19629,93,6.2,337.2,331.0
19630,66,12.8,339.2,326.4
19632,78,1.2,315.8,314.6
19634,81,0.8,348.6,347.8
19636,57,21.8,318.6,296.8
19637,68,1.2,320.6,319.40000000000003
19638,73,9.4,345.8,336.40000000000003
19639,86,0.0,343.6,343.6
19640,39,9.2,321.2,312.0
19641,70,13.4,338.0,324.6
19642,71,8.6,311.8,303.2
19643,8,0.8,138.4,137.6
19644,68,4.4,313.4,309.0
19645,20,0.0,175.0,175.0
19646,8,16.8,112.6,95.8
19647,82,1.8,344.4,342.59999999999997
19651,43,5.0,207.8,202.8
19652,68,10.0,329.0,319.0
19653,26,14.6,287.8,273.2
19654,90,13.2,350.0,336.8
19656,10,11.2,144.8,133.60000000000002
19658,55,9.0,288.2,279.2
19659,70,11.0,336.8,325.8
19661,59,4.6,326.2,321.59999999999997
19662,67,4.6,331.4,326.79999999999995
19664,13,8.8,137.6,128.79999999999998
19665,51,4.4,303.8,299.40000000000003
19666,11,0.0,143.0,143.0
19667,78,11.8,263.4,251.59999999999997
19668,38,2.8,336.8,334.0
19669,69,4.8,316.6,311.8
19674,90,6.2,271.6,265.40000000000003
19675,21,8.4,111.2,102.8
19677,31,4.6,199.2,194.6
19678,44,6.2,140.2,134.0
19679,106,6.2,316.8,310.6
19681,29,2.4,137.8,135.4
19683,42,1.8,209.0,207.2
19685,15,4.0,138.6,134.6
19687,69,0.0,347.2,347.2
19688,86,13.2,324.0,310.8
19689,30,8.0,164.6,156.6
19692,53,8.4,257.2,248.79999999999998
19693,84,4.0,327.4,323.4
19694,34,13.2,191.2,178.0
19697,8,7.2,142.0,134.8
19698,25,23.2,145.2,121.99999999999999
19699,80,0.0,313.4,313.4
19700,57,0.2,204.0,203.8
19704,48,0.0,327.6,327.6
19705,58,4.2,323.0,318.8
19706,54,11.8,285.2,273.4
19707,94,13.2,318.0,304.8
19708,68,4.6,329.8,325.2
19710,81,10.6,346.8,336.2
19711,17,51.0,142.4,91.4
19712,58,11.8,314.6,302.8
19713,63,1.8,340.0,338.2
19714,65,6.0,329.2,323.2
19715,111,6.2,291.2,285.0
19716,59,7.8,345.6,337.8
19717,14,4.2,136.4,132.20000000000002
19720,42,6.2,191.6,185.4
19721,9,4.8,144.4,139.6
19722,26,8.6,194.0,185.4
19723,60,4.2,340.4,336.2
19724,48,9.2,226.0,216.8
19725,25,7.6,131.6,124.0
19726,34,2.8,324.6,321.8
19727,47,5.6,214.4,208.8
19728,31,5.0,211.8,206.8
19730,61,7.8,330.4,322.59999999999997
19731,68,7.2,284.8,277.6
19732,53,4.6,283.4,278.79999999999995
19733,68,11.6,337.6,326.0
19736,12,2.8,130.0,127.2
19737,29,6.4,194.4,188.0
19738,48,12.6,314.6,302.0
19739,13,11.2,132.8,121.60000000000001
19741,80,5.2,340.0,334.8
19742,56,4.6,288.8,284.2
19743,121,0.0,332.2,332.2
19744,66,8.2,290.4,282.2
19745,11,0.0,164.4,164.4
19746,64,4.4,291.2,286.8
19748,69,3.6,315.8,312.2
19749,69,12.0,284.8,272.8
19750,78,1.4,260.8,259.40000000000003
19752,13,2.4,84.2,81.8
19753,16,0.4,201.2,200.79999999999998
19757,10,8.8,120.6,111.8
19759,55,4.4,282.6,278.20000000000005
19760,11,3.6,132.6,129.0
19761,56,9.0,290.4,281.4
19762,106,0.6,319.2,318.59999999999997
19763,50,9.0,225.8,216.8
19764,46,9.2,224.8,215.60000000000002
19765,63,16.8,335.2,318.4
19766,10,5.8,126.6,120.8
19767,25,0.6,138.0,137.4
19769,119,6.2,316.6,310.40000000000003
19771,45,7.8,138.8,131.0
19772,54,7.4,338.4,331.0
19774,51,9.0,313.2,304.2
19775,63,13.2,212.2,199.0
19776,49,51.4,338.2,286.8
19777,41,9.4,215.6,206.2
19778,67,1.6,304.6,303.0
19779,45,9.0,227.8,218.8
19780,44,4.6,345.2,340.59999999999997
19781,56,6.6,341.2,334.59999999999997
19784,37,13.4,214.6,201.2
19785,11,2.2,139.6,137.4
19787,52,9.0,227.8,218.8
19791,37,11.2,190.4,179.20000000000002
19793,61,6.4,301.8,295.40000000000003
19794,29,5.2,139.6,134.4
19795,77,1.8,352.8,351.0
19799,27,1.8,132.2,130.39999999999998
19801,95,8.4,350.4,342.0
19802,33,3.4,141.4,138.0
19804,66,6.4,328.6,322.20000000000005
19805,59,18.4,337.8,319.40000000000003
19806,59,0.4,319.4,319.0
19808,68,5.6,313.4,307.79999999999995
19809,77,5.6,346.4,340.79999999999995
19810,27,4.2,140.2,136.0
19811,63,4.2,328.2,324.0
19812,40,8.8,218.8,210.0
19813,13,78.4,137.0,58.599999999999994
19814,26,5.6,141.2,135.6
19815,56,7.6,293.2,285.59999999999997
19817,17,18.2,127.4,109.2
19818,47,26.2,278.8,252.60000000000002
19819,31,3.6,138.6,135.0
19820,81,1.2,349.8,348.6
19822,67,3.6,328.2,324.59999999999997
19824,78,6.8,331.2,324.4
19825,77,10.4,337.6,327.20000000000005
19826,63,51.8,276.4,224.59999999999997
19828,37,6.4,196.2,189.79999999999998
19829,13,0.0,114.8,114.8
19831,22,5.2,107.6,102.39999999999999
19833,20,0.0,125.8,125.8
19834,73,7.8,347.4,339.59999999999997
19835,44,9.8,330.0,320.2
19836,55,8.4,289.8,281.40000000000003
19837,55,3.2,262.6,259.40000000000003
19838,12,0.2,101.6,101.39999999999999
19839,17,12.4,116.0,103.6
19840,73,17.0,330.4,313.4
19843,47,18.6,345.8,327.2
19844,13,0.0,124.4,124.4
19845,60,8.4,307.0,298.6
19847,14,0.0,135.8,135.8
19849,8,13.0,149.4,136.4
19851,67,8.0,234.8,226.8
19852,89,8.2,310.8,302.6
19853,21,5.6,109.8,104.2
19854,7,7.2,133.0,125.8
19855,59,8.6,302.8,294.2
19859,32,0.0,267.0,267.0
19861,71,4.0,325.8,321.8
19862,67,3.0,131.4,128.4
19863,65,3.2,276.6,273.40000000000003
19864,20,6.4,136.4,130.0
19866,69,4.6,343.2,338.59999999999997
19867,63,4.8,334.4,329.59999999999997
19868,33,2.8,145.6,142.79999999999998
19869,22,3.2,292.2,289.0
19870,29,23.4,203.8,180.4
19871,174,0.8,344.0,343.2
19872,52,13.2,337.4,324.2
19873,9,12.6,141.4,128.8
19875,89,8.2,348.4,340.2
19876,66,3.4,264.0,260.6
19877,14,0.0,75.0,75.0
19879,35,34.0,271.6,237.60000000000002
19880,64,0.0,330.8,330.8
19881,70,0.0,306.0,306.0
19882,56,0.0,259.6,259.6
19883,23,0.0,171.6,171.6
19884,64,5.6,324.0,318.4
19885,42,5.6,293.8,288.2
19886,64,0.0,280.2,280.2
19889,58,0.0,306.0,306.0
19892,9,10.2,144.2,134.0
19893,33,7.0,331.6,324.6
19894,77,5.0,328.8,323.8
19895,5,1.0,122.8,121.8
19896,5,15.8,150.8,135.0
19900,27,2.4,122.0,119.6
19901,71,2.2,333.0,330.8
19902,24,0.2,268.0,267.8
19904,60,8.2,286.4,278.2
19905,47,2.4,218.6,216.2
19906,8,13.2,128.2,114.99999999999999
19907,63,3.6,303.4,299.79999999999995
19908,76,9.2,217.0,207.8
19909,55,5.4,209.6,204.2
19915,39,8.4,330.4,322.0
19916,63,6.6,342.6,336.0
19918,11,17.4,175.2,157.79999999999998
19919,28,4.8,169.4,164.6
19920,50,1.2,249.4,248.20000000000002
19922,62,2.4,322.8,320.40000000000003
19923,44,4.8,232.2,227.39999999999998
19925,54,4.6,242.0,237.4
19927,7,1.0,110.2,109.2
19929,52,3.4,229.4,226.0
19931,62,6.6,334.6,328.0
19933,60,1.0,331.2,330.2
19934,56,6.0,282.8,276.8
19935,50,3.4,259.0,255.6
19940,55,2.2,232.4,230.20000000000002
19941,69,6.4,337.0,330.6
19943,64,0.0,301.8,301.8
19944,67,4.4,308.2,303.8
19945,46,6.8,327.2,320.4
19947,28,5.0,139.4,134.4
19948,29,4.2,141.6,137.4
19949,61,11.6,334.4,322.79999999999995
19950,23,5.0,134.6,129.6
19951,71,12.4,337.6,325.20000000000005
19952,85,2.4,345.0,342.6
19953,88,1.6,341.0,339.4
19954,48,0.0,240.6,240.6
19956,9,0.0,135.4,135.4
19957,68,6.4,339.4,333.0
19958,15,0.6,198.2,197.6
19960,66,4.8,325.6,320.8
19963,64,6.2,319.4,313.2
19964,64,2.4,307.2,304.8
19965,73,4.4,313.6,309.20000000000005
19966,60,8.0,240.2,232.2
19967,69,2.0,311.4,309.4
19968,41,2.6,208.4,205.8
19969,49,3.2,288.4,285.2
19971,9,11.8,143.2,131.39999999999998
19974,15,0.0,274.8,274.8
19975,63,6.4,319.4,313.0
19976,9,0.0,142.6,142.6
19977,75,7.8,331.2,323.4
19978,66,5.2,288.2,283.0
19979,67,6.2,321.2,315.0
19980,66,0.0,313.8,313.8
19981,69,0.8,332.4,331.59999999999997
19982,64,11.8,345.2,333.4
19984,11,0.0,131.6,131.6
19986,32,0.0,146.0,146.0
19987,75,12.6,352.0,339.4
19988,79,6.0,279.0,273.0
19989,32,12.6,176.4,163.8
19990,13,5.4,127.0,121.6
19991,76,2.6,347.0,344.4
19992,14,0.0,150.6,150.6
19993,93,1.2,337.4,336.2
19995,74,2.4,344.4,342.0
19996,8,16.4,158.8,142.4
19998,6,0.0,132.6,132.6
20000,10,0.0,157.8,157.8
20002,28,0.0,310.8,310.8
20003,15,8.8,331.8,323.0
20004,80,0.8,318.4,317.59999999999997
20005,66,6.6,320.0,313.4
20006,75,1.2,290.0,288.8
20007,38,20.4,194.4,174.0
20008,32,25.0,315.0,290.0
20009,73,8.2,324.4,316.2
20010,56,1.6,200.0,198.4
20012,49,5.4,143.6,138.2
20013,11,12.2,122.4,110.2
20014,67,0.0,299.6,299.6
20015,82,14.8,348.0,333.2
20018,57,2.0,169.6,167.6
20019,96,2.6,209.4,206.8
20021,139,9.0,324.2,315.2
20024,74,17.4,288.8,271.40000000000003
20025,32,0.0,124.4,124.4
20026,68,8.6,332.6,324.0
20027,69,0.0,283.4,283.4
20028,18,0.8,254.2,253.39999999999998
20029,108,7.0,298.8,291.8
20030,76,7.0,336.6,329.6
20031,81,0.0,328.4,328.4
20032,56,7.4,337.6,330.20000000000005
20033,112,7.0,309.4,302.4
20034,12,17.8,166.6,148.79999999999998
20037,6,29.4,103.4,74.0
20038,31,1.2,140.4,139.20000000000002
20039,45,12.6,136.4,123.80000000000001
20041,93,1.2,319.2,318.0
20042,64,12.6,246.8,234.20000000000002
20043,73,0.0,297.6,297.6
20044,81,1.0,342.4,341.4
20045,71,2.6,340.8,338.2
20047,113,12.6,309.4,296.79999999999995
20050,22,0.2,123.6,123.39999999999999
20051,6,11.8,144.4,132.6
20053,39,11.8,299.2,287.4
20054,78,2.0,336.0,334.0
20055,82,0.2,330.0,329.8
20056,58,10.8,289.2,278.4
20057,88,6.0,324.8,318.8
20058,30,4.2,170.8,166.60000000000002
20060,27,4.8,146.2,141.39999999999998
20061,63,1.8,276.6,274.8
20063,56,2.6,307.2,304.59999999999997
20064,32,8.4,341.0,332.6
20067,30,9.4,137.6,128.2
20068,36,10.8,337.2,326.4
20071,49,20.0,316.6,296.6
20072,66,12.2,302.4,290.2
20075,27,5.2,140.8,135.60000000000002
20076,78,11.0,320.6,309.6
20077,26,5.2,141.6,136.4
20079,66,13.2,298.8,285.6
20080,29,0.2,138.8,138.60000000000002
20081,65,11.0,288.4,277.4
20083,36,4.6,178.0,173.4
20084,67,11.4,289.0,277.6
20086,77,5.8,333.8,328.0
20087,69,4.4,342.0,337.6
20090,58,4.4,286.4,282.0
20093,47,5.0,209.0,204.0
20094,73,4.4,301.4,297.0
20096,49,8.4,198.4,190.0
20097,51,8.4,348.0,339.6
20099,72,2.4,340.0,337.6
20100,76,6.6,313.4,306.79999999999995
20101,58,0.8,326.8,326.0
20102,75,0.2,341.8,341.6
20103,49,2.2,243.0,240.8
20104,65,6.2,290.4,284.2
20105,67,9.6,334.4,324.79999999999995
20107,55,10.6,318.0,307.4
20108,27,8.2,141.4,133.20000000000002
20109,42,22.0,244.2,222.2
20112,71,0.8,320.0,319.2
20113,49,8.8,289.6,280.8
20114,43,0.0,279.8,279.8
20115,28,4.6,140.2,135.6
20117,55,1.0,288.0,287.0
20118,29,0.2,144.6,144.4
20121,19,4.0,82.8,78.8
20122,64,5.8,329.0,323.2
20123,67,8.4,326.2,317.8
20125,58,5.6,334.2,328.59999999999997
20126,27,18.4,141.6,123.19999999999999
20127,26,5.6,137.2,131.6
20128,12,11.2,121.0,109.8
20129,11,10.4,141.0,130.6
20130,45,7.4,281.4,274.0
20132,58,5.8,297.6,291.8
20133,62,13.6,317.6,304.0
20134,92,9.8,341.4,331.59999999999997
20135,74,9.6,318.8,309.2
20136,28,4.8,140.0,135.2
20138,20,0.0,173.8,173.8
20139,33,11.0,326.4,315.4
20141,53,6.0,289.6,283.6
20142,28,24.0,195.8,171.8
20143,23,4.8,137.2,132.39999999999998
20145,54,5.4,275.2,269.8
20146,72,3.0,334.6,331.6
20147,23,5.2,292.0,286.8
20149,7,20.2,136.6,116.39999999999999
20150,38,1.8,261.8,260.0
20152,41,9.8,310.8,301.0
20153,62,11.2,324.2,313.0
20154,82,8.6,346.2,337.59999999999997
20156,27,5.0,133.8,128.8
20158,18,0.4,239.8,239.4
20160,18,0.0,325.0,325.0
20161,42,8.6,291.6,283.0
20162,47,1.6,285.6,284.0
20163,34,6.8,247.0,240.2
20164,69,5.2,315.2,310.0
20169,82,5.2,336.0,330.8
20171,103,10.2,302.8,292.6
20172,5,59.8,139.4,79.60000000000001
20173,39,7.0,199.0,192.0
20175,84,15.2,246.6,231.4
20176,29,8.0,146.0,138.0
20177,50,8.4,215.2,206.79999999999998
20178,82,6.4,351.2,344.8
20180,23,1.0,135.4,134.4
20182,63,10.8,343.6,332.8
20183,64,2.6,253.4,250.8
20184,10,19.8,128.2,108.39999999999999
20185,20,2.0,212.4,210.4
20186,34,0.6,176.0,175.4
20187,53,7.0,288.6,281.6
20188,100,3.8,344.4,340.59999999999997
20191,57,7.0,305.4,298.4
20192,53,8.2,288.6,280.40000000000003
20194,33,0.0,336.8,336.8
20196,23,8.2,141.2,133.0
20197,26,0.0,140.6,140.6
20199,82,14.4,337.2,322.8
20200,56,7.0,283.6,276.6
20201,39,1.6,210.6,209.0
20202,35,1.8,210.0,208.2
20203,47,1.8,224.8,223.0
20204,66,5.4,287.4,282.0
20205,9,16.2,136.2,119.99999999999999
20207,31,0.0,142.4,142.4
20208,20,53.4,140.2,86.79999999999998
20209,47,0.6,142.4,141.8
20210,44,9.4,138.6,129.2
20212,57,9.0,207.6,198.6
20213,76,13.2,327.6,314.40000000000003
20216,26,9.0,136.8,127.80000000000001
20217,51,7.0,318.2,311.2
20218,62,3.0,329.2,326.2
20219,64,0.0,312.2,312.2
20220,62,8.4,298.8,290.40000000000003
20221,27,9.6,169.0,159.4
20222,96,4.8,329.0,324.2
20223,32,6.8,199.6,192.79999999999998
20225,46,1.6,197.8,196.20000000000002
20226,8,4.4,127.6,123.19999999999999
20228,12,4.4,140.2,135.79999999999998
20229,69,5.8,335.6,329.8
20230,114,5.0,301.2,296.2
20231,67,1.4,332.8,331.40000000000003
20232,114,2.8,320.6,317.8
20233,75,3.8,327.2,323.4
20235,52,4.2,207.4,203.20000000000002
20236,71,6.0,339.4,333.4
20239,74,3.2,325.0,321.8
20240,80,4.6,215.8,211.20000000000002
20241,110,1.2,323.4,322.2
20242,70,8.6,310.2,301.59999999999997
20243,52,6.8,341.4,334.59999999999997
20244,15,3.8,141.4,137.6
20246,111,6.2,333.2,327.0
20247,69,10.0,347.4,337.4
20248,43,16.0,123.0,107.0
20249,23,4.6,132.4,127.80000000000001
20251,31,4.8,180.2,175.39999999999998
20253,34,4.6,204.0,199.4
20254,69,12.6,338.4,325.79999999999995
20255,57,2.2,217.8,215.60000000000002
20256,79,3.8,309.2,305.4
20257,45,0.2,206.0,205.8
20258,40,22.4,212.4,190.0
20259,43,4.6,278.6,274.0
20262,11,1.4,141.6,140.2
20263,89,5.6,315.2,309.59999999999997
20264,25,0.0,327.8,327.8
20265,46,6.2,267.8,261.6
20266,51,6.8,267.2,260.4
20267,28,6.2,142.4,136.20000000000002
20268,47,6.4,285.0,278.6
20269,43,2.6,198.6,196.0
20270,63,33.4,341.8,308.40000000000003
20271,50,6.2,264.4,258.2
20272,90,4.4,267.4,263.0
20274,26,6.0,141.6,135.6
20276,39,4.6,214.6,210.0
20277,5,2.2,131.0,128.8
20280,41,4.8,215.2,210.39999999999998
20282,39,4.6,218.0,213.4
20283,79,16.6,343.0,326.4
20284,39,14.8,180.8,166.0
20285,29,9.8,140.8,131.0
20287,32,15.4,176.2,160.79999999999998
20288,75,9.6,338.6,329.0
20289,36,20.6,330.0,309.4
20290,107,11.0,333.2,322.2
20291,35,8.0,121.8,113.8
20293,106,7.2,306.2,299.0
20294,68,8.0,208.6,200.6
20296,106,10.8,304.0,293.2
20297,84,1.2,295.0,293.8
20298,25,6.0,140.0,134.0
20299,57,0.0,296.2,296.2
20301,38,6.0,216.6,210.6
20302,27,6.2,152.0,145.8
20303,69,9.0,340.2,331.2
20305,38,4.6,190.4,185.8
20306,64,7.6,291.0,283.4
20307,10,0.4,121.6,121.19999999999999
20308,19,0.0,230.0,230.0
20309,6,9.2,114.2,105.0
20310,33,23.2,271.4,248.2
20311,69,21.0,308.4,287.4
20312,38,12.4,274.0,261.6
20314,68,0.6,292.8,292.2
20315,27,0.0,251.8,251.8
20317,29,0.0,285.0,285.0
20318,75,10.4,314.6,304.20000000000005
20321,17,0.0,79.8,79.8
20322,20,0.0,242.6,242.6
20323,82,0.0,331.4,331.4
20324,7,13.4,132.2,118.79999999999998
20325,31,28.0,207.2,179.2
20326,8,15.6,133.6,118.0
20327,95,15.8,252.6,236.79999999999998
20329,85,15.8,238.0,222.2
20333,51,20.0,139.6,119.6
20334,64,11.2,328.4,317.2
20335,10,4.4,131.2,126.79999999999998
20336,30,17.4,141.2,123.79999999999998
20337,125,7.0,328.4,321.4
20339,94,0.4,325.4,325.0
20341,28,2.6,142.8,140.20000000000002
20343,69,2.0,341.0,339.0
20344,48,4.4,156.6,152.2
20345,65,16.0,347.4,331.4
20346,55,62.6,319.2,256.59999999999997
20348,22,9.2,222.2,213.0
20349,29,2.6,143.2,140.6
20350,51,3.4,224.0,220.6
20351,56,5.8,285.6,279.8
20352,48,3.0,217.0,214.0
20355,14,8.4,123.6,115.19999999999999
20357,49,29.2,297.4,268.2
20358,88,4.6,286.2,281.59999999999997
20359,46,10.4,132.4,122.0
20360,81,9.0,338.0,329.0
20361,70,2.0,310.0,308.0
20362,26,2.6,140.4,137.8
20363,15,3.0,174.2,171.2
20364,61,4.8,272.8,268.0
20367,76,4.4,275.4,271.0
20368,14,2.2,189.6,187.4
20369,87,0.0,330.0,330.0
20370,81,9.2,317.6,308.40000000000003
20372,45,9.0,138.0,129.0
20373,88,7.0,344.2,337.2
20375,58,3.2,250.2,247.0
20376,29,0.0,255.2,255.2
20377,89,9.0,322.8,313.8
20378,85,6.8,342.2,335.4
20379,42,11.0,137.6,126.6
20380,28,1.0,138.0,137.0
20382,23,0.8,216.4,215.6
20383,46,5.8,272.4,266.59999999999997
20386,14,16.2,190.0,173.8
20389,64,5.0,334.4,329.4
20390,29,10.8,142.2,131.39999999999998
20391,112,0.0,346.6,346.6
20392,63,5.6,334.6,329.0
20393,47,8.8,209.4,200.6
20394,113,20.0,343.4,323.4
20396,76,14.8,323.0,308.2
20397,49,10.4,259.4,248.99999999999997
20398,40,6.8,216.6,209.79999999999998
20399,68,0.4,320.2,319.8
20400,65,7.2,332.6,325.40000000000003
20401,62,8.2,303.2,295.0
20402,33,12.8,143.2,130.39999999999998
20403,63,6.4,324.6,318.20000000000005
20404,23,11.2,132.0,120.8
20408,60,4.8,301.8,297.0
20411,57,5.2,245.2,240.0
20412,80,19.0,320.2,301.2
20414,19,0.0,215.4,215.4
20415,19,4.6,269.8,265.2
20416,9,17.4,221.4,204.0
20417,101,0.0,316.6,316.6
20420,59,12.4,336.4,324.0
20422,67,4.6,286.2,281.59999999999997
20423,48,4.8,231.6,226.79999999999998
20424,57,17.6,327.2,309.59999999999997
20425,57,3.2,255.0,251.8
20428,58,4.8,291.2,286.4
20430,56,4.6,310.6,306.0
20431,12,51.0,198.0,147.0
20432,56,6.6,269.2,262.59999999999997
20433,64,2.8,264.0,261.2
20434,81,8.0,339.8,331.8
20435,53,4.4,316.2,311.8
20436,32,4.6,172.4,167.8
20437,32,6.2,138.8,132.60000000000002
20440,76,11.2,328.4,317.2
20441,12,15.8,144.6,128.79999999999998
20443,80,0.4,315.6,315.20000000000005
20445,10,14.0,135.6,121.6
20446,25,14.4,302.8,288.40000000000003
20447,27,4.6,141.0,136.4
20448,76,3.8,332.4,328.59999999999997
20449,75,13.2,334.2,321.0
20450,81,12.0,342.4,330.4
20451,87,6.2,342.4,336.2
20453,82,6.2,346.8,340.6
20454,77,12.4,345.4,333.0
20455,77,12.0,345.6,333.6
20456,112,11.6,309.6,298.0
20457,45,2.6,243.0,240.4
20460,71,6.2,343.8,337.6
20462,27,5.6,126.0,120.4
20463,110,4.0,292.2,288.2
20464,75,7.2,336.8,329.6
20466,33,7.0,289.8,282.8
20468,52,3.6,205.6,202.0
20470,26,1.6,197.4,195.8
20471,89,2.6,290.2,287.59999999999997
20473,77,7.4,334.6,327.20000000000005
20476,75,4.8,316.2,311.4
20477,67,5.4,319.2,313.8
20478,72,6.6,311.8,305.2
20479,72,4.0,323.0,319.0
20480,73,14.0,331.8,317.8
20481,76,4.4,289.0,284.6
20482,11,2.4,125.2,122.8
20483,66,24.4,265.2,240.79999999999998
20484,35,0.0,152.2,152.2
20485,36,6.4,290.8,284.40000000000003
20487,70,4.0,313.4,309.4
20489,12,25.6,145.8,120.20000000000002
20491,99,3.2,315.2,312.0
20492,59,7.6,269.8,262.2
20493,63,4.6,287.4,282.79999999999995
20496,116,6.6,298.8,292.2
20498,102,20.0,297.4,277.4
20499,74,8.4,339.6,331.20000000000005
20500,74,4.4,315.0,310.6
20501,131,4.2,317.0,312.8
20502,15,29.0,334.6,305.6
20503,54,3.6,310.2,306.59999999999997
20505,118,20.4,338.4,318.0
20506,63,9.6,316.0,306.4
20507,68,4.6,346.0,341.4
20508,27,49.0,337.8,288.8
20510,72,12.0,334.4,322.4
20511,128,7.4,313.6,306.20000000000005
20512,108,20.0,314.8,294.8
20513,21,14.8,134.4,119.60000000000001
20514,67,5.0,344.0,339.0
20515,54,7.4,286.0,278.6
20516,53,34.4,265.6,231.20000000000002
20517,73,0.0,305.8,305.8
20518,48,2.4,305.4,303.0
20520,19,2.0,139.2,137.2
20521,76,8.4,337.4,329.0
20523,84,5.4,324.2,318.8
20524,116,20.0,325.0,305.0
20525,7,16.0,140.6,124.6
20526,103,0.8,290.4,289.59999999999997
20527,66,20.4,194.8,174.4
20530,80,8.6,338.4,329.79999999999995
20532,51,6.6,321.4,314.79999999999995
20533,61,11.2,313.0,301.8
20534,28,2.2,141.4,139.20000000000002
20536,48,31.8,331.4,299.59999999999997
20537,48,4.8,177.0,172.2
20538,77,1.6,337.6,336.0
20540,45,2.4,314.2,311.8
20541,29,6.4,139.4,133.0
20542,90,1.8,320.8,319.0
20544,10,29.6,137.8,108.20000000000002
20545,46,5.6,311.6,306.0
20546,21,0.0,123.4,123.4
20548,27,4.8,142.2,137.39999999999998
20549,91,4.4,314.8,310.40000000000003
20550,51,5.2,318.8,313.6
20551,47,37.0,254.4,217.4
20552,25,2.4,141.6,139.2
20553,46,2.4,335.2,332.8
20554,46,2.4,299.6,297.20000000000005
20557,26,2.4,142.8,140.4
20558,26,12.0,251.8,239.8
20559,80,5.2,340.8,335.6
20560,27,5.8,140.2,134.39999999999998
20562,27,2.6,141.6,139.0
20563,62,33.2,327.8,294.6
20565,60,2.8,316.6,313.8
20567,61,0.0,340.8,340.8
20568,71,13.2,331.8,318.6
20569,48,4.8,334.6,329.8
20570,42,9.8,141.2,131.39999999999998
20571,67,2.6,327.6,325.0
20573,29,4.6,143.0,138.4
20574,11,15.4,135.6,120.19999999999999
20575,34,5.0,143.8,138.8
20576,77,1.0,341.4,340.4
20577,64,4.6,327.2,322.59999999999997
20578,14,7.6,55.6,48.0
20579,83,5.0,312.4,307.4
20580,78,10.6,335.8,325.2
20582,67,6.6,325.2,318.59999999999997
20583,23,5.0,137.4,132.4
20585,33,2.0,142.6,140.6
20586,73,3.6,346.2,342.59999999999997
20587,44,11.8,228.8,217.0
20588,64,4.6,250.4,245.8
20590,38,11.4,179.8,168.4
20591,63,11.0,316.4,305.4
20592,74,5.4,335.4,330.0
20593,39,5.4,193.4,188.0
20594,18,16.4,189.6,173.2
20595,84,8.2,314.8,306.6
20596,71,63.2,340.4,277.2
20597,71,0.2,304.8,304.6
20598,58,4.8,288.4,283.59999999999997
20599,72,6.2,325.4,319.2
20600,62,17.0,333.8,316.8
20601,13,8.4,205.2,196.79999999999998
20602,69,0.0,336.6,336.6
20603,33,8.6,277.4,268.79999999999995
20604,53,14.2,323.0,308.8
20606,73,17.4,324.6,307.20000000000005
20607,83,9.6,331.4,321.79999999999995
20608,65,5.0,344.0,339.0
20610,77,10.4,292.6,282.20000000000005
20611,62,30.2,334.6,304.40000000000003
20612,9,0.4,122.0,121.6
20613,77,4.2,339.0,334.8
20614,45,5.0,217.4,212.4
20615,53,1.8,288.8,287.0
20616,41,12.0,213.6,201.6
20617,88,7.2,314.0,306.8
20618,34,156.8,322.8,166.0
20619,43,4.8,191.8,187.0
20624,72,11.2,331.6,320.40000000000003
20625,53,5.6,330.0,324.4
20626,66,8.2,323.0,314.8
20629,68,10.4,324.8,314.40000000000003
20631,19,11.0,98.2,87.2
20633,59,21.2,280.6,259.40000000000003
20634,108,7.4,328.6,321.20000000000005
20635,24,15.6,138.4,122.80000000000001
20636,104,1.6,322.0,320.4
20638,33,6.8,183.0,176.2
20639,30,1.8,316.8,315.0
20640,38,10.4,276.6,266.20000000000005
20641,50,8.4,324.0,315.6
20642,11,0.0,195.2,195.2
20643,71,7.8,346.8,339.0
20645,13,5.4,74.2,68.8
20646,89,2.2,318.0,315.8
20648,82,2.2,314.8,312.6
20651,33,0.6,145.2,144.6
20652,69,0.0,305.0,305.0
20653,52,2.0,210.8,208.8
20655,16,0.0,129.2,129.2
20656,85,0.0,263.0,263.0
20657,36,0.2,310.0,309.8
20658,68,2.8,311.2,308.4
20660,62,40.6,335.2,294.59999999999997
20661,56,0.8,278.4,277.59999999999997
20662,40,11.8,309.4,297.59999999999997
20664,126,7.0,310.8,303.8
20667,109,19.0,317.8,298.8
20668,92,4.2,340.6,336.40000000000003
20671,77,8.4,321.0,312.6
20672,109,13.2,294.6,281.40000000000003
20675,60,4.2,318.4,314.2
20676,111,19.0,341.4,322.4
20677,112,18.6,332.2,313.59999999999997
20680,44,29.6,275.2,245.6
20682,44,12.4,119.4,107.0
20683,72,3.4,334.0,330.6
20684,53,7.0,290.8,283.8
20685,114,19.0,330.6,311.6
20688,133,12.6,337.4,324.79999999999995
20689,49,6.8,247.8,241.0
20690,77,5.2,199.6,194.4
20693,7,0.0,125.2,125.2
20695,22,7.6,137.2,129.6
20696,115,12.8,319.2,306.4
20697,43,3.8,143.0,139.2
20698,79,0.0,331.6,331.6
20699,31,7.2,181.6,174.4
20700,5,90.6,140.6,50.0
20701,40,4.0,204.4,200.4
20704,23,5.8,136.6,130.79999999999998
20705,81,11.0,323.8,312.8
20706,82,1.6,311.4,309.79999999999995
20711,61,1.8,338.8,337.0
20712,52,7.4,268.8,261.40000000000003
20713,64,7.4,283.4,276.0
20715,27,8.4,135.4,127.0
20716,92,9.0,323.2,314.2
20717,61,7.6,199.0,191.4
20718,41,9.0,135.8,126.80000000000001
20719,67,10.4,340.2,329.8
20720,42,9.0,132.8,123.80000000000001
20721,71,5.0,337.8,332.8
20724,92,10.0,315.8,305.8
20725,78,5.0,325.8,320.8
20727,63,3.6,320.8,317.2
20728,48,2.4,319.6,317.20000000000005
20729,94,2.0,345.4,343.4
20731,40,4.0,214.0,210.0
20732,69,7.0,340.4,333.4
20733,54,5.0,233.4,228.4
20734,55,8.4,276.4,268.0
20735,64,35.2,338.2,303.0
20736,26,9.0,144.4,135.4
20737,70,8.4,312.0,303.6
20738,39,4.8,205.8,201.0
20739,9,0.0,135.6,135.6
20740,73,0.4,281.2,280.8
20741,54,0.2,307.8,307.6
20742,72,5.8,325.8,320.0
20743,66,5.8,286.4,280.59999999999997
20744,52,3.8,282.8,279.0
20745,26,12.0,135.8,123.80000000000001
20747,22,7.2,128.6,121.39999999999999
20750,62,9.4,302.6,293.20000000000005
20751,61,7.0,327.4,320.4
20752,23,18.4,137.0,118.6
20754,85,2.0,331.4,329.4
20756,10,26.8,141.8,115.00000000000001
20757,5,29.8,123.2,93.4
20758,67,7.6,345.8,338.2
20760,70,4.4,327.0,322.6
20763,66,11.6,341.4,329.79999999999995
20765,51,12.2,321.0,308.8
20770,21,25.2,108.6,83.39999999999999
20773,75,3.0,323.2,320.2
20774,28,4.0,134.8,130.8
20776,66,4.2,311.0,306.8
20778,46,4.2,230.8,226.60000000000002
20779,25,6.0,136.2,130.2
20780,67,5.2,285.4,280.2
20781,27,4.2,134.6,130.4
20785,79,8.4,323.2,314.8
20786,11,0.0,178.6,178.6
20787,31,5.4,141.2,135.79999999999998
20788,14,97.0,240.8,143.8
20789,73,10.0,330.0,320.0
20790,13,13.2,179.6,166.4
20791,77,5.2,331.8,326.6
20792,70,4.6,319.8,315.2
20794,42,14.0,309.2,295.2
20796,21,0.0,296.6,296.6
20797,12,7.2,194.2,187.0
20798,6,18.8,159.6,140.79999999999998
20800,39,0.2,191.6,191.4
20801,82,11.2,330.8,319.6
20802,33,0.0,328.8,328.8
20803,79,2.4,320.2,317.8
20804,50,0.0,216.0,216.0
20807,55,18.6,280.2,261.59999999999997
20808,39,12.8,218.0,205.2
20809,74,8.2,332.0,323.8
20812,88,7.4,237.2,229.79999999999998
20813,63,6.0,324.4,318.4
20815,27,2.2,141.4,139.20000000000002
20816,77,9.8,342.4,332.59999999999997
20818,36,10.6,253.4,242.8
20819,19,35.6,137.4,101.80000000000001
20822,25,2.6,139.2,136.6
20823,28,5.0,136.6,131.6
20824,113,14.6,311.0,296.4
20825,74,12.4,328.0,315.6
20826,82,5.2,328.6,323.40000000000003
20827,27,6.4,135.6,129.2
20829,120,0.0,312.2,312.2
20830,24,12.0,136.8,124.80000000000001
20832,67,6.2,328.6,322.40000000000003
20834,101,7.4,339.0,331.6
20835,72,2.6,339.0,336.4
20836,67,33.0,318.6,285.6
20837,55,0.6,327.2,326.59999999999997
20842,70,10.8,318.4,307.59999999999997
20844,115,12.0,308.0,296.0
20845,77,24.0,333.4,309.4
20846,34,17.6,205.2,187.6
20847,27,5.2,139.8,134.60000000000002
20848,114,11.0,291.4,280.4
20849,24,17.8,134.6,116.8
20850,84,5.0,327.0,322.0
20851,65,9.2,163.8,154.60000000000002
20852,77,13.8,321.4,307.59999999999997
20853,70,5.4,336.4,331.0
20854,68,5.8,325.8,320.0
20855,28,11.0,209.2,198.2
20857,82,5.2,338.6,333.40000000000003
20858,11,4.4,119.8,115.39999999999999
20859,56,13.8,294.6,280.8
20860,61,0.0,280.6,280.6
20861,26,9.2,133.2,123.99999999999999
20862,55,5.0,247.8,242.8
20864,52,11.4,299.4,288.0
20865,25,5.2,134.0,128.8
20867,71,10.2,313.0,302.8
20868,58,2.6,261.8,259.2
20870,53,6.2,238.2,232.0
20871,67,8.6,304.4,295.79999999999995
20872,61,10.6,324.0,313.4
20873,29,8.2,272.6,264.40000000000003
20875,77,0.0,331.6,331.6
20876,36,5.6,206.6,201.0
20877,58,6.2,299.6,293.40000000000003
20878,47,6.2,251.8,245.60000000000002
20879,9,3.8,132.6,128.79999999999998
20880,69,8.6,297.8,289.2
20881,80,9.2,331.8,322.6
20884,29,8.6,132.8,124.20000000000002
20886,32,14.8,305.8,291.0
20889,25,11.6,261.8,250.20000000000002
20890,72,5.6,326.0,320.4
20892,14,11.2,80.8,69.6
20894,66,1.0,343.6,342.6
20895,54,6.6,281.8,275.2
20896,12,7.2,170.0,162.8
20898,51,17.4,139.8,122.4
20899,20,3.6,201.8,198.20000000000002
20900,46,11.0,244.2,233.2
20901,73,7.6,320.4,312.79999999999995
20902,8,12.6,169.8,157.20000000000002
20903,75,7.8,332.0,324.2
20905,68,5.0,333.8,328.8
20906,42,5.0,214.8,209.8
20907,27,5.2,139.2,134.0
20910,16,3.6,141.0,137.4
20912,51,0.4,253.6,253.2
20914,81,5.2,344.6,339.40000000000003
20915,45,13.4,236.6,223.2
20916,12,14.2,143.8,129.60000000000002
20917,43,6.2,216.0,209.8
20918,63,13.2,325.0,311.8
20919,46,7.4,241.4,234.0
20920,77,3.8,338.6,334.8
20922,36,61.4,322.0,260.6
20923,54,4.8,288.6,283.8
20924,54,5.0,265.2,260.2
20925,43,2.6,210.2,207.6
20926,11,1.6,133.4,131.8
20927,26,15.2,141.0,125.8
20928,43,1.0,98.8,97.8
20929,53,12.2,304.0,291.8
20931,36,15.6,214.2,198.6
20933,28,5.2,128.8,123.60000000000001
20934,63,23.6,316.6,293.0
20935,73,5.2,327.6,322.40000000000003
20936,108,0.0,327.0,327.0
20938,38,6.0,231.0,225.0
20940,60,3.4,328.6,325.20000000000005
20943,64,2.2,334.2,332.0
20945,44,4.2,207.0,202.8
20946,72,5.8,304.6,298.8
20947,45,11.8,241.4,229.6
20948,42,5.0,211.6,206.6
20949,89,5.0,325.4,320.4
20950,59,12.0,311.4,299.4
20951,108,0.0,283.0,283.0
20952,41,11.2,208.8,197.60000000000002
20953,28,11.0,176.6,165.6
20954,22,11.4,138.8,127.4
20955,54,28.0,275.6,247.60000000000002
20957,27,4.8,139.2,134.39999999999998
20959,27,23.8,217.2,193.39999999999998
20960,75,5.4,335.2,329.8
20961,33,5.2,143.6,138.4
20962,88,4.8,337.2,332.4
20963,73,5.6,328.8,323.2
20965,19,12.4,246.6,234.2
20966,46,13.4,287.0,273.6
20967,43,5.4,239.4,234.0
20968,59,8.6,289.0,280.4
20969,24,2.6,129.6,127.0
20970,69,8.2,320.4,312.2
20972,57,0.2,261.4,261.2
20973,66,8.4,337.8,329.40000000000003
20974,41,28.2,139.2,110.99999999999999
20975,25,0.0,277.0,277.0
20976,11,10.8,134.2,123.39999999999999
20979,62,6.0,329.2,323.2
20982,72,3.8,323.8,320.0
20983,32,6.8,142.8,136.0
20985,51,4.2,305.0,300.8
20986,82,12.0,316.0,304.0
20988,16,6.6,202.8,196.20000000000002
20989,25,0.8,288.2,287.4
20990,70,2.8,295.2,292.4
20991,96,9.8,313.4,303.59999999999997
20992,79,10.0,309.2,299.2
20993,21,4.2,117.8,113.6
20994,14,0.0,190.4,190.4
20995,73,0.0,293.8,293.8
20997,93,7.2,310.8,303.6
20998,14,21.8,136.4,114.60000000000001
20999,61,1.6,273.0,271.4
21000,12,0.0,285.2,285.2
21001,53,0.0,277.4,277.4
21002,63,11.6,295.2,283.59999999999997
21005,73,16.8,311.6,294.8
21006,14,45.2,189.6,144.39999999999998
21007,79,0.0,277.8,277.8
21008,27,0.6,298.8,298.2
21010,10,0.0,141.0,141.0
21011,66,0.0,330.6,330.6
21012,123,6.6,340.4,333.79999999999995
21013,45,3.0,210.6,207.6
21014,27,4.2,140.6,136.4
21018,45,11.0,224.6,213.6
21020,48,7.6,304.4,296.79999999999995
21022,53,12.4,244.4,232.0
21023,63,1.6,306.4,304.79999999999995
21024,66,8.4,334.0,325.6
21026,27,3.6,132.8,129.20000000000002
21027,69,0.0,328.0,328.0
21028,11,4.8,142.8,138.0
21030,122,3.8,311.2,307.4
21031,63,11.6,212.8,201.20000000000002
21032,52,4.2,283.2,279.0
21033,67,5.0,317.2,312.2
21034,43,3.6,213.6,210.0
21035,35,6.4,206.4,200.0
21036,72,4.4,326.6,322.20000000000005
21038,43,4.0,214.8,210.8
21039,116,6.6,341.8,335.2
21040,23,2.8,139.2,136.39999999999998
21042,123,4.8,319.8,315.0
21047,62,5.0,313.0,308.0
21048,43,3.6,273.2,269.59999999999997
21049,74,14.4,317.8,303.40000000000003
21050,27,7.6,139.2,131.6
21051,30,4.4,159.6,155.2
21054,118,6.8,304.0,297.2
21055,66,10.6,336.0,325.4
21056,77,6.8,338.8,332.0
21058,85,5.8,210.4,204.6
21059,35,0.0,138.0,138.0
21060,57,8.2,280.0,271.8
21062,25,5.8,130.0,124.2
21063,45,4.2,216.2,212.0
21064,80,0.8,324.6,323.8
21065,8,7.0,123.2,116.2
21066,74,2.2,321.8,319.6
21067,99,2.8,313.8,311.0
21068,54,4.4,302.8,298.40000000000003
21071,24,5.0,137.0,132.0
21072,66,14.4,315.6,301.20000000000005
21073,22,3.6,119.2,115.60000000000001
21074,85,10.6,322.0,311.4
21077,31,1.4,138.6,137.2
21080,27,5.8,136.6,130.79999999999998
21081,27,15.4,137.2,121.79999999999998
21084,39,0.0,202.6,202.6
21085,55,12.0,289.8,277.8
21086,73,16.6,326.0,309.4
21087,73,5.4,336.8,331.40000000000003
21089,40,4.4,218.2,213.79999999999998
21090,59,36.4,326.0,289.6
21091,97,5.0,246.4,241.4
21094,28,12.4,136.8,124.4
21095,30,6.0,142.4,136.4
21096,71,45.6,327.0,281.4
21097,51,4.4,217.8,213.4
21098,80,8.6,331.8,323.2
21099,112,13.2,326.4,313.2
21100,42,4.6,215.2,210.6
21101,57,4.4,133.0,128.6
21102,16,5.6,143.0,137.4
21103,54,4.4,228.2,223.79999999999998
21104,57,4.4,259.6,255.20000000000002
21105,5,13.0,115.2,102.2
21108,33,3.6,166.6,163.0
21109,59,2.6,297.2,294.59999999999997
21110,58,4.6,306.6,302.0
21112,56,32.8,311.8,279.0
21115,57,1.8,153.6,151.79999999999998
21116,51,14.4,270.6,256.20000000000005
21117,17,9.4,143.2,133.79999999999998
21118,53,4.8,337.0,332.2
21119,40,4.6,184.0,179.4
21120,72,9.2,327.6,318.40000000000003
21121,23,9.8,282.2,272.4
21122,51,4.8,257.2,252.39999999999998
21123,49,15.2,175.0,159.8
21124,50,3.4,277.4,274.0
21125,34,4.0,131.8,127.80000000000001
21127,42,4.2,212.8,208.60000000000002
21128,42,23.2,215.0,191.8
21129,52,2.8,283.6,280.8
21130,55,13.8,312.2,298.4
21131,61,4.6,315.6,311.0
21133,51,5.0,203.6,198.6
21134,20,14.6,216.2,201.6
21137,48,4.0,216.8,212.8
21138,8,13.4,141.6,128.2
21140,42,4.8,210.2,205.39999999999998
21141,115,4.8,295.4,290.59999999999997
21142,13,14.2,169.0,154.8
21146,50,5.4,233.2,227.79999999999998
21147,51,14.0,304.2,290.2
21148,107,9.2,318.4,309.2
21149,61,3.8,253.6,249.79999999999998
21150,83,0.4,302.8,302.40000000000003
21151,27,5.4,140.4,135.0
21153,28,4.2,128.4,124.2
21155,11,7.8,170.2,162.39999999999998
21157,57,4.4,249.0,244.6
21159,63,5.2,285.8,280.6
21160,50,8.4,204.8,196.4
21161,37,9.8,213.8,204.0
21162,70,5.6,329.8,324.2
21165,40,84.6,284.2,199.6
21167,15,0.0,193.4,193.4
21168,25,5.0,178.4,173.4
21170,78,2.6,330.2,327.59999999999997
21171,9,18.6,139.2,120.6
21173,109,12.8,327.0,314.2
21174,72,10.2,325.6,315.40000000000003
21176,5,1.6,146.0,144.4
21177,25,4.0,140.0,136.0
21179,33,2.6,137.4,134.8
21180,43,5.0,228.8,223.8
21181,7,23.2,135.6,112.39999999999999
21182,73,15.4,324.0,308.6
21183,24,22.2,129.4,107.2
21187,117,11.0,284.2,273.2
21188,122,20.2,299.2,279.0
21190,36,6.2,214.8,208.60000000000002
21191,121,12.8,327.8,315.0
21194,69,4.0,203.2,199.2
21196,93,11.4,303.6,292.20000000000005
21197,37,11.8,337.2,325.4
21198,54,13.4,292.6,279.20000000000005
21199,111,9.8,328.2,318.4
21201,7,3.8,130.4,126.60000000000001
21202,127,4.8,319.8,315.0
21203,81,5.6,320.0,314.4
21204,35,4.4,181.8,177.4
21205,114,4.8,308.6,303.8
21207,27,0.0,277.8,277.8
21210,110,3.4,308.8,305.40000000000003
21213,49,5.8,311.0,305.2
21214,45,8.6,201.8,193.20000000000002
21215,134,3.0,328.0,325.0
21216,57,2.6,321.0,318.4
21217,41,20.4,316.8,296.40000000000003
21218,58,6.4,316.8,310.40000000000003
21219,13,15.6,131.6,116.0
21220,84,9.8,313.0,303.2
21221,77,11.0,311.2,300.2
21225,82,3.2,336.0,332.8
21226,69,8.0,313.8,305.8
21227,100,1.6,314.0,312.4
21228,65,34.8,287.8,253.0
21230,66,2.2,314.0,311.8
21231,9,49.0,139.0,90.0
21233,23,9.8,155.2,145.39999999999998
21234,12,0.2,284.4,284.2
21235,5,18.8,104.2,85.4
21236,33,13.6,301.2,287.59999999999997
21237,76,16.2,318.2,302.0
21238,21,0.0,235.8,235.8
21239,18,0.2,307.2,307.0
21240,80,5.8,308.2,302.4
21241,50,8.6,276.4,267.79999999999995
21243,58,0.0,278.2,278.2
21244,79,1.6,341.6,340.0
21246,8,3.0,127.8,124.8
21248,23,26.0,142.8,116.80000000000001
21252,42,9.8,216.6,206.79999999999998
21253,35,100.8,241.4,140.60000000000002
21254,10,11.6,141.2,129.6
21255,24,3.4,131.0,127.6
21256,64,2.4,325.2,322.8
21258,8,13.6,167.8,154.20000000000002
21259,51,4.8,276.8,272.0
21260,31,8.6,218.0,209.4
21261,122,5.8,308.4,302.59999999999997
21262,58,16.8,332.2,315.4
21263,15,10.0,166.6,156.6
21264,24,2.8,137.4,134.6
21265,23,6.6,131.2,124.6
21267,38,7.2,216.8,209.60000000000002
21268,9,7.8,121.0,113.2
21270,59,1.8,330.0,328.2
21271,36,5.0,175.2,170.2
21273,72,5.0,312.4,307.4
21274,37,4.0,198.6,194.6
21275,78,5.0,327.6,322.6
21276,52,1.4,209.4,208.0
21278,53,5.4,323.4,318.0
21279,40,4.0,209.8,205.8
21280,22,22.6,142.2,119.6
21281,26,14.2,144.0,129.8
21283,53,34.2,332.0,297.8
21285,40,5.4,211.0,205.6
21289,68,8.6,302.2,293.59999999999997
21290,38,4.2,201.6,197.4
21291,87,7.0,324.8,317.8
21292,9,49.4,142.0,92.6
21293,50,18.6,288.2,269.59999999999997
21294,64,9.4,323.8,314.40000000000003
21295,22,3.0,120.2,117.2
21299,6,33.6,131.2,97.6
21300,39,3.6,199.8,196.20000000000002
21301,26,11.8,143.4,131.6
21302,70,5.4,337.2,331.8
21303,40,17.8,217.6,199.79999999999998
21305,69,11.4,334.0,322.6
21306,14,0.0,99.4,99.4
21307,38,3.6,207.4,203.8
21308,12,12.6,263.6,251.00000000000003
21309,21,0.0,145.0,145.0
21311,33,3.6,286.8,283.2
21313,66,13.2,321.2,308.0
21314,77,9.0,323.0,314.0
21316,69,8.8,317.2,308.4
21317,59,5.4,287.6,282.20000000000005
21319,21,7.0,138.0,131.0
21321,27,4.2,138.8,134.60000000000002
21322,85,4.8,330.6,325.8
21323,11,0.6,141.6,141.0
21324,11,0.6,121.6,121.0
21325,48,3.8,326.0,322.2
21327,71,10.6,311.0,300.4
21331,23,3.6,123.2,119.60000000000001
21332,55,11.0,276.8,265.8
21333,64,22.6,319.8,297.2
21334,14,18.4,220.0,201.6
21336,60,4.2,312.4,308.2
21337,109,0.0,333.2,333.2
21339,34,3.6,178.0,174.4
21340,74,5.0,328.4,323.4
21344,26,3.6,136.6,133.0
21345,104,5.8,336.8,331.0
21346,25,3.4,143.8,140.4
21347,28,6.2,136.6,130.4
21348,24,11.8,138.8,127.00000000000001
21349,26,4.2,139.8,135.60000000000002
21350,53,13.0,306.6,293.6
21351,10,8.8,134.6,125.8
21353,54,13.4,143.6,130.2
21355,46,8.2,313.8,305.6
21358,62,77.6,328.0,250.4
21359,115,11.6,320.4,308.79999999999995
21360,52,12.0,140.0,128.0
21361,35,5.2,142.0,136.8
21362,13,0.0,102.4,102.4
21363,50,7.2,324.8,317.6
21364,47,15.2,325.0,309.8
21365,72,11.6,182.0,170.4
21366,38,5.6,201.0,195.4
21367,98,23.2,286.6,263.40000000000003
21368,10,21.4,119.8,98.4
21369,79,4.8,330.8,326.0
21370,30,0.0,142.4,142.4
21371,18,8.8,327.2,318.4
21372,60,24.4,323.2,298.8
21373,43,5.8,318.4,312.59999999999997
21374,63,8.6,303.2,294.59999999999997
21375,9,19.4,132.6,113.19999999999999
21379,121,11.6,324.6,313.0
21381,120,11.6,313.8,302.2
21383,83,3.8,300.8,297.0
21384,62,7.4,308.6,301.20000000000005
21385,41,5.0,215.4,210.4
21387,33,3.6,312.4,308.79999999999995
21388,40,5.8,315.4,309.59999999999997
21389,85,5.6,333.0,327.4
21390,11,12.0,145.0,133.0
21392,111,24.0,306.0,282.0
21393,119,11.6,319.6,308.0
21394,56,34.6,285.4,250.79999999999998
21398,25,7.4,126.0,118.6
21400,78,4.8,323.8,319.0
21401,30,5.8,133.0,127.2
21403,95,5.0,329.8,324.8
21405,33,21.4,134.8,113.4
21406,47,3.6,183.4,179.8
21407,70,1.6,290.4,288.79999999999995
21408,63,15.2,315.2,300.0
21409,68,4.2,301.0,296.8
21410,59,18.8,305.4,286.59999999999997
21411,16,44.6,116.8,72.19999999999999
21412,8,12.6,115.6,103.0
21413,68,6.0,306.6,300.6
21414,14,15.6,172.8,157.20000000000002
21415,18,16.0,172.4,156.4
21416,33,4.8,154.0,149.2
21417,6,28.0,136.6,108.6
21418,17,4.4,92.4,88.0
21419,37,7.8,301.8,294.0
21421,69,12.8,316.4,303.59999999999997
21422,79,5.2,330.6,325.40000000000003
21423,21,26.8,144.4,117.60000000000001
21425,64,26.6,318.0,291.4
21427,50,17.2,319.4,302.2
21428,70,10.6,322.2,311.59999999999997
21429,27,0.0,268.8,268.8
21430,46,6.2,215.8,209.60000000000002
21431,30,8.4,296.8,288.40000000000003
21432,22,4.0,202.0,198.0
21433,32,1.4,301.6,300.20000000000005
21434,7,4.8,119.0,114.2
21435,67,0.2,282.8,282.6
21436,26,3.2,144.8,141.60000000000002
21437,33,0.0,144.2,144.2
21441,39,10.4,185.2,174.79999999999998
21442,34,1.8,142.6,140.79999999999998
21443,74,2.4,320.6,318.20000000000005
21445,40,3.0,296.6,293.6
21449,24,4.6,127.0,122.4
21452,45,6.6,319.2,312.59999999999997
21454,30,4.8,170.2,165.39999999999998
21456,27,4.6,144.6,140.0
21457,41,9.2,177.4,168.20000000000002
21460,102,70.0,312.8,242.8
21461,54,43.8,296.2,252.39999999999998
21462,67,9.6,308.2,298.59999999999997
21463,73,10.8,310.4,299.59999999999997
21465,88,0.0,326.2,326.2
21466,65,5.0,323.2,318.2
21467,48,5.2,237.6,232.4
21468,74,6.4,290.6,284.20000000000005
21469,31,0.8,298.8,298.0
21470,18,18.2,209.4,191.20000000000002
21471,32,8.0,217.0,209.0
21474,64,47.8,295.2,247.39999999999998
21479,23,2.4,136.0,133.6
21480,42,3.8,297.0,293.2
21481,51,2.4,277.0,274.6
21482,42,2.4,209.0,206.6
21483,49,2.4,228.4,226.0
21485,64,12.0,326.6,314.6
21486,67,3.0,336.0,333.0
21488,65,4.4,305.0,300.6
21490,56,9.0,279.4,270.4
21491,39,3.4,289.0,285.6
21496,43,8.8,216.6,207.79999999999998
21497,37,1.4,252.8,251.4
21498,12,14.8,177.8,163.0
21499,55,3.6,326.0,322.4
21500,13,0.0,72.8,72.8
21502,45,6.0,215.0,209.0
21503,63,2.2,309.2,307.0
21504,67,5.4,313.8,308.40000000000003
21505,57,4.2,287.4,283.2
21506,26,5.2,141.6,136.4
21507,46,8.6,228.0,219.4
21508,54,0.8,229.6,228.79999999999998
21509,42,6.8,199.8,193.0
21510,52,7.4,311.2,303.8
21511,68,5.0,307.0,302.0
21512,24,7.4,226.4,219.0
21514,29,8.8,143.6,134.79999999999998
21515,10,22.4,217.8,195.4
21518,55,22.0,239.6,217.6
21519,50,5.0,217.6,212.6
21520,14,0.6,199.2,198.6
21521,65,10.8,314.8,304.0
21522,44,8.8,215.8,207.0
21523,50,6.0,234.2,228.2
21524,26,5.6,138.4,132.8
21526,59,6.6,333.4,326.79999999999995
21527,30,3.8,127.8,124.0
21528,44,3.2,237.8,234.60000000000002
21529,25,10.4,141.4,131.0
21532,17,15.2,213.4,198.20000000000002
21533,49,8.6,254.4,245.8
21534,50,11.8,234.6,222.79999999999998
21535,55,22.0,240.6,218.6
21537,61,6.8,289.0,282.2
21538,32,15.8,207.2,191.39999999999998
21539,64,4.8,331.0,326.2
21540,47,4.2,216.0,211.8
21541,39,5.2,197.0,191.8
21542,73,13.4,328.4,315.0
21543,69,7.2,309.4,302.2
21544,62,5.0,286.4,281.4
21545,50,10.0,321.8,311.8
21546,35,5.2,178.2,173.0
21547,51,5.0,271.6,266.6
21549,58,10.6,322.6,312.0
21551,17,13.0,198.6,185.6
21552,66,5.8,287.0,281.2
21553,27,9.4,144.0,134.6
21554,27,10.8,139.6,128.79999999999998
21556,27,5.2,136.8,131.60000000000002
21558,7,1.4,152.2,150.79999999999998
21559,37,9.2,209.4,200.20000000000002
21563,67,7.6,326.4,318.79999999999995
21565,71,16.0,300.8,284.8
21568,107,9.8,313.4,303.59999999999997
21569,31,0.0,137.4,137.4
21575,55,0.8,328.6,327.8
21576,67,7.6,315.2,307.59999999999997
21577,60,0.0,214.6,214.6
21578,29,0.0,141.4,141.4
21579,49,10.0,265.4,255.39999999999998
21580,83,5.0,333.0,328.0
21581,21,5.0,109.6,104.6
21582,26,0.8,142.6,141.79999999999998
21583,43,6.0,216.6,210.6
21586,61,6.8,291.0,284.2
21587,64,5.6,328.0,322.4
21590,66,0.8,324.6,323.8
21592,48,5.2,333.4,328.2
21593,30,10.0,173.8,163.8
21594,59,7.2,328.6,321.40000000000003
21597,22,6.2,124.2,118.0
21598,58,4.6,307.0,302.4
21599,62,6.2,278.0,271.8
21600,26,0.6,137.2,136.6
21601,51,11.2,289.8,278.6
21602,9,4.6,119.0,114.4
21603,26,7.2,142.0,134.8
21605,53,7.8,257.4,249.59999999999997
21606,71,5.8,316.0,310.2
21607,31,8.6,164.4,155.8
21610,79,2.8,311.6,308.8
21611,61,16.4,277.2,260.8
21612,48,5.8,325.0,319.2
21613,59,7.2,302.4,295.2
21614,48,6.8,238.0,231.2
21615,13,33.8,250.2,216.39999999999998
21617,78,13.0,330.2,317.2
21619,56,7.4,277.6,270.20000000000005
21622,69,7.6,311.0,303.4
21624,40,5.4,212.4,207.0
21625,69,2.6,290.0,287.4
21629,73,8.0,317.6,309.6
21630,46,14.4,234.6,220.2
21631,58,11.2,238.2,227.0
21632,25,5.6,135.2,129.6
21634,36,2.2,326.4,324.2
21636,22,14.4,123.8,109.39999999999999
21637,63,6.4,327.0,320.6
21638,21,5.2,126.2,121.0
21639,60,4.2,326.2,322.0
21640,27,0.0,115.0,115.0
21641,26,5.0,116.4,111.4
21642,72,12.0,336.8,324.8
21643,86,7.8,316.8,309.0
21644,75,8.0,328.2,320.2
21645,28,3.4,118.8,115.39999999999999
21648,37,5.2,207.2,202.0
21650,69,4.4,325.4,321.0
21652,39,4.4,208.0,203.6
21653,70,5.2,304.6,299.40000000000003
21655,26,6.2,131.8,125.60000000000001
21656,68,15.6,327.8,312.2
21657,62,5.4,326.6,321.20000000000005
21658,6,14.0,126.8,112.8
21660,24,9.8,130.0,120.2
21662,31,11.4,181.6,170.2
21663,50,5.6,332.6,327.0
21664,83,5.2,333.2,328.0
21666,51,8.8,265.6,256.8
21667,63,5.0,321.0,316.0
21668,19,4.4,129.0,124.6
21671,24,2.0,248.2,246.2
21672,41,4.8,215.0,210.2
21673,48,5.6,305.8,300.2
21674,83,0.0,274.4,274.4
21675,67,4.6,318.2,313.59999999999997
21679,20,3.6,189.0,185.4
21681,24,24.4,173.8,149.4
21683,31,5.0,179.2,174.2
21684,26,6.2,154.2,148.0
21685,85,10.0,328.0,318.0
21686,65,9.6,307.4,297.79999999999995
21687,60,8.2,285.2,277.0
21689,41,17.6,216.2,198.6
21691,37,5.6,205.6,200.0
21692,66,9.0,314.0,305.0
21693,59,5.0,296.0,291.0
21694,45,3.2,334.6,331.40000000000003
21695,54,11.8,310.2,298.4
21697,66,5.0,329.0,324.0
21698,26,6.8,131.8,125.00000000000001
21700,52,18.2,264.8,246.60000000000002
21701,63,0.0,312.8,312.8
21704,25,0.0,142.0,142.0
21706,31,2.4,208.8,206.4
21707,35,8.4,179.6,171.2
21708,42,10.2,216.0,205.8
21710,64,5.0,295.4,290.4
21711,6,46.0,287.2,241.2
21714,115,7.8,327.4,319.59999999999997
21715,48,7.8,290.8,283.0
21716,122,6.0,330.6,324.6
21720,46,6.0,252.6,246.6
21721,60,4.8,312.2,307.4
21722,118,8.8,319.8,311.0
21723,53,8.8,231.8,223.0
21724,59,6.4,287.6,281.20000000000005
21726,61,10.0,309.4,299.4
21727,48,0.8,233.2,232.39999999999998
21728,74,2.4,324.8,322.40000000000003
21729,50,5.6,248.4,242.8
21731,50,12.2,291.8,279.6
21734,116,6.0,319.0,313.0
21735,69,4.8,319.8,315.0
21741,52,9.0,290.0,281.0
21742,72,9.0,311.6,302.6
21743,74,2.8,329.8,327.0
21745,35,2.4,292.6,290.20000000000005
21747,56,5.6,293.2,287.59999999999997
21750,112,5.0,304.0,299.0
21751,46,0.6,207.2,206.6
21752,30,9.2,158.2,149.0
21753,47,7.4,319.0,311.6
21754,53,52.6,317.6,265.0
21755,73,3.4,324.0,320.6
21757,19,8.8,216.2,207.39999999999998
21758,54,2.8,212.0,209.2
21759,55,7.4,311.6,304.20000000000005
21760,117,4.8,326.0,321.2
21761,55,3.6,318.0,314.4
21762,118,5.0,324.0,319.0
21767,50,4.4,325.4,321.0
21768,66,5.6,302.4,296.79999999999995
21769,43,14.0,216.0,202.0
21770,23,11.6,319.6,308.0
21771,55,4.8,312.6,307.8
21772,44,13.4,221.8,208.4
21773,29,105.4,315.4,209.99999999999997
21774,47,4.2,202.6,198.4
21775,30,5.4,145.8,140.4
21776,61,2.0,326.0,324.0
21777,72,7.4,324.8,317.40000000000003
21778,20,0.4,246.4,246.0
21779,55,6.2,279.6,273.40000000000003
21781,42,5.0,207.4,202.4
21782,48,5.0,253.2,248.2
21784,23,7.0,175.8,168.8
21785,75,5.0,334.0,329.0
21787,66,0.2,329.2,329.0
21788,56,4.8,314.2,309.4
21789,27,5.0,130.8,125.80000000000001
21790,63,12.2,329.4,317.2
21791,45,8.8,257.6,248.8
21792,72,7.4,331.6,324.20000000000005
21794,35,7.0,167.0,160.0
21796,36,6.2,193.2,187.0
21797,56,10.0,294.8,284.8
21798,56,13.4,289.0,275.6
21799,72,7.4,330.6,323.20000000000005
21800,32,17.4,201.2,183.79999999999998
21801,72,6.8,326.8,320.0
21802,44,8.8,262.8,254.0
21803,36,0.4,141.4,141.0
21806,67,1.2,330.6,329.40000000000003
21807,53,13.6,277.0,263.4
21808,45,7.8,203.6,195.79999999999998
21809,71,8.8,328.0,319.2
21813,62,3.6,321.2,317.59999999999997
21815,18,0.2,83.4,83.2
21817,16,4.8,149.4,144.6
21819,19,4.4,84.6,80.19999999999999
21821,11,2.0,198.6,196.6
21824,27,11.2,138.4,127.2
21825,67,4.4,316.2,311.8
21829,27,26.8,171.6,144.79999999999998
21831,25,20.4,140.0,119.6
21832,26,0.2,249.6,249.4
21833,60,6.2,307.2,301.0
21834,95,4.8,310.8,306.0
21835,16,2.2,291.4,289.2
21836,47,0.2,141.6,141.4
21840,46,17.6,251.6,234.0
21841,58,14.0,315.8,301.8
21843,18,17.0,119.0,102.0
21845,32,0.0,295.0,295.0
21846,47,5.0,254.6,249.6
21847,69,13.0,318.8,305.8
21849,22,8.2,124.6,116.39999999999999
21850,44,15.2,227.8,212.60000000000002
21851,59,8.6,275.2,266.59999999999997
21852,46,5.8,277.8,272.0
21853,60,13.2,264.4,251.2
21854,66,5.6,311.8,306.2
21858,64,4.4,258.8,254.4
21859,64,1.4,303.8,302.40000000000003
21860,16,10.8,214.8,204.0
21861,58,5.2,269.2,264.0
21862,23,13.0,138.0,125.0
21863,61,7.6,313.2,305.59999999999997
21866,56,9.6,322.6,313.0
21867,67,7.0,296.4,289.4
21868,30,3.8,129.4,125.60000000000001
21871,25,4.8,128.8,124.00000000000001
21872,7,11.0,117.4,106.4
21873,23,4.6,131.0,126.4
21876,67,7.2,314.4,307.2
21878,28,5.0,132.2,127.19999999999999
21879,55,1.4,251.6,250.2
21881,64,0.2,317.8,317.6
21882,57,4.8,287.4,282.59999999999997
21884,59,10.6,284.2,273.59999999999997
21885,60,4.8,294.6,289.8
21886,70,0.0,316.4,316.4
21887,55,4.2,275.4,271.2
21889,48,4.8,233.6,228.79999999999998
21891,62,4.6,261.4,256.79999999999995
21893,35,2.2,174.4,172.20000000000002
21894,50,10.4,237.0,226.6
21896,65,0.2,308.6,308.40000000000003
21897,72,0.6,337.6,337.0
21900,19,5.0,90.4,85.4
21901,11,9.4,136.0,126.6
21902,71,7.6,322.2,314.59999999999997
21903,37,16.8,252.2,235.39999999999998
21904,60,8.2,285.0,276.8
21905,27,1.8,136.6,134.79999999999998
21906,49,3.6,227.4,223.8
21907,45,3.8,314.6,310.8
21909,52,4.8,265.4,260.59999999999997
21910,69,8.2,313.4,305.2
21911,80,9.4,312.4,303.0
21913,7,17.4,121.0,103.6
21914,27,3.6,137.6,134.0
21915,56,4.8,324.0,319.2
21916,83,2.8,312.2,309.4
21917,9,14.6,129.8,115.20000000000002
21918,76,5.0,301.0,296.0
21919,58,4.4,249.2,244.79999999999998
21920,63,5.4,316.4,311.0
21923,45,4.6,293.8,289.2
21924,63,58.0,331.6,273.6
21925,24,0.0,141.6,141.6
21926,53,0.0,252.6,252.6
21927,71,12.6,316.6,304.0
21928,73,4.2,293.4,289.2
21929,91,3.6,331.4,327.79999999999995
21931,8,15.0,209.4,194.4
21933,68,3.4,298.4,295.0
21934,13,21.8,188.8,167.0
21935,77,6.8,324.2,317.4
21936,45,16.4,247.8,231.4
21937,29,4.8,147.8,143.0
21939,25,4.8,132.2,127.39999999999999
21940,60,25.6,326.8,301.2
21942,45,7.2,214.0,206.8
21943,66,4.4,287.8,283.40000000000003
21944,38,10.4,202.2,191.79999999999998
21945,19,9.4,247.0,237.6
21946,74,0.6,328.4,327.79999999999995
21947,52,0.8,155.6,154.79999999999998
21950,81,2.4,321.6,319.20000000000005
21951,74,5.6,325.4,319.79999999999995
21952,43,0.0,232.0,232.0
21953,28,4.2,139.2,135.0
21954,9,11.2,144.8,133.60000000000002
21955,73,3.6,318.2,314.59999999999997
21956,24,3.6,112.0,108.4
21957,57,0.6,257.2,256.59999999999997
21958,22,1.0,107.2,106.2
21959,62,7.8,270.6,262.8
21960,32,15.2,177.8,162.60000000000002
21963,22,21.0,131.4,110.4
21964,9,11.8,140.2,128.39999999999998
21966,80,2.4,324.0,321.6
21967,66,5.0,330.6,325.6
21968,62,3.4,274.2,270.8
21969,55,1.6,211.6,210.0
21970,63,4.6,307.2,302.59999999999997
21973,26,7.4,133.4,126.0
21976,29,0.2,227.6,227.4
21977,37,0.8,149.2,148.39999999999998
21978,53,7.6,303.2,295.59999999999997
21981,81,4.8,298.2,293.4
21984,66,12.8,325.4,312.59999999999997
21985,67,8.0,333.4,325.4
21989,28,13.6,320.0,306.4
21990,40,10.2,214.4,204.20000000000002
21991,52,3.2,212.8,209.60000000000002
21992,68,8.6,315.2,306.59999999999997
21994,54,15.6,290.6,275.0
21995,83,9.4,316.4,307.0
21997,51,14.8,287.4,272.59999999999997
21998,52,18.2,277.0,258.8
21999,77,3.6,328.2,324.59999999999997
22000,55,8.8,298.2,289.4
22001,73,8.2,310.0,301.8
22002,58,11.4,265.0,253.6
22003,52,12.0,279.8,267.8
22004,31,12.4,166.4,154.0
22005,48,5.0,224.0,219.0
22006,53,8.2,277.0,268.8
22007,56,14.8,287.0,272.2
22008,31,18.0,166.4,148.4
22011,77,5.8,320.8,315.0
22012,7,18.4,129.6,111.19999999999999
22013,60,4.8,305.0,300.2
22014,57,5.8,244.8,239.0
22015,69,6.6,328.4,321.79999999999995
22016,61,8.2,305.2,297.0
22017,63,4.8,319.0,314.2
22018,66,2.0,316.0,314.0
22019,15,22.6,215.0,192.4
22020,52,8.6,290.0,281.4
22021,59,8.0,288.6,280.6
22022,58,5.0,320.8,315.8
22023,35,7.2,175.8,168.60000000000002
22024,44,5.0,212.8,207.8
22025,78,3.0,329.0,326.0
22026,17,3.6,222.2,218.6
22028,18,0.6,177.8,177.20000000000002
22030,31,3.8,254.2,250.39999999999998
22035,71,14.0,324.6,310.6
22036,42,4.6,209.8,205.20000000000002
22037,65,6.6,273.6,267.0
22040,22,10.6,132.6,122.0
22042,66,0.2,301.0,300.8
22043,26,18.8,143.2,124.39999999999999
22044,21,11.2,186.6,175.4
22045,65,10.6,317.6,307.0
22046,20,3.6,177.2,173.6
22047,63,4.8,299.4,294.59999999999997
22049,23,8.4,126.0,117.6
22050,26,8.4,131.6,123.19999999999999
22052,78,10.8,308.4,297.59999999999997
22053,71,0.0,300.2,300.2
22059,69,5.2,321.4,316.2
22062,61,11.0,313.8,302.8
22063,23,21.2,155.6,134.4
22064,49,11.6,321.8,310.2
22068,66,7.4,283.4,276.0
22069,58,16.2,321.4,305.2
22070,60,11.4,286.8,275.40000000000003
22071,7,17.2,102.2,85.0
22074,51,4.6,240.0,235.4
22075,60,4.6,314.6,310.0
22077,62,0.2,323.4,323.2
22078,61,2.0,316.4,314.4
22079,50,9.0,325.4,316.4
22080,44,17.0,217.0,200.0
22082,37,10.6,209.0,198.4
22083,43,5.0,167.6,162.6
22085,18,17.4,287.6,270.20000000000005
22086,11,14.4,125.4,111.0
22088,75,7.2,333.0,325.8
22089,11,5.8,314.0,308.2
22090,6,9.0,114.8,105.8
22094,38,9.2,314.6,305.40000000000003
22096,51,4.8,211.4,206.6
22097,9,4.2,231.0,226.8
22098,19,1.2,188.8,187.60000000000002
22099,40,6.0,175.8,169.8
22101,67,4.8,328.0,323.2
22102,25,0.0,251.4,251.4
22103,22,10.0,119.0,109.0
22105,51,4.8,227.4,222.6
22107,30,8.4,320.2,311.8
22108,15,1.8,136.6,134.79999999999998
22109,55,5.0,280.4,275.4
22110,61,17.0,291.8,274.8
22117,24,21.2,138.8,117.60000000000001
22119,83,5.2,323.4,318.2
22120,8,9.4,235.2,225.79999999999998
22124,62,3.0,301.2,298.2
22126,88,2.8,332.6,329.8
22127,9,13.4,136.4,123.0
22128,29,8.6,136.2,127.6
22130,52,4.8,259.6,254.8
22131,5,20.6,161.0,140.4
22132,11,4.6,124.8,120.2
22134,32,0.0,292.4,292.4
22138,72,4.4,297.2,292.8
22141,54,4.2,254.2,250.0
22143,72,4.8,324.8,320.0
22144,22,4.8,124.6,119.8
22145,46,0.0,226.4,226.4
22146,31,0.0,297.6,297.6
22147,73,3.8,323.8,320.0
22148,19,13.4,276.4,263.0
22149,74,6.2,329.0,322.8
22150,71,2.6,324.0,321.4
22151,50,4.8,303.8,299.0
22152,76,2.4,323.0,320.6
22153,75,6.0,319.0,313.0
22156,69,8.0,320.4,312.4
22157,28,53.2,174.8,121.60000000000001
22158,69,9.4,321.8,312.40000000000003
22159,57,9.8,294.2,284.4
22160,68,10.0,181.2,171.2
22162,36,1.6,178.8,177.20000000000002
22163,32,8.2,290.0,281.8
22164,79,2.2,321.4,319.2
22165,56,7.4,141.4,134.0
22166,23,15.2,131.2,115.99999999999999
22167,66,15.0,180.8,165.8
22169,8,4.4,133.2,128.79999999999998
22171,113,10.0,317.6,307.6
22172,86,12.0,227.2,215.2
22174,113,9.0,309.4,300.4
22175,25,5.8,197.4,191.6
22177,53,4.8,234.0,229.2
22178,60,9.6,180.0,170.4
22180,110,9.0,322.4,313.4
22181,91,10.0,251.4,241.4
22185,66,25.6,291.2,265.59999999999997
22186,19,0.0,183.6,183.6
22187,74,0.8,311.4,310.59999999999997
22188,73,9.2,322.4,313.2
22190,67,7.8,314.6,306.8
22191,55,8.8,312.0,303.2
22193,60,10.6,318.2,307.59999999999997
22195,57,7.6,282.4,274.79999999999995
22197,23,4.8,127.6,122.8
22198,77,4.6,322.0,317.4
22200,64,6.2,302.0,295.8
22203,68,5.8,305.2,299.4
22205,52,4.8,293.2,288.4
22206,41,0.0,310.6,310.6
22207,58,5.4,279.2,273.8
22208,56,0.4,266.4,266.0
22209,23,59.8,267.0,207.2
22210,49,0.0,217.4,217.4
22211,69,10.0,299.2,289.2
22212,72,4.6,316.2,311.59999999999997
22213,53,9.0,228.8,219.8
22214,72,3.2,291.2,288.0
22215,69,4.8,315.0,310.2
22216,87,1.4,322.2,320.8
22218,80,5.2,294.2,289.0
22219,56,11.6,308.0,296.4
22220,135,30.0,305.0,275.0
22221,64,5.8,321.4,315.59999999999997
22222,25,4.2,131.6,127.39999999999999
22223,51,4.6,241.4,236.8
22224,54,4.0,202.2,198.2
22225,9,4.4,205.6,201.2
22228,53,21.4,279.2,257.8
22229,37,22.8,288.4,265.59999999999997
22230,62,71.2,323.2,252.0
22232,52,5.8,272.0,266.2
22233,70,8.4,298.0,289.6
22235,60,5.0,300.4,295.4
22236,23,9.0,122.8,113.8
22237,45,9.0,202.2,193.2
22239,25,7.0,204.4,197.4
22240,45,2.8,162.4,159.6
22241,54,3.8,214.0,210.2
22242,6,8.2,122.6,114.39999999999999
22243,65,5.0,315.0,310.0
22245,54,5.2,283.8,278.6
22246,45,6.0,215.4,209.4
22248,18,25.2,177.4,152.20000000000002
22250,12,2.2,249.8,247.60000000000002
22251,44,7.4,196.0,188.6
22254,46,29.6,313.6,284.0
22255,45,3.8,209.0,205.2
22258,41,4.6,319.2,314.59999999999997
22260,53,3.8,224.4,220.6
22261,87,4.8,322.8,318.0
22262,47,7.4,199.2,191.79999999999998
22263,45,9.0,212.0,203.0
22265,49,6.6,214.4,207.8
22266,52,8.0,219.2,211.2
22267,50,1.4,210.8,209.4
22268,45,7.4,211.4,204.0
22269,52,2.6,277.8,275.2
22270,29,4.4,140.0,135.6
22274,58,4.2,325.2,321.0
22275,94,7.8,304.0,296.2
22277,44,2.0,184.2,182.2
22278,48,0.4,199.6,199.2
22280,36,6.2,194.4,188.20000000000002
22282,47,4.0,252.0,248.0
22283,46,12.2,306.0,293.8
22285,53,8.6,238.0,229.4
22286,29,5.6,287.6,282.0
22287,48,4.8,254.8,250.0
22289,53,2.8,219.0,216.2
22291,11,0.8,143.0,142.2
22293,46,4.0,211.4,207.4
22294,50,6.6,227.8,221.20000000000002
22295,19,4.6,208.8,204.20000000000002
22296,48,4.6,210.6,206.0
22297,62,0.2,257.0,256.8
22298,47,3.8,238.4,234.6
22299,71,22.6,324.6,302.0
22300,40,2.6,175.4,172.8
22305,30,7.8,142.8,135.0
22308,52,4.4,215.8,211.4
22309,48,8.6,218.8,210.20000000000002
22312,60,8.8,293.4,284.59999999999997
22314,7,17.4,142.8,125.4
22316,67,0.0,321.4,321.4
22317,41,19.0,176.6,157.6
22318,22,16.8,287.8,271.0
22319,61,7.2,302.0,294.8
22320,49,6.6,212.0,205.4
22321,43,3.8,135.2,131.39999999999998
22322,26,5.8,139.6,133.79999999999998
22323,54,8.8,249.2,240.39999999999998
22324,50,6.6,225.8,219.20000000000002
22326,82,7.6,269.8,262.2
22327,60,2.8,274.2,271.4
22329,63,5.4,317.6,312.20000000000005
22330,60,4.8,290.0,285.2
22331,14,0.0,127.4,127.4
22332,16,4.4,120.0,115.6
22335,28,1.4,126.0,124.6
22337,15,2.6,129.2,126.6
22338,20,12.2,141.4,129.20000000000002
22339,56,5.0,257.4,252.39999999999998
22340,31,4.2,140.6,136.4
22341,48,5.0,250.8,245.8
22343,26,10.0,139.0,129.0
22344,53,4.8,222.6,217.79999999999998
22345,19,4.8,236.0,231.2
22346,28,12.4,294.0,281.6
22347,42,3.8,294.8,291.0
22348,52,1.4,241.6,240.2
22350,80,4.8,300.6,295.8
22352,60,8.0,298.0,290.0
22354,49,22.4,286.0,263.6
22355,10,20.4,145.4,125.0
22356,117,5.8,300.2,294.4
22357,43,0.0,217.0,217.0
22358,56,4.8,272.6,267.8
22360,43,12.6,206.4,193.8
22361,14,4.2,120.0,115.8
22362,40,7.0,207.0,200.0
22363,57,4.6,287.8,283.2
22364,57,4.0,271.6,267.6
22366,41,7.2,218.2,211.0
22367,45,19.6,285.6,266.0
22369,21,4.4,205.8,201.4
22371,27,9.4,288.6,279.20000000000005
22373,7,4.2,111.2,107.0
22375,65,4.6,312.2,307.59999999999997
22376,11,4.2,150.8,146.60000000000002
22377,59,5.2,292.2,287.0
22378,25,5.2,182.0,176.8
22380,61,1.4,310.4,309.0
22382,74,2.6,285.4,282.79999999999995
22383,42,5.8,138.6,132.79999999999998
22386,45,2.8,286.0,283.2
22387,28,0.8,222.8,222.0
22388,59,15.2,297.8,282.6
22389,19,54.2,177.8,123.60000000000001
22390,70,6.6,317.8,311.2
22392,36,21.0,304.6,283.6
22393,79,4.6,304.2,299.59999999999997
22394,30,5.8,90.2,84.4
22396,63,4.2,308.8,304.6
22397,36,0.0,177.0,177.0
22403,6,4.8,111.8,107.0
22405,55,5.8,250.6,244.79999999999998
22406,37,5.8,136.4,130.6
22408,64,5.2,278.6,273.40000000000003
22409,15,18.6,82.8,64.19999999999999
22410,6,44.0,92.2,48.2
22411,55,4.6,218.0,213.4
22413,55,85.2,289.4,204.2
22414,52,5.6,251.4,245.8
22416,10,64.4,139.2,74.79999999999998
22417,29,4.2,287.0,282.8
22419,31,47.4,291.0,243.6
22421,23,8.8,284.6,275.8
22423,70,14.8,323.6,308.8
22425,63,61.4,261.2,199.79999999999998
22426,12,4.4,133.6,129.2
22428,84,12.0,302.6,290.6
22429,66,6.0,296.8,290.8
22430,55,5.6,240.2,234.6
22431,22,6.6,136.0,129.4
22432,75,12.0,320.2,308.2
22433,33,5.0,158.8,153.8
22434,43,127.2,288.0,160.8
22437,73,1.0,321.4,320.4
22438,65,0.8,299.2,298.4
22440,71,10.6,302.8,292.2
22441,65,8.8,283.0,274.2
22444,24,10.8,248.2,237.39999999999998
22447,28,6.0,140.2,134.2
22448,70,7.4,269.8,262.40000000000003
22449,61,6.6,263.0,256.4
22451,71,14.8,319.2,304.4
22452,41,11.0,307.2,296.2
22453,64,7.6,286.4,278.79999999999995
22454,68,16.4,307.0,290.6
22455,10,3.2,128.8,125.60000000000001
22457,31,0.6,141.2,140.6
22458,78,6.4,322.8,316.40000000000003
22459,58,48.0,310.0,262.0
22461,74,0.8,283.4,282.59999999999997
22463,69,2.6,294.4,291.79999999999995
22464,71,6.0,286.8,280.8
22465,41,10.2,210.2,200.0
22467,80,10.2,307.4,297.2
22468,61,9.0,322.8,313.8
22470,42,39.2,207.2,168.0
22471,35,20.0,135.0,115.0
22472,38,5.4,185.0,179.6
22473,59,15.0,286.4,271.4
22474,30,7.6,131.0,123.4
22475,25,29.2,247.8,218.60000000000002
22476,64,4.8,317.6,312.8
22477,28,8.6,144.4,135.8
22479,70,1.4,281.0,279.6
22480,73,4.0,316.4,312.4
22481,78,1.0,317.8,316.8
22482,11,8.8,180.2,171.39999999999998
22484,70,6.0,317.2,311.2
22485,65,4.8,286.0,281.2
22487,89,0.2,327.4,327.2
22491,45,8.6,217.6,209.0
22493,42,11.2,266.6,255.40000000000003
22494,68,5.2,289.4,284.2
22495,34,7.4,171.0,163.6
22498,41,10.0,207.8,197.8
22499,64,22.4,325.6,303.20000000000005
22500,62,7.4,285.2,277.8
22505,65,4.8,324.2,319.4
22508,54,5.2,275.4,270.2
22509,62,36.6,321.8,285.2
22510,88,4.6,324.6,320.0
22511,65,1.4,282.0,280.6
22512,55,23.6,285.0,261.4
22514,27,9.8,137.0,127.2
22515,11,10.0,128.8,118.80000000000001
22517,67,6.6,325.0,318.4
22518,108,0.0,321.0,321.0
22524,14,0.8,176.6,175.79999999999998
22526,47,5.8,218.6,212.79999999999998
22527,39,11.8,217.0,205.2
22528,30,6.8,167.8,161.0
22529,26,1.2,134.4,133.20000000000002
22530,56,5.0,283.2,278.2
22531,81,3.4,325.8,322.40000000000003
22533,65,10.8,285.4,274.59999999999997
22534,53,2.0,248.0,246.0
22535,45,3.4,240.8,237.4
22536,71,77.0,323.2,246.2
22538,43,3.4,142.6,139.2
22539,43,5.4,242.2,236.79999999999998
22540,65,6.4,316.2,309.8
22541,24,11.0,296.4,285.4
22542,63,5.0,293.4,288.4
22544,59,4.6,295.2,290.59999999999997
22545,48,20.4,277.2,256.8
22547,38,2.8,170.0,167.2
22548,114,1.8,313.8,312.0
22550,109,21.2,290.4,269.2
22551,76,3.4,296.0,292.6
22552,52,19.4,282.6,263.20000000000005
22554,52,8.6,130.8,122.20000000000002
22555,67,6.2,309.2,303.0
22557,108,4.0,299.4,295.4
22558,65,2.0,166.4,164.4
22559,57,1.0,295.4,294.4
22560,53,5.4,312.8,307.40000000000003
22561,8,5.0,160.8,155.8
22562,47,4.8,217.0,212.2
22563,76,8.0,332.2,324.2
22565,108,1.8,327.2,325.4
22566,61,5.0,319.4,314.4
22567,71,5.0,323.6,318.6
22568,54,16.6,314.8,298.2
22569,53,3.8,314.4,310.59999999999997
22571,14,14.6,238.0,223.4
22572,62,5.0,326.0,321.0
22573,76,1.4,304.4,303.0
22574,66,5.4,326.0,320.6
22575,67,5.0,315.0,310.0
22578,43,14.0,312.4,298.4
22579,48,5.0,215.6,210.6
22581,53,4.2,236.0,231.8
22582,111,0.0,323.2,323.2
22584,18,8.8,159.8,151.0
22585,15,3.4,200.0,196.6
22586,39,1.4,216.2,214.79999999999998
22588,50,4.8,217.6,212.79999999999998
22589,47,14.6,287.8,273.2
22591,70,19.6,325.0,305.4
22592,51,5.8,214.8,209.0
22593,51,4.6,297.2,292.59999999999997
22594,82,0.8,329.4,328.59999999999997
22595,5,7.0,147.8,140.8
22596,12,1.2,123.8,122.6
22597,77,0.0,315.2,315.2
22599,76,2.6,313.4,310.79999999999995
22600,31,4.8,177.2,172.39999999999998
22601,62,4.6,285.6,281.0
22604,29,4.8,285.4,280.59999999999997
22606,85,1.8,323.6,321.8
22607,62,4.4,316.6,312.20000000000005
22608,74,2.8,280.8,278.0
22609,73,6.2,323.6,317.40000000000003
22610,9,12.2,172.2,160.0
22611,29,11.2,278.6,267.40000000000003
22612,43,15.6,301.8,286.2
22614,10,15.2,130.8,115.60000000000001
22616,32,0.2,171.0,170.8
22619,40,14.6,286.4,271.79999999999995
22620,26,6.8,95.4,88.60000000000001
22621,40,10.0,315.0,305.0
22622,43,56.0,317.4,261.4
22623,55,8.0,286.4,278.4
22625,89,5.4,321.8,316.40000000000003
22626,77,5.4,313.6,308.20000000000005
22628,25,15.4,289.0,273.6
22629,9,5.6,141.8,136.20000000000002
22630,8,12.6,139.2,126.6
22631,58,4.2,232.8,228.60000000000002
22632,27,4.4,133.0,128.6
22633,41,2.6,202.6,200.0
22634,64,9.2,321.2,312.0
22635,26,26.6,146.4,119.80000000000001
22637,45,24.0,214.2,190.2
22638,64,29.0,284.2,255.2
22641,34,0.0,306.4,306.4
22642,6,70.0,122.8,52.8
22643,61,24.6,310.2,285.59999999999997
22644,44,2.8,227.0,224.2
22645,66,13.6,317.2,303.59999999999997
22648,66,5.0,311.8,306.8
22649,55,4.8,252.6,247.79999999999998
22650,33,0.0,281.4,281.4
22651,62,4.2,276.6,272.40000000000003
22652,23,8.0,126.2,118.2
22653,41,4.8,215.8,211.0
22655,56,19.6,290.2,270.59999999999997
22656,60,18.2,323.2,305.0
22657,59,2.2,251.8,249.60000000000002
22658,14,15.4,202.2,186.79999999999998
22659,87,2.6,305.4,302.79999999999995
22660,105,2.2,317.2,315.0
22661,56,16.8,315.4,298.59999999999997
22662,82,7.2,272.8,265.6
22664,25,4.2,170.4,166.20000000000002
22665,85,2.0,313.6,311.6
22667,103,2.0,316.4,314.4
22668,37,27.0,217.6,190.6
22670,68,13.4,303.6,290.20000000000005
22671,54,5.2,296.4,291.2
22673,80,4.2,323.4,319.2
22674,70,25.4,316.0,290.6
22677,34,2.8,145.4,142.6
22678,30,6.4,305.8,299.40000000000003
22679,53,3.6,205.8,202.20000000000002
22680,24,4.6,120.8,116.2
22683,66,24.8,323.0,298.2
22684,17,29.6,210.4,180.8
22685,31,17.4,287.0,269.6
22688,43,2.2,292.8,290.6
22689,37,11.6,196.6,185.0
22692,24,29.6,260.6,231.00000000000003
22694,27,3.2,134.8,131.60000000000002
22695,53,3.6,249.8,246.20000000000002
22697,52,4.0,271.0,267.0
22701,54,4.6,316.8,312.2
22704,14,9.8,152.0,142.2
22705,60,4.4,306.6,302.20000000000005
22707,32,4.4,175.6,171.2
22710,35,1.6,306.0,304.4
22711,49,8.0,242.8,234.8
22712,62,9.2,283.0,273.8
22713,20,12.0,257.0,245.0
22714,62,0.8,273.8,273.0
22715,72,1.4,209.2,207.79999999999998
22716,59,0.2,310.4,310.2
22719,67,1.2,323.2,322.0
22720,64,9.4,295.0,285.6
22722,14,3.2,117.4,114.2
22723,21,5.6,192.2,186.6
22724,28,0.0,121.2,121.2
22727,41,5.0,291.8,286.8
22728,6,0.0,93.8,93.8
22729,62,19.4,294.0,274.6
22730,18,0.0,141.4,141.4
22732,69,7.2,314.6,307.40000000000003
22733,42,4.0,302.2,298.2
22734,55,5.4,321.6,316.20000000000005
22736,20,0.4,310.8,310.40000000000003
22737,81,0.8,327.2,326.4
22739,40,1.4,186.0,184.6
22740,77,0.6,324.8,324.2
22741,77,11.2,312.4,301.2
22743,53,4.8,289.4,284.59999999999997
22744,12,0.0,141.2,141.2
22745,66,1.2,312.4,311.2
22746,73,2.2,320.0,317.8
22750,44,7.4,213.8,206.4
22752,56,0.0,283.0,283.0
22753,44,8.4,216.2,207.79999999999998
22756,23,6.4,268.8,262.40000000000003
22757,62,8.4,326.2,317.8
22758,72,2.8,318.8,316.0
22759,65,4.2,292.0,287.8
22760,54,49.2,289.8,240.60000000000002
22761,66,7.6,286.4,278.79999999999995
22763,61,13.4,302.0,288.6
22764,59,2.6,316.8,314.2
22765,116,6.2,320.6,314.40000000000003
22766,68,9.4,290.2,280.8
22767,53,0.0,244.2,244.2
22768,66,4.8,314.2,309.4
22770,44,8.2,312.2,304.0
22771,69,5.8,314.2,308.4
22772,12,9.8,178.8,169.0
22773,101,35.0,290.8,255.8
22774,10,6.2,142.8,136.60000000000002
22775,5,14.0,130.2,116.19999999999999
22776,42,7.2,290.0,282.8
22777,62,5.8,320.4,314.59999999999997
22779,22,19.2,119.4,100.2
22780,71,6.0,321.2,315.2
22782,12,1.2,215.8,214.60000000000002
22783,42,18.0,313.6,295.6
22784,132,0.2,300.0,299.8
22785,55,4.8,301.4,296.59999999999997
22786,35,14.4,207.2,192.79999999999998
22787,14,4.8,171.0,166.2
22788,100,0.0,311.6,311.6
22789,59,4.8,289.4,284.59999999999997
22790,9,17.8,136.8,119.00000000000001
22791,66,0.8,323.4,322.59999999999997
22795,79,0.0,315.0,315.0
22796,7,0.4,119.6,119.19999999999999
22797,22,1.4,120.0,118.6
22798,59,9.0,285.6,276.6
22799,58,4.8,305.2,300.4
22800,50,4.2,276.0,271.8
22802,31,5.6,149.2,143.6
22803,69,4.6,324.2,319.59999999999997
22805,81,6.4,318.4,312.0
22808,63,8.8,287.0,278.2
22810,44,10.4,259.2,248.79999999999998
22811,76,0.0,315.6,315.6
22813,7,28.6,108.4,79.80000000000001
22814,44,4.8,218.2,213.39999999999998
22815,61,14.0,322.8,308.8
22816,14,5.8,116.6,110.8
22819,47,4.0,302.4,298.4
22820,39,4.2,315.0,310.8
22821,39,11.4,301.6,290.20000000000005
22822,40,5.4,205.8,200.4
22823,67,12.6,280.4,267.79999999999995
22824,10,0.0,139.8,139.8
22825,69,12.6,287.0,274.4
22826,56,3.6,211.6,208.0
22827,71,4.8,324.8,320.0
22828,39,4.8,163.0,158.2
22829,61,5.6,277.0,271.4
22830,10,5.6,132.6,127.0
22831,74,0.6,319.6,319.0
22833,68,2.2,242.4,240.20000000000002
22834,54,4.6,273.2,268.59999999999997
22837,35,7.6,169.0,161.4
22838,28,9.8,210.2,200.39999999999998
22839,59,4.6,271.2,266.59999999999997
22840,77,1.4,326.0,324.6
22841,22,0.0,156.0,156.0
22842,78,1.4,315.0,313.6
22845,16,4.2,115.6,111.39999999999999
22846,54,3.0,299.4,296.4
22847,27,4.0,290.8,286.8
22848,45,6.4,224.4,218.0
22852,20,14.2,324.8,310.6
22854,63,0.0,279.6,279.6
22855,8,12.8,181.2,168.39999999999998
22860,14,12.8,289.2,276.4
22861,122,8.4,286.8,278.40000000000003
22862,11,11.4,224.8,213.4
22863,104,12.0,258.2,246.2
22864,124,9.6,286.4,276.79999999999995
22865,20,35.0,235.2,200.2
22868,46,6.2,301.8,295.6
22871,116,5.4,271.4,266.0
22872,27,4.2,211.6,207.4
22873,118,12.0,287.6,275.6
22875,19,1.6,189.6,188.0
22878,34,17.6,310.2,292.59999999999997
22880,50,6.2,298.2,292.0
22881,66,3.6,300.8,297.2
22882,20,0.8,123.0,122.2
22883,65,3.6,299.4,295.79999999999995
22885,24,9.4,132.0,122.6
22886,60,12.8,288.2,275.4
22887,33,9.8,291.6,281.8
22888,66,3.8,291.4,287.59999999999997
22889,49,2.2,214.8,212.60000000000002
22890,13,0.0,142.0,142.0
22891,95,2.6,315.2,312.59999999999997
22893,54,11.4,278.8,267.40000000000003
22894,26,26.6,202.4,175.8
22896,27,8.0,138.6,130.6
22898,46,7.6,250.6,243.0
22899,59,55.6,264.2,208.6
22901,33,1.2,187.8,186.60000000000002
22902,16,20.4,291.2,270.8
22903,24,0.0,135.0,135.0
22905,19,3.6,164.8,161.20000000000002
22906,87,18.0,304.0,286.0
22908,52,6.2,282.2,276.0
22909,63,0.0,280.0,280.0
22912,41,5.6,119.4,113.80000000000001
22913,11,2.6,118.6,116.0
22914,67,17.6,280.0,262.4
22916,24,3.0,178.6,175.6
22917,7,0.0,53.2,53.2
22919,37,1.8,154.2,152.39999999999998
22920,61,8.6,312.0,303.4
22921,11,5.2,139.4,134.20000000000002
22923,21,2.4,102.2,99.8
22925,8,8.4,162.4,154.0
22926,12,0.0,117.4,117.4
22927,8,8.2,121.2,113.0
22928,22,9.0,121.8,112.8
22929,15,9.8,247.8,238.0
22930,8,14.0,132.0,118.0
22932,132,2.6,281.2,278.59999999999997
22934,112,3.8,266.0,262.2
22935,61,1.2,221.2,220.0
22936,29,5.4,142.8,137.4
22937,29,3.4,240.4,237.0
22938,40,1.2,296.2,295.0
22939,11,17.8,138.0,120.2
22940,52,0.6,202.2,201.6
22941,46,5.2,214.2,209.0
22942,54,1.2,299.6,298.40000000000003
22944,23,13.8,141.0,127.2
22945,71,6.2,317.0,310.8
22946,16,3.8,106.6,102.8
22948,33,19.0,179.0,160.0
22950,27,0.0,315.8,315.8
22952,7,18.0,155.2,137.2
22953,67,10.0,307.8,297.8
22954,65,12.6,308.6,296.0
22956,59,4.2,274.4,270.2
22957,23,5.4,148.8,143.4
22958,18,8.6,86.8,78.2
22960,71,3.6,307.4,303.79999999999995
22961,61,6.0,235.2,229.2
22962,62,0.0,314.8,314.8
22964,33,2.4,262.0,259.6
22967,65,4.8,309.0,304.2
22969,74,0.0,287.0,287.0
22972,8,4.2,189.0,184.8
22974,56,1.4,304.8,303.40000000000003
22975,64,1.6,309.8,308.2
22978,52,26.6,313.0,286.4
22979,11,12.0,145.0,133.0
22981,23,5.2,274.0,268.8
22983,50,16.4,291.4,275.0
22986,55,10.0,300.0,290.0
22989,46,16.6,295.6,279.0
22990,51,11.2,239.4,228.20000000000002
22992,52,9.8,283.2,273.4
22995,52,1.2,306.8,305.6
22996,12,11.4,141.8,130.4
22998,71,10.4,302.0,291.6
23000,70,15.4,303.2,287.8
23001,48,4.8,237.6,232.79999999999998
23002,21,19.6,143.0,123.4
23003,15,25.4,132.6,107.19999999999999
23004,73,2.6,294.2,291.59999999999997
23005,13,0.8,165.6,164.79999999999998
23006,28,11.4,281.6,270.20000000000005
23008,47,3.4,221.4,218.0
23009,32,3.0,308.8,305.8
23010,18,4.2,201.8,197.60000000000002
23011,62,0.0,268.2,268.2
23012,44,6.8,236.6,229.79999999999998
23015,45,3.6,221.4,217.8
23017,68,4.4,318.0,313.6
23020,50,3.6,220.0,216.4
23021,46,3.6,221.4,217.8
23022,26,2.6,281.6,279.0
23023,52,2.4,184.6,182.2
23026,40,5.2,258.6,253.40000000000003
23027,39,4.2,288.0,283.8
23028,59,11.2,266.8,255.60000000000002
23031,78,11.4,315.8,304.40000000000003
23032,58,0.4,303.4,303.0
23033,39,4.8,214.2,209.39999999999998
23035,76,3.2,288.6,285.40000000000003
23037,6,17.6,115.8,98.19999999999999
23040,72,4.8,313.8,309.0
23041,64,5.4,292.8,287.40000000000003
23042,76,13.4,314.4,301.0
23043,6,1.0,90.0,89.0
23044,27,13.4,289.8,276.40000000000003
23045,11,19.4,125.8,106.4
23046,71,1.0,307.6,306.6
23047,83,9.8,310.2,300.4
23048,77,21.6,284.2,262.59999999999997
23049,81,6.2,319.6,313.40000000000003
23050,37,17.8,290.6,272.8
23051,39,8.4,259.0,250.6
23052,73,12.6,301.8,289.2
23053,61,6.8,284.0,277.2
23054,50,4.6,245.0,240.4
23059,61,14.2,297.6,283.40000000000003
23061,32,7.2,152.8,145.60000000000002
23062,24,14.8,129.4,114.60000000000001
23064,28,14.0,199.6,185.6
23065,29,16.8,137.8,121.00000000000001
23067,12,8.0,141.8,133.8
23069,37,5.2,174.2,169.0
23070,14,4.4,217.2,212.79999999999998
23072,48,0.0,290.8,290.8
23073,74,4.6,308.6,304.0
23074,28,0.0,159.2,159.2
23075,51,0.6,313.0,312.4
23076,38,4.4,279.6,275.20000000000005
23077,32,4.6,166.2,161.6
23078,41,4.2,203.8,199.60000000000002
23079,67,21.0,295.4,274.4
23080,43,4.0,206.6,202.6
23081,73,1.4,278.4,277.0
23082,124,5.0,307.6,302.6
23083,63,0.0,266.0,266.0
23084,80,0.2,313.8,313.6
23085,67,0.0,299.6,299.6
23087,66,2.6,275.0,272.4
23088,82,1.6,318.0,316.4
23089,64,3.2,279.0,275.8
23092,63,3.4,290.2,286.8
23093,21,0.0,288.6,288.6
23095,99,5.4,317.8,312.40000000000003
23097,69,9.4,279.8,270.40000000000003
23098,12,15.2,214.6,199.4
23099,71,12.8,297.6,284.8
23100,74,6.8,319.0,312.2
23101,53,7.8,233.0,225.2
23102,28,2.8,272.8,270.0
23105,72,42.6,309.4,266.79999999999995
23106,66,1.4,303.4,302.0
23107,53,1.6,285.2,283.59999999999997
23108,65,9.8,316.4,306.59999999999997
23111,31,4.2,140.0,135.8
23113,30,10.8,288.6,277.8
23115,11,8.2,157.4,149.20000000000002
23116,28,6.0,126.4,120.4
23117,21,19.6,165.2,145.6
23118,12,1.2,224.0,222.8
23119,9,11.6,136.0,124.4
23120,78,7.0,268.4,261.4
23121,27,10.0,123.6,113.6
23122,67,5.4,322.2,316.8
23123,20,13.6,314.8,301.2
23125,37,8.4,322.6,314.20000000000005
23128,62,20.6,316.0,295.4
23129,68,25.8,297.8,272.0
23130,28,5.6,144.8,139.20000000000002
23131,7,0.0,131.6,131.6
23132,11,0.6,134.0,133.4
23134,18,9.0,280.0,271.0
23135,46,18.0,312.2,294.2
23136,67,2.8,277.6,274.8
23138,57,10.2,293.2,283.0
23139,13,15.4,266.6,251.20000000000002
23140,28,5.6,138.0,132.4
23141,68,10.6,313.2,302.59999999999997
23142,72,5.6,298.2,292.59999999999997
23143,71,6.2,304.8,298.6
23144,42,3.6,238.4,234.8
23145,68,6.0,283.4,277.4
23147,47,10.0,215.6,205.6
23148,67,4.0,300.2,296.2
23149,66,1.2,285.0,283.8
23150,30,4.2,122.6,118.39999999999999
23151,71,2.2,286.0,283.8
23153,8,13.4,177.6,164.2
23155,25,5.6,131.6,126.0
23156,68,10.4,308.2,297.8
23157,30,9.8,139.4,129.6
23158,75,0.6,290.0,289.4
23159,48,7.2,206.0,198.8
23162,5,17.6,91.0,73.4
23163,30,23.8,298.0,274.2
23164,33,10.2,277.2,267.0
23165,71,19.6,307.2,287.59999999999997
23167,58,5.2,251.4,246.20000000000002
23168,5,4.6,123.4,118.80000000000001
23170,32,13.0,292.4,279.4
23172,16,5.0,116.6,111.6
23173,26,4.6,243.2,238.6
23174,68,2.8,307.2,304.4
23175,66,9.4,300.2,290.8
23179,72,20.4,304.6,284.20000000000005
23180,28,14.4,142.8,128.4
23181,58,4.8,254.6,249.79999999999998
23183,58,5.2,285.8,280.6
23184,35,4.8,298.0,293.2
23185,47,0.0,271.6,271.6
23187,9,47.0,163.2,116.19999999999999
23188,75,15.6,306.4,290.79999999999995
23189,77,5.2,318.0,312.8
23190,83,15.0,308.8,293.8
23191,26,0.4,129.8,129.4
23192,62,11.2,295.0,283.8
23193,106,10.2,278.8,268.6
23194,36,3.6,287.2,283.59999999999997
23196,49,0.8,263.8,263.0
23197,70,5.6,270.4,264.79999999999995
23200,125,9.2,299.6,290.40000000000003
23201,58,34.2,278.0,243.8
23203,48,8.2,281.0,272.8
23205,87,0.4,310.0,309.6
23206,15,4.0,149.4,145.4
23208,66,7.0,304.4,297.4
23209,85,7.0,306.4,299.4
23210,36,11.2,263.2,252.0
23211,82,6.8,297.4,290.59999999999997
23212,24,0.0,136.2,136.2
23213,69,7.0,305.8,298.8
23214,33,2.2,218.2,216.0
23217,26,0.0,131.6,131.6
23219,66,7.0,286.0,279.0
23222,62,5.8,303.6,297.8
23223,70,17.8,319.2,301.4
23224,68,11.4,286.6,275.20000000000005
23225,48,1.2,285.0,283.8
23226,11,18.2,135.8,117.60000000000001
23227,62,12.8,282.8,270.0
23228,25,4.2,133.2,129.0
23230,32,6.8,155.0,148.2
23231,72,2.8,315.0,312.2
23232,79,16.6,286.4,269.79999999999995
23233,54,1.6,311.4,309.79999999999995
23234,70,12.8,307.6,294.8
23235,86,5.2,282.0,276.8
23236,76,0.0,307.6,307.6
23237,37,11.4,289.8,278.40000000000003
23239,67,13.8,284.8,271.0
23240,66,11.2,304.4,293.2
23242,74,5.6,300.2,294.59999999999997
23243,47,19.4,242.0,222.6
23244,57,1.6,306.2,304.59999999999997
23246,12,1.8,142.0,140.2
23247,34,0.0,144.2,144.2
23249,72,8.2,286.6,278.40000000000003
23251,17,16.4,211.0,194.6
23252,23,11.6,170.8,159.20000000000002
23253,86,0.4,304.0,303.6
23254,69,5.0,289.8,284.8
23255,74,11.4,275.4,264.0
23257,59,3.4,249.8,246.4
23258,134,5.2,301.8,296.6
23259,68,3.2,292.2,289.0
23261,52,3.2,312.4,309.2
23262,21,13.0,213.4,200.4
23263,34,3.2,216.0,212.8
23264,80,4.8,280.6,275.8
23266,39,2.0,278.0,276.0
23267,16,0.0,166.6,166.6
23268,28,13.2,256.4,243.2
23269,59,6.0,291.0,285.0
23270,40,2.6,201.6,199.0
23272,71,7.0,314.2,307.2
23273,69,8.8,284.6,275.8
23274,58,4.8,285.6,280.8
23275,84,10.6,317.4,306.79999999999995
23276,56,5.2,311.2,306.0
23277,17,1.8,77.6,75.8
23278,48,8.6,236.0,227.4
23280,25,30.8,156.4,125.60000000000001
23281,10,5.4,273.8,268.40000000000003
23282,60,8.0,298.6,290.6
23283,32,5.6,140.2,134.6
23286,68,8.8,290.4,281.59999999999997
23287,28,5.0,131.6,126.6
23288,38,4.0,288.0,284.0
23289,45,13.4,204.2,190.79999999999998
23290,80,3.2,285.0,281.8
23291,69,8.8,301.8,293.0
23293,26,5.4,124.0,118.6
23294,43,8.8,213.0,204.2
23295,44,4.2,267.0,262.8
23296,75,10.6,284.0,273.4
23299,15,22.4,287.8,265.40000000000003
23300,46,0.0,291.6,291.6
23302,11,9.0,263.2,254.2
23304,31,4.8,146.0,141.2
23305,6,9.0,135.8,126.80000000000001
23306,87,9.6,301.0,291.4
23307,46,0.2,284.6,284.40000000000003
23308,69,5.8,287.0,281.2
23310,52,9.2,256.8,247.60000000000002
23311,66,2.0,313.6,311.6
23312,61,5.0,285.0,280.0
23313,39,2.0,298.2,296.2
23314,53,6.0,294.2,288.2
23315,26,7.4,287.6,280.20000000000005
23316,55,5.4,239.4,234.0
23319,73,6.0,316.4,310.4
23320,65,6.0,306.0,300.0
23322,52,3.0,280.6,277.6
23324,30,7.0,142.4,135.4
23326,75,3.0,304.6,301.6
23328,58,8.4,302.8,294.40000000000003
23331,56,9.8,289.8,280.0
23333,40,0.0,221.4,221.4
23334,69,27.8,278.4,250.59999999999997
23335,61,5.4,305.4,300.0
23336,23,3.2,277.8,274.6
23337,87,7.4,277.6,270.20000000000005
23338,34,9.2,275.2,266.0
23339,26,62.2,276.0,213.8
23340,60,7.4,296.8,289.40000000000003
23341,95,3.4,308.6,305.20000000000005
23343,78,4.8,296.2,291.4
23344,69,1.2,280.8,279.6
23345,29,5.0,147.0,142.0
23346,23,5.4,77.6,72.19999999999999
23347,62,24.4,292.0,267.6
23348,25,4.6,202.2,197.6
23350,83,9.4,287.6,278.20000000000005
23351,30,0.0,142.6,142.6
23353,38,5.4,204.4,199.0
23354,55,0.0,285.4,285.4
23356,14,22.0,246.4,224.4
23357,15,20.0,127.6,107.6
23358,17,24.8,167.2,142.39999999999998
23360,44,3.6,292.8,289.2
23361,56,0.0,297.8,297.8
23365,23,16.6,266.2,249.6
23368,68,0.6,301.8,301.2
23369,52,0.0,278.6,278.6
23372,33,8.2,286.2,278.0
23374,35,7.4,210.2,202.79999999999998
23375,26,14.0,285.0,271.0
23376,23,3.6,165.8,162.20000000000002
23377,23,7.4,142.0,134.6
23378,73,1.0,287.8,286.8
23379,63,7.6,299.4,291.79999999999995
23381,43,6.6,209.8,203.20000000000002
23382,70,13.8,303.4,289.59999999999997
23385,44,24.6,290.4,265.79999999999995
23386,40,4.8,199.2,194.39999999999998
23388,13,0.0,256.0,256.0
23389,48,7.0,294.0,287.0
23390,21,41.4,236.0,194.6
23391,35,4.8,304.6,299.8
23392,43,7.2,293.4,286.2
23393,47,5.2,295.4,290.2
23395,8,29.4,130.8,101.4
23396,13,43.4,204.6,161.2
23397,115,9.8,308.0,298.2
23399,62,4.0,282.0,278.0
23401,14,3.2,143.4,140.20000000000002
23402,28,14.6,292.2,277.59999999999997
23403,28,28.2,138.0,109.8
23404,52,3.8,233.6,229.79999999999998
23405,24,3.2,276.6,273.40000000000003
23406,43,5.0,211.2,206.2
23410,42,2.0,273.2,271.2
23411,52,44.8,290.4,245.59999999999997
23412,40,5.6,281.0,275.4
23414,63,4.2,295.8,291.6
23415,67,1.2,213.6,212.4
23417,43,4.8,287.6,282.8
23418,59,5.4,299.8,294.40000000000003
23419,45,63.6,284.8,221.20000000000002
23420,32,0.2,264.6,264.40000000000003
23421,53,4.0,144.0,140.0
23422,79,4.8,216.8,212.0
23425,45,19.6,292.8,273.2
23427,50,12.2,275.2,263.0
23430,73,1.0,298.8,297.8
23431,55,11.6,287.4,275.79999999999995
23433,9,29.4,245.2,215.79999999999998
23434,9,0.2,220.2,220.0
23435,63,12.2,280.4,268.2
23437,9,7.8,132.4,124.60000000000001
23438,48,12.4,211.2,198.79999999999998
23439,61,8.0,300.2,292.2
23441,10,1.4,119.0,117.6
23443,74,11.2,312.6,301.40000000000003
23444,54,7.8,212.8,205.0
23445,22,7.6,97.6,90.0
23448,66,4.6,311.0,306.4
23449,39,5.2,239.4,234.20000000000002
23451,67,13.6,286.2,272.59999999999997
23452,27,8.4,109.4,101.0
23453,25,2.8,110.8,108.0
23454,83,4.2,259.6,255.40000000000003
23456,47,7.6,230.0,222.4
23457,54,74.4,287.8,213.4
23458,27,8.0,141.2,133.2
23459,46,11.0,269.0,258.0
23460,71,5.2,306.4,301.2
23461,64,10.8,299.0,288.2
23462,59,7.8,294.2,286.4
23463,44,0.0,280.6,280.6
23464,67,3.2,298.2,295.0
23465,68,10.4,306.2,295.8
23466,61,7.6,294.8,287.2
23468,28,11.6,141.8,130.20000000000002
23470,59,6.2,251.4,245.20000000000002
23471,57,8.0,288.2,280.2
23472,27,8.0,232.8,224.8
23474,46,4.8,232.8,228.0
23475,59,4.0,215.6,211.6
23476,54,28.6,283.4,254.79999999999998
23478,26,8.2,145.6,137.4
23479,55,7.4,296.8,289.40000000000003
23480,59,5.6,299.4,293.79999999999995
23481,26,7.4,142.6,135.2
23483,59,4.6,294.6,290.0
23484,33,3.8,278.2,274.4
23485,34,5.0,177.4,172.4
23487,39,0.0,199.8,199.8
23488,10,0.6,131.2,130.6
23489,70,10.8,285.6,274.8
23491,103,3.6,257.4,253.79999999999998
23492,17,2.6,140.4,137.8
23493,56,4.2,307.8,303.6
23494,55,0.6,215.8,215.20000000000002
23495,45,6.0,300.6,294.6
23496,27,6.8,132.6,125.8
23500,21,2.6,249.6,247.0
23501,81,5.2,303.0,297.8
23502,64,1.2,295.8,294.6
23504,51,7.2,246.6,239.4
23506,14,6.6,139.0,132.4
23507,36,11.8,282.2,270.4
23508,43,5.0,217.6,212.6
23509,38,1.4,245.0,243.6
23510,44,0.6,217.2,216.6
23511,38,5.0,203.2,198.2
23512,50,5.0,280.0,275.0
23513,43,5.0,210.8,205.8
23516,65,16.2,296.8,280.6
23517,53,8.4,288.6,280.20000000000005
23519,25,5.0,264.4,259.4
23520,7,6.8,124.0,117.2
23521,70,14.8,290.4,275.59999999999997
23522,30,1.2,217.0,215.8
23523,96,2.8,285.4,282.59999999999997
23524,5,0.4,85.4,85.0
23526,10,12.8,112.4,99.60000000000001
23527,18,19.6,229.8,210.20000000000002
23530,32,7.2,221.0,213.8
23531,10,9.6,145.6,136.0
23533,57,16.2,281.2,265.0
23534,63,16.2,303.8,287.6
23536,30,21.6,162.4,140.8
23537,11,10.4,91.2,80.8
23538,22,3.4,160.4,157.0
23539,58,0.6,291.2,290.59999999999997
23540,35,9.2,242.8,233.60000000000002
23541,51,11.2,280.6,269.40000000000003
23542,78,2.4,289.0,286.6
23543,16,3.4,170.0,166.6
23545,6,0.0,130.2,130.2
23546,18,0.2,233.6,233.4
23547,53,5.8,204.8,199.0
23548,94,3.8,298.0,294.2
23549,54,5.6,203.6,198.0
23550,31,4.2,274.6,270.40000000000003
23551,35,0.0,145.2,145.2
23553,12,5.2,190.4,185.20000000000002
23554,9,5.4,146.2,140.79999999999998
23555,58,6.4,283.6,277.20000000000005
23556,38,4.4,182.2,177.79999999999998
23558,31,12.0,261.8,249.8
23559,63,3.4,278.0,274.6
23560,52,12.2,273.2,261.0
23561,17,0.0,142.0,142.0
23562,52,6.6,213.6,207.0
23563,14,0.6,137.0,136.4
23565,24,7.0,133.0,126.0
23566,16,3.4,86.0,82.6
23567,49,0.6,238.2,237.6
23570,61,17.4,278.8,261.40000000000003
23571,16,14.6,206.6,192.0
23574,8,12.0,199.4,187.4
23575,25,5.6,264.6,259.0
23576,30,4.8,145.6,140.79999999999998
23577,13,0.6,160.8,160.20000000000002
23580,26,1.2,145.6,144.4
23581,12,4.4,206.4,202.0
23583,65,5.4,300.8,295.40000000000003
23585,25,7.4,140.2,132.79999999999998
23586,71,46.2,294.2,248.0
23587,38,1.2,274.6,273.40000000000003
23589,50,18.0,285.8,267.8
23590,17,0.4,226.6,226.2
23591,15,4.0,193.8,189.8
23592,42,7.4,260.4,252.99999999999997
23593,76,4.6,289.2,284.59999999999997
23594,76,6.6,281.6,275.0
23596,43,8.4,274.2,265.8
23597,20,1.4,258.0,256.6
23598,15,11.6,139.6,128.0
23599,32,23.2,261.8,238.60000000000002
23600,54,12.4,271.6,259.20000000000005
23601,68,2.2,292.8,290.6
23603,30,0.0,109.8,109.8
23604,62,8.2,275.0,266.8
23606,30,4.6,148.8,144.20000000000002
23607,14,27.4,166.8,139.4
23608,68,0.8,289.2,288.4
23611,83,5.6,285.8,280.2
23612,9,29.6,241.2,211.6
23613,70,2.4,303.0,300.6
23615,31,13.4,297.0,283.6
23616,22,4.8,131.2,126.39999999999999
23618,13,8.6,77.8,69.2
23619,11,9.4,147.0,137.6
23620,66,5.8,305.2,299.4
23621,46,4.2,288.6,284.40000000000003
23623,39,5.0,202.6,197.6
23624,69,8.2,287.6,279.40000000000003
23625,61,9.6,290.0,280.4
23626,25,0.8,246.4,245.6
23627,33,19.8,302.6,282.8
23629,49,7.6,258.0,250.4
23630,19,7.8,210.0,202.2
23632,81,6.0,304.4,298.4
23634,46,4.6,209.6,205.0
23635,75,4.0,284.4,280.4
23636,63,5.0,284.2,279.2
23637,9,12.6,157.8,145.20000000000002
23638,31,11.2,278.8,267.6
23639,25,7.0,217.0,210.0
23642,18,14.2,178.2,164.0
23646,62,4.4,280.0,275.6
23647,93,8.8,293.6,284.8
23648,25,8.2,214.2,206.0
23649,21,0.0,214.4,214.4
23650,67,2.4,299.6,297.20000000000005
23651,69,5.0,289.0,284.0
23652,15,36.8,138.2,101.39999999999999
23655,70,5.0,303.2,298.2
23656,60,5.0,294.2,289.2
23657,7,25.6,128.8,103.20000000000002
23658,59,6.2,255.4,249.20000000000002
23660,64,2.6,300.8,298.2
23661,10,10.4,141.6,131.2
23662,76,9.6,297.2,287.59999999999997
23665,62,5.0,264.4,259.4
23666,44,0.0,207.2,207.2
23667,13,19.0,123.0,104.0
23669,74,0.4,289.6,289.20000000000005
23670,9,11.8,116.6,104.8
23671,23,5.8,147.6,141.79999999999998
23672,34,1.4,168.4,167.0
23673,64,5.0,282.2,277.2
23674,84,2.2,286.6,284.40000000000003
23675,77,4.0,290.6,286.6
23676,28,7.0,171.6,164.6
23677,8,0.2,113.0,112.8
23678,19,12.0,125.2,113.2
23679,47,6.8,288.2,281.4
23680,52,5.4,297.2,291.8
23681,50,5.6,290.4,284.79999999999995
23682,26,0.0,126.6,126.6
23683,68,5.0,294.0,289.0
23687,69,5.0,299.8,294.8
23689,51,3.4,237.0,233.6
23691,6,9.8,147.0,137.2
23692,76,5.0,301.2,296.2
23693,73,8.2,303.6,295.40000000000003
23696,44,4.8,241.2,236.39999999999998
23697,73,4.0,298.4,294.4
23700,5,7.2,78.4,71.2
23701,75,5.0,299.8,294.8
23702,30,3.8,141.2,137.39999999999998
23705,71,4.4,284.0,279.6
23706,73,4.0,286.6,282.6
23707,59,5.8,284.4,278.59999999999997
23708,9,30.2,141.2,110.99999999999999
23710,46,0.0,220.2,220.2
23711,47,3.2,235.4,232.20000000000002
23713,31,3.6,141.4,137.8
23714,29,4.0,144.0,140.0
23717,46,4.4,215.0,210.6
23718,40,4.0,217.0,213.0
23720,62,8.6,294.6,286.0
23723,62,19.4,295.4,276.0
23724,59,5.4,298.0,292.6
23725,58,6.8,266.0,259.2
23726,30,5.4,148.8,143.4
23727,53,5.6,264.8,259.2
23728,70,5.2,304.0,298.8
23729,61,5.4,297.2,291.8
23731,29,4.4,142.0,137.6
23732,28,16.8,141.0,124.2
23733,5,49.6,152.4,102.80000000000001
23734,11,11.2,246.6,235.4
23735,5,34.6,99.0,64.4
23736,5,57.0,104.8,47.8
23739,57,4.0,295.6,291.6
23741,43,0.0,241.2,241.2
23742,30,15.2,167.2,152.0
23743,5,35.8,151.8,116.00000000000001
23747,56,4.8,291.8,287.0
23748,50,5.6,267.6,262.0
23749,58,5.0,267.6,262.6
23750,10,12.0,146.4,134.4
23751,27,84.6,281.4,196.79999999999998
23752,25,0.2,126.8,126.6
23753,17,9.2,151.6,142.4
23755,63,4.4,291.4,287.0
23756,47,5.0,287.2,282.2
23757,12,48.0,166.2,118.19999999999999
23758,62,8.4,290.8,282.40000000000003
23761,60,8.2,214.8,206.60000000000002
23762,63,0.2,271.8,271.6
23763,60,5.2,239.6,234.4
23764,9,9.2,151.4,142.20000000000002
23766,8,9.0,81.0,72.0
23768,10,5.6,204.2,198.6
23770,27,15.8,290.2,274.4
23771,113,7.6,286.4,278.79999999999995
23772,87,0.0,295.6,295.6
23774,73,1.4,288.8,287.40000000000003
23775,119,8.2,288.8,280.6
23776,83,2.2,295.2,293.0
23778,88,0.0,296.8,296.8
23779,89,5.0,306.4,301.4
23781,28,18.8,143.4,124.60000000000001
23782,66,0.0,292.4,292.4
23783,60,12.0,287.8,275.8
23784,25,5.0,121.8,116.8
23786,82,13.4,285.4,272.0
23787,44,2.8,289.0,286.2
23788,39,7.8,286.4,278.59999999999997
23789,42,5.2,293.8,288.6
23790,36,0.0,179.8,179.8
23791,13,10.8,165.0,154.2
23792,72,5.0,291.2,286.2
23793,38,4.2,181.4,177.20000000000002
23794,41,4.2,292.2,288.0
23795,11,1.2,78.4,77.2
23796,62,1.6,288.4,286.79999999999995
23797,65,0.0,287.0,287.0
23798,41,6.6,253.0,246.4
23799,69,4.0,288.0,284.0
23800,72,0.0,299.2,299.2
23801,75,4.8,300.0,295.2
23803,83,5.8,300.8,295.0
23805,66,6.2,274.4,268.2
23806,53,15.4,144.2,128.79999999999998
23807,85,12.4,302.4,290.0
23809,89,8.4,297.6,289.20000000000005
23810,69,0.0,287.8,287.8
23811,81,0.0,295.8,295.8
23812,28,2.6,285.6,283.0
23813,58,10.4,281.8,271.40000000000003
23814,69,0.0,269.6,269.6
23815,65,9.2,288.2,279.0
23816,76,5.2,302.2,297.0
23817,60,10.2,270.2,260.0
23818,7,22.2,114.4,92.2
23819,46,5.0,255.4,250.4
23824,12,19.6,141.0,121.4
23825,15,16.8,154.6,137.79999999999998
23826,60,5.0,247.6,242.6
23827,29,15.0,207.4,192.4
23828,68,0.8,265.6,264.8
23834,11,24.2,144.2,119.99999999999999
23836,66,9.4,297.4,288.0
23837,50,13.8,269.6,255.8
23838,7,9.8,244.8,235.0
23840,18,9.0,95.0,86.0
23842,64,5.2,289.2,284.0
23845,22,5.0,229.8,224.8
23846,62,9.2,282.6,273.40000000000003
23847,52,14.8,282.6,267.8
23848,37,5.2,176.2,171.0
23849,59,10.2,301.2,291.0
23851,32,5.0,158.2,153.2
23852,68,19.6,290.8,271.2
23854,14,15.6,141.2,125.6
23856,23,3.4,262.4,259.0
23861,20,0.8,176.0,175.2
23862,52,6.4,272.4,266.0
23863,11,4.8,224.6,219.79999999999998
23865,30,18.4,287.6,269.20000000000005
23867,65,5.0,272.2,267.2
23870,25,0.2,216.2,216.0
23873,28,5.0,171.2,166.2
23874,59,3.4,282.0,278.6
23875,127,1.4,277.0,275.6
23876,55,5.0,283.0,278.0
23877,64,5.0,304.0,299.0
23878,56,7.8,278.8,271.0
23879,12,15.4,196.8,181.4
23881,67,5.0,289.8,284.8
23882,20,17.2,180.8,163.60000000000002
23883,53,23.6,279.8,256.2
23884,46,3.8,258.2,254.39999999999998
23886,30,0.2,271.8,271.6
23887,20,0.0,119.2,119.2
23890,93,5.0,282.0,277.0
23891,15,5.8,131.6,125.8
23892,62,8.6,276.0,267.4
23893,32,7.0,191.0,184.0
23894,5,54.2,166.6,112.39999999999999
23896,36,6.6,165.4,158.8
23897,42,1.4,290.8,289.40000000000003
23899,19,17.4,190.8,173.4
23901,59,7.2,287.4,280.2
23902,28,7.6,143.4,135.8
23903,30,4.0,141.8,137.8
23904,32,12.4,172.8,160.4
23906,22,1.4,254.4,253.0
23907,13,6.0,124.8,118.8
23908,61,6.2,280.6,274.40000000000003
23909,64,4.2,284.4,280.2
23910,24,4.6,288.8,284.2
23911,5,13.4,127.6,114.19999999999999
23912,28,4.2,275.8,271.6
23913,72,7.6,273.2,265.59999999999997
23914,79,0.6,291.8,291.2
23915,47,5.0,218.6,213.6
23916,70,15.6,294.2,278.59999999999997
23917,55,5.0,300.4,295.4
23918,109,6.6,283.8,277.2
23919,12,22.0,142.6,120.6
23922,28,4.2,167.2,163.0
23923,46,5.6,213.2,207.6
23924,41,4.8,269.6,264.8
23925,27,16.8,243.6,226.79999999999998
23926,27,5.4,140.2,134.79999999999998
23927,72,5.0,296.6,291.6
23928,23,2.0,160.2,158.2
23929,74,7.8,280.6,272.8
23930,36,10.6,131.8,121.20000000000002
23931,58,5.2,260.2,255.0
23932,40,7.0,207.2,200.2
23934,5,0.0,113.2,113.2
23935,57,5.0,274.0,269.0
23937,71,7.2,297.8,290.6
23938,40,6.4,291.8,285.40000000000003
23939,60,3.2,275.6,272.40000000000003
23940,68,9.2,287.2,278.0
23941,63,0.8,293.0,292.2
23942,57,3.4,277.6,274.20000000000005
23943,53,9.8,219.0,209.2
23945,67,6.2,297.4,291.2
23946,55,4.2,229.0,224.8
23948,75,4.2,293.8,289.6
23950,69,4.8,277.6,272.8
23951,70,5.6,289.6,284.0
23952,42,8.6,186.8,178.20000000000002
23954,44,5.0,284.4,279.4
23958,14,14.8,176.8,162.0
23959,66,7.0,284.6,277.6
23960,42,5.2,228.2,223.0
23962,57,5.8,278.0,272.2
23963,64,2.8,293.0,290.2
23965,14,0.0,173.4,173.4
23967,64,18.0,298.8,280.8
23968,14,4.6,157.6,153.0
23969,67,5.6,281.8,276.2
23970,62,3.8,287.6,283.8
23974,27,3.8,139.0,135.2
23975,63,19.4,282.8,263.40000000000003
23976,45,53.4,259.0,205.6
23978,18,12.8,131.6,118.8
23979,65,8.4,300.0,291.6
23980,42,7.2,169.4,162.20000000000002
23982,60,5.0,298.0,293.0
23983,26,6.0,234.8,228.8
23984,65,11.6,289.8,278.2
23987,67,5.0,266.2,261.2
23988,64,5.0,295.4,290.4
23990,42,15.4,261.6,246.20000000000002
23991,20,4.2,226.4,222.20000000000002
23992,61,4.8,300.0,295.2
23995,14,10.0,126.6,116.6
23996,101,9.8,280.4,270.59999999999997
23997,22,4.8,82.2,77.4
23998,16,14.2,136.4,122.2
23999,12,4.8,72.0,67.2
24000,9,0.4,123.2,122.8
24001,70,6.0,279.2,273.2
24002,45,5.4,208.8,203.4
24004,47,6.8,284.4,277.59999999999997
24005,69,5.0,287.8,282.8
24006,7,25.2,100.8,75.6
24007,10,4.6,103.2,98.60000000000001
24008,74,4.6,260.2,255.6
24009,74,0.8,289.4,288.59999999999997
24010,10,0.2,100.8,100.6
24011,60,3.4,273.4,270.0
24012,73,4.8,299.0,294.2
24013,78,1.0,287.6,286.6
24014,37,5.0,274.0,269.0
24015,61,8.0,288.8,280.8
24019,63,14.4,284.6,270.20000000000005
24020,48,15.4,135.8,120.4
24021,84,17.0,281.0,264.0
24022,93,15.0,294.4,279.4
24023,54,4.6,244.4,239.8
24024,12,14.2,111.2,97.0
24025,28,28.0,208.4,180.4
24027,51,10.2,288.2,278.0
24028,13,4.4,124.4,120.0
24029,16,4.6,177.2,172.6
24031,57,11.0,295.8,284.8
24032,60,4.6,285.4,280.79999999999995
24034,50,4.6,260.6,256.0
24035,65,11.2,293.6,282.40000000000003
24039,63,15.2,291.4,276.2
24040,34,4.6,176.2,171.6
24041,31,5.6,159.8,154.20000000000002
24043,46,11.6,284.4,272.79999999999995
24044,49,3.6,250.4,246.8
24048,59,9.4,288.2,278.8
24049,23,6.2,269.2,263.0
24051,15,35.2,174.0,138.8
24052,39,3.6,250.2,246.6
24054,52,5.2,295.0,289.8
24055,26,4.8,141.0,136.2
24056,29,0.8,253.4,252.6
24057,51,5.0,263.2,258.2
24058,66,4.6,292.2,287.59999999999997
24059,25,2.2,142.2,140.0
24061,52,0.6,257.0,256.4
24062,27,3.4,143.4,140.0
24064,39,4.8,215.0,210.2
24065,58,4.8,280.4,275.59999999999997
24066,55,3.4,289.2,285.8
24067,7,34.8,108.0,73.2
24068,27,4.0,170.8,166.8
24069,42,5.8,206.4,200.6
24070,51,6.4,273.0,266.6
24072,25,4.8,136.2,131.39999999999998
24073,51,7.2,266.0,258.8
24074,56,3.4,281.0,277.6
24075,34,4.6,172.2,167.6
24078,48,5.2,257.2,252.0
24079,21,3.8,122.6,118.8
24083,37,5.6,184.0,178.4
24085,45,5.6,285.6,280.0
24086,23,10.4,127.8,117.39999999999999
24088,53,7.2,268.0,260.8
24089,13,0.0,146.2,146.2
24090,25,31.2,214.8,183.60000000000002
24092,60,5.0,277.2,272.2
24094,32,8.6,214.2,205.6
24095,47,6.4,231.6,225.2
24096,15,3.6,162.0,158.4
24097,34,6.2,176.4,170.20000000000002
24098,42,5.0,217.8,212.8
24099,50,5.0,257.8,252.8
24100,66,4.8,283.8,279.0
24101,37,5.2,197.2,192.0
24102,46,5.2,207.4,202.20000000000002
24103,29,4.8,139.0,134.2
24104,84,13.6,292.4,278.79999999999995
24105,87,11.4,276.6,265.20000000000005
24106,42,7.4,278.2,270.8
24107,30,6.0,137.2,131.2
24108,34,2.6,141.4,138.8
24109,15,2.2,177.0,174.8
24110,35,2.0,171.0,169.0
24111,120,3.0,273.2,270.2
24112,19,0.8,225.0,224.2
24113,18,23.0,255.4,232.4
24114,48,20.0,246.2,226.2
24115,58,6.6,280.4,273.79999999999995
24117,46,11.4,225.0,213.6
24119,16,12.6,206.2,193.6
24120,23,15.8,221.6,205.79999999999998
24122,54,7.2,262.2,255.0
24124,86,0.8,284.0,283.2
24125,15,11.2,144.4,133.20000000000002
24126,38,0.0,292.6,292.6
24127,29,2.8,147.0,144.2
24128,73,3.8,287.0,283.2
24131,45,5.6,217.8,212.20000000000002
24132,35,13.2,279.6,266.40000000000003
24133,64,5.0,296.4,291.4
24134,40,10.4,214.8,204.4
24136,27,2.8,137.2,134.39999999999998
24137,30,5.6,142.6,137.0
24138,46,6.6,245.2,238.6
24141,59,7.6,261.4,253.79999999999998
24142,67,5.8,294.0,288.2
24143,54,4.8,292.6,287.8
24147,59,3.0,230.8,227.8
24148,62,6.0,288.4,282.4
24149,82,11.2,292.0,280.8
24150,86,1.0,292.8,291.8
24152,49,5.2,223.4,218.20000000000002
24153,86,3.8,285.8,282.0
24154,42,3.6,266.0,262.4
24156,95,7.8,286.6,278.8
24157,66,3.2,258.2,255.0
24158,63,11.6,282.6,271.0
24159,104,5.0,262.0,257.0
24160,57,0.6,267.6,267.0
24162,63,5.0,289.2,284.2
24163,111,8.2,274.2,266.0
24165,16,28.8,211.2,182.39999999999998
24166,74,2.8,296.8,294.0
24167,13,70.0,168.8,98.80000000000001
24171,72,3.6,295.0,291.4
24173,66,2.8,285.2,282.4
24174,10,0.0,198.0,198.0
24175,21,1.0,236.8,235.8
24176,56,2.6,275.0,272.4
24182,42,4.8,215.2,210.39999999999998
24183,40,3.2,150.0,146.8
24184,59,16.2,276.8,260.6
24185,40,2.2,252.2,250.0
24186,24,0.2,289.8,289.6
24189,74,0.6,272.2,271.59999999999997
24191,28,3.6,230.2,226.6
24192,54,4.0,250.2,246.2
24193,27,9.4,237.6,228.2
24195,70,3.8,291.8,288.0
24196,49,28.0,292.4,264.4
24197,69,2.6,289.8,287.2
24198,40,5.6,238.6,233.0
24201,59,4.8,252.4,247.6
24204,37,3.6,276.0,272.4
24205,59,4.4,218.4,214.0
24206,8,12.4,133.6,121.19999999999999
24207,83,10.8,278.6,267.8
24208,62,13.0,288.6,275.6
24209,68,5.4,274.6,269.20000000000005
24212,87,12.0,288.2,276.2
24213,34,11.2,176.0,164.8
24214,40,2.8,179.0,176.2
24215,83,0.0,276.6,276.6
24217,31,0.2,141.6,141.4
24221,47,4.2,284.2,280.0
24223,38,4.8,216.2,211.39999999999998
24224,45,4.0,215.2,211.2
24226,51,4.8,265.6,260.8
24227,39,9.6,188.8,179.20000000000002
24228,63,11.4,288.8,277.40000000000003
24230,55,5.2,282.8,277.6
24231,69,4.4,282.4,278.0
24232,90,9.6,253.4,243.8
24233,70,5.2,288.0,282.8
24234,36,15.2,257.4,242.2
24236,67,4.2,266.2,262.0
24237,61,26.6,255.0,228.4
24239,62,2.2,290.2,288.0
24241,41,0.0,114.4,114.4
24244,64,6.6,286.6,280.0
24245,36,4.2,214.0,209.8
24246,80,0.0,215.0,215.0
24247,89,3.8,247.0,243.2
24252,8,5.8,175.2,169.39999999999998
24254,64,6.8,291.0,284.2
24255,8,0.0,141.0,141.0
24257,16,4.8,142.6,137.79999999999998
24258,66,7.6,296.4,288.79999999999995
24260,30,7.2,138.2,131.0
24261,27,15.4,140.2,124.79999999999998
24262,43,16.2,208.0,191.8
24263,30,5.0,138.2,133.2
24264,78,1.0,289.4,288.4
24265,58,22.4,250.8,228.4
24266,58,10.2,279.0,268.8
24267,59,6.0,295.4,289.4
24269,49,23.0,273.4,250.39999999999998
24270,45,5.0,248.8,243.8
24271,56,5.8,290.6,284.8
24273,26,7.4,199.2,191.79999999999998
24275,19,5.2,165.0,159.8
24276,66,1.6,273.2,271.59999999999997
24277,45,16.2,208.8,192.60000000000002
24279,50,3.6,216.4,212.8
24280,19,14.6,218.2,203.6
24281,66,6.6,268.6,262.0
24282,15,0.0,167.0,167.0
24283,51,5.6,245.2,239.6
24286,25,5.6,106.6,101.0
24289,40,17.4,215.6,198.2
24290,58,4.6,274.2,269.59999999999997
24291,44,3.4,219.8,216.4
24292,40,14.2,224.8,210.60000000000002
24294,65,8.6,287.0,278.4
24297,28,12.2,244.4,232.20000000000002
24298,57,6.8,267.0,260.2
24299,58,3.2,268.6,265.40000000000003
24300,12,18.2,203.2,185.0
24301,10,4.2,133.6,129.4
24302,73,3.6,288.2,284.59999999999997
24303,42,4.8,217.0,212.2
24304,23,13.4,215.4,202.0
24305,46,5.4,233.0,227.6
24306,50,4.8,255.0,250.2
24307,35,1.0,168.4,167.4
24309,13,5.4,112.8,107.39999999999999
24311,16,9.2,234.8,225.60000000000002
24313,24,9.6,251.0,241.4
24314,38,6.8,231.6,224.79999999999998
24316,61,19.2,279.6,260.40000000000003
24317,56,16.4,238.0,221.6
24318,41,6.4,214.0,207.6
24320,65,9.6,251.0,241.4
24321,53,6.8,243.4,236.6
24322,57,8.2,238.4,230.20000000000002
24323,69,13.8,249.6,235.79999999999998
24324,59,8.0,240.8,232.8
24325,28,0.0,260.6,260.6
24326,54,0.0,246.4,246.4
24329,43,4.0,213.4,209.4
24331,53,0.0,248.4,248.4
24332,29,4.0,141.8,137.8
24333,38,4.0,210.0,206.0
24334,73,5.4,284.2,278.8
24336,69,1.0,280.6,279.6
24337,69,5.0,286.6,281.6
24338,40,4.0,209.8,205.8
24339,38,4.0,205.2,201.2
24340,44,1.2,263.0,261.8
24341,54,8.2,278.0,269.8
24344,44,6.6,238.0,231.4
24345,37,4.8,200.4,195.6
24346,32,4.4,154.4,150.0
24349,43,5.0,235.6,230.6
24351,28,0.0,138.8,138.8
24352,81,5.6,290.4,284.79999999999995
24353,7,26.4,141.6,115.19999999999999
24354,61,2.8,268.6,265.8
24356,21,6.4,115.6,109.19999999999999
24357,57,1.2,262.6,261.40000000000003
24360,65,1.2,289.6,288.40000000000003
24361,70,18.8,282.2,263.4
24365,30,5.2,160.8,155.60000000000002
24367,63,5.2,292.2,287.0
24368,23,0.8,162.0,161.2
24372,26,5.2,127.4,122.2
24373,39,4.8,196.6,191.79999999999998
24375,61,7.4,286.2,278.8
24376,46,0.4,209.0,208.6
24378,5,7.0,89.6,82.6
24380,23,2.8,212.0,209.2
24382,69,2.0,280.2,278.2
24383,44,4.8,208.0,203.2
24384,65,6.4,284.2,277.8
24385,23,2.8,205.0,202.2
24386,32,8.2,151.8,143.60000000000002
24388,41,4.8,215.0,210.2
24390,17,3.0,84.4,81.4
24391,45,3.2,282.8,279.6
24392,65,0.8,275.8,275.0
24394,58,12.6,284.0,271.4
24395,63,14.4,266.8,252.4
24396,33,7.2,172.0,164.8
24397,59,14.2,285.0,270.8
24398,44,0.6,217.0,216.4
24399,55,4.6,272.0,267.4
24400,52,16.6,255.6,239.0
24401,62,8.2,290.0,281.8
24402,62,10.2,246.8,236.60000000000002
24403,68,6.4,244.8,238.4
24404,63,6.6,242.0,235.4
24405,43,25.2,217.8,192.60000000000002
24408,69,2.4,275.0,272.6
24409,21,8.4,210.6,202.2
24410,46,11.2,214.4,203.20000000000002
24411,29,11.0,140.8,129.8
24413,44,7.6,221.0,213.4
24414,55,2.2,268.6,266.40000000000003
24415,61,0.8,257.4,256.59999999999997
24416,67,14.6,287.8,273.2
24417,61,0.0,261.2,261.2
24418,15,1.2,81.2,80.0
24419,51,4.8,268.0,263.2
24420,27,5.0,134.6,129.6
24421,30,4.8,134.6,129.79999999999998
24425,76,1.4,286.2,284.8
24426,41,5.2,207.2,202.0
24429,29,5.0,140.0,135.0
24430,37,4.8,253.4,248.6
24431,52,5.0,263.4,258.4
24433,19,3.0,210.6,207.6
24434,48,9.2,264.2,255.0
24437,69,4.0,288.8,284.8
24438,67,4.0,273.8,269.8
24442,62,3.6,288.8,285.2
24443,23,5.2,115.4,110.2
24444,27,6.0,262.2,256.2
24445,59,4.0,217.8,213.8
24446,61,5.0,270.8,265.8
24448,26,7.2,134.2,126.99999999999999
24449,34,0.0,177.6,177.6
24450,39,4.2,155.2,151.0
24452,61,0.0,279.8,279.8
24453,80,6.0,294.2,288.2
24454,57,1.6,264.6,263.0
24455,62,0.8,254.0,253.2
24456,43,6.0,169.8,163.8
24458,73,6.2,277.0,270.8
24459,52,31.0,286.4,255.39999999999998
24460,44,37.2,203.4,166.2
24461,67,9.8,283.0,273.2
24462,48,7.0,273.0,266.0
24466,72,3.8,284.2,280.4
24467,17,1.4,177.0,175.6
24468,53,0.6,279.0,278.4
24469,16,10.0,187.2,177.2
24470,7,14.4,140.4,126.0
24471,63,6.2,284.6,278.40000000000003
24472,34,3.2,141.8,138.60000000000002
24473,22,6.6,211.8,205.20000000000002
24474,32,3.2,140.8,137.60000000000002
24478,37,4.8,140.8,136.0
24479,55,19.8,254.4,234.6
24480,37,8.2,209.8,201.60000000000002
24481,25,0.0,214.8,214.8
24482,40,0.4,275.8,275.40000000000003
24483,21,0.0,160.8,160.8
24484,42,11.2,266.6,255.40000000000003
24485,23,27.4,144.4,117.0
24486,66,4.2,277.8,273.6
24487,40,4.0,185.8,181.8
24488,21,13.8,108.4,94.60000000000001
24489,11,32.2,146.4,114.2
24491,60,7.2,283.0,275.8
24493,55,5.6,232.2,226.6
24494,100,5.4,275.6,270.20000000000005
24498,88,5.2,268.4,263.2
24499,40,5.6,253.6,248.0
24500,36,2.6,225.4,222.8
24501,27,4.6,134.8,130.20000000000002
24503,42,7.4,204.6,197.2
24505,42,4.4,194.2,189.79999999999998
24507,75,18.2,281.4,263.2
24509,10,14.2,140.0,125.8
24510,15,9.2,123.0,113.8
24516,21,5.6,110.4,104.80000000000001
24517,63,7.4,278.2,270.8
24518,20,7.2,93.6,86.39999999999999
24520,16,3.6,126.2,122.60000000000001
24521,64,7.0,286.2,279.2
24522,54,5.0,221.6,216.6
24523,26,9.6,178.4,168.8
24524,28,0.0,142.4,142.4
24525,25,5.4,145.2,139.79999999999998
24528,37,8.6,185.8,177.20000000000002
24530,15,6.8,87.6,80.8
24532,27,7.4,246.6,239.2
24533,71,8.6,288.4,279.79999999999995
24535,19,6.6,158.8,152.20000000000002
24536,7,37.4,164.6,127.19999999999999
24539,42,4.8,278.8,274.0
24543,46,6.2,256.0,249.8
24544,56,12.6,281.6,269.0
24545,65,8.8,287.8,279.0
24546,58,5.4,275.6,270.20000000000005
24548,64,7.8,284.4,276.59999999999997
24549,65,8.8,282.8,274.0
24550,65,6.6,271.4,264.79999999999995
24551,58,4.4,257.2,252.79999999999998
24553,56,1.4,270.8,269.40000000000003
24556,69,11.4,291.0,279.6
24557,61,5.4,278.2,272.8
24558,10,0.0,196.2,196.2
24559,6,43.2,123.0,79.8
24562,14,0.8,136.8,136.0
24563,6,38.8,181.6,142.8
24564,51,5.0,208.8,203.8
24565,29,5.0,213.6,208.6
24566,57,0.4,249.6,249.2
24567,57,5.6,254.6,249.0
24569,73,8.8,271.8,263.0
24571,52,8.0,236.4,228.4
24573,120,0.4,272.0,271.6
24574,41,2.8,266.0,263.2
24575,60,2.8,179.2,176.39999999999998
24576,20,9.4,247.0,237.6
24577,42,3.4,206.4,203.0
24578,61,2.8,269.8,267.0
24579,15,0.0,138.4,138.4
24580,36,0.0,103.6,103.6
24582,49,16.8,218.0,201.2
24583,71,0.6,275.4,274.79999999999995
24584,43,2.6,191.6,189.0
24585,13,54.6,274.8,220.20000000000002
24586,72,8.8,257.0,248.2
24588,76,7.8,277.4,269.59999999999997
24589,37,10.6,185.6,175.0
24592,71,2.4,283.4,281.0
24593,58,14.4,266.6,252.20000000000002
24594,65,11.8,284.0,272.2
24596,53,5.4,248.8,243.4
24597,67,7.8,276.8,269.0
24598,15,4.2,139.4,135.20000000000002
24599,61,14.0,269.0,255.0
24600,70,0.6,277.4,276.79999999999995
24602,72,7.8,273.8,266.0
24603,58,15.4,256.2,240.79999999999998
24604,5,12.0,132.4,120.4
24605,55,4.2,247.4,243.20000000000002
24606,38,7.8,141.4,133.6
24607,30,5.0,138.8,133.8
24610,58,5.6,256.8,251.20000000000002
24611,60,16.8,252.0,235.2
24612,60,5.6,264.6,259.0
24615,59,6.0,276.2,270.2
24618,22,5.4,83.4,78.0
24619,48,0.0,248.6,248.6
24620,34,3.4,143.0,139.6
24621,69,5.6,272.0,266.4
24623,72,7.6,281.2,273.59999999999997
24624,5,16.0,107.8,91.8
24625,61,4.4,265.2,260.8
24626,51,5.4,245.2,239.79999999999998
24627,47,0.0,211.4,211.4
24629,8,17.0,122.8,105.8
24630,61,4.0,276.8,272.8
24632,56,5.6,240.8,235.20000000000002
24633,61,5.6,275.8,270.2
24637,63,7.6,269.6,262.0
24638,59,5.6,264.2,258.59999999999997
24639,28,10.8,147.6,136.79999999999998
24640,65,10.2,255.4,245.20000000000002
24643,21,13.2,201.4,188.20000000000002
24644,45,4.0,189.4,185.4
24645,56,0.0,273.6,273.6
24647,37,1.2,270.6,269.40000000000003
24649,66,13.2,262.8,249.60000000000002
24650,55,3.8,209.4,205.6
24651,36,0.0,211.8,211.8
24652,35,11.4,152.6,141.2
24653,60,1.0,240.4,239.4
24656,56,4.6,281.0,276.4
24657,32,3.6,144.2,140.6
24659,46,1.2,210.6,209.4
24660,32,11.6,231.2,219.6
24661,30,0.0,244.2,244.2
24663,72,7.8,274.4,266.59999999999997
24664,56,10.4,258.8,248.4
24666,98,12.2,269.8,257.6
24667,29,0.6,138.6,138.0
24669,83,5.6,285.2,279.59999999999997
24671,28,15.6,145.6,130.0
24675,59,7.8,261.8,254.0
24677,51,0.0,219.6,219.6
24678,103,9.4,264.4,254.99999999999997
24680,63,16.6,280.0,263.4
24681,109,7.8,263.8,256.0
24682,107,10.6,267.0,256.4
24683,77,14.8,266.6,251.8
24684,49,7.8,269.0,261.2
24685,39,15.4,277.2,261.8
24686,19,13.8,162.8,149.0
24687,59,12.6,255.4,242.8
24689,46,15.2,289.6,274.40000000000003
24690,24,1.6,224.0,222.4
24691,42,0.0,237.4,237.4
24692,65,7.6,267.0,259.4
24693,57,7.8,250.0,242.2
24694,61,9.0,250.2,241.2
24695,11,17.6,134.6,117.0
24696,23,16.6,205.8,189.20000000000002
24697,25,13.4,125.8,112.39999999999999
24699,10,9.4,135.6,126.19999999999999
24701,5,8.6,211.4,202.8
24702,32,44.0,222.8,178.8
24703,19,1.0,112.6,111.6
24704,75,8.2,279.2,271.0
24706,17,4.2,142.8,138.60000000000002
24707,44,12.4,213.4,201.0
24708,16,7.6,135.0,127.4
24709,8,33.0,134.6,101.6
24714,38,0.6,176.2,175.6
24716,27,0.6,237.2,236.6
24717,14,18.2,170.4,152.20000000000002
24721,75,0.2,265.2,265.0
24723,33,7.6,199.8,192.20000000000002
24725,26,12.6,272.4,259.79999999999995
24726,49,13.6,273.8,260.2
24727,70,1.4,256.6,255.20000000000002
24728,55,5.0,247.0,242.0
24730,59,5.4,263.2,257.8
24731,53,5.8,216.8,211.0
24732,47,5.0,197.2,192.2
24733,67,0.0,272.8,272.8
24734,40,5.0,171.0,166.0
24735,22,10.8,128.2,117.39999999999999
24736,61,5.6,274.8,269.2
24737,77,18.4,271.4,252.99999999999997
24738,63,0.0,248.2,248.2
24739,31,3.6,236.0,232.4
24740,65,3.8,259.6,255.8
24741,89,0.6,276.6,276.0
24742,63,0.0,241.8,241.8
24743,57,0.0,266.2,266.2
24744,47,7.6,180.2,172.6
24746,61,8.8,240.4,231.6
24747,41,0.0,266.6,266.6
24748,61,5.4,247.2,241.79999999999998
24749,61,6.4,264.6,258.20000000000005
24750,62,8.2,284.4,276.2
24752,18,8.4,114.4,106.0
24753,62,5.6,279.0,273.4
24755,45,1.4,213.6,212.2
24756,70,5.8,272.2,266.4
24757,30,9.4,155.4,146.0
24759,65,6.8,282.2,275.4
24760,106,5.0,265.6,260.6
24761,68,5.2,274.0,268.8
24764,114,8.4,269.4,261.0
24767,62,8.4,259.6,251.20000000000002
24768,55,10.6,209.6,199.0
24769,37,8.8,175.2,166.39999999999998
24771,32,11.8,145.2,133.39999999999998
24772,56,2.0,221.2,219.2
24773,71,9.6,256.6,247.00000000000003
24774,47,24.4,264.0,239.6
24775,19,0.4,178.8,178.4
24776,38,9.0,167.0,158.0
24781,25,13.8,235.4,221.6
24783,41,7.8,129.0,121.2
24784,8,2.8,199.2,196.39999999999998
24786,26,0.0,246.2,246.2
24787,113,10.4,272.6,262.20000000000005
24788,107,7.8,266.8,259.0
24789,8,11.2,136.6,125.39999999999999
24791,59,8.8,253.0,244.2
24792,11,14.0,144.4,130.4
24793,28,1.4,248.8,247.4
24795,57,14.6,263.2,248.6
24798,96,6.6,242.4,235.8
24799,119,5.6,268.2,262.59999999999997
24800,13,6.0,127.2,121.2
24802,65,0.8,262.0,261.2
24803,29,15.2,141.0,125.8
24804,37,11.2,179.0,167.8
24805,71,2.2,265.0,262.8
24808,106,9.6,247.4,237.8
24809,68,0.2,272.0,271.8
24810,17,2.2,216.4,214.20000000000002
24811,24,22.4,119.0,96.6
24812,53,10.4,257.4,246.99999999999997
24814,26,0.0,277.0,277.0
24815,30,15.4,196.6,181.2
24816,19,1.2,189.4,188.20000000000002
24817,72,4.6,274.4,269.79999999999995
24818,11,22.6,132.2,109.6
24819,42,11.0,198.2,187.2
24820,24,0.2,144.4,144.20000000000002
24821,109,8.4,266.6,258.20000000000005
24822,27,5.2,143.0,137.8
24825,46,10.0,240.4,230.4
24826,36,5.0,188.8,183.8
24827,15,11.4,92.2,80.8
24828,20,11.0,215.6,204.6
24829,45,5.2,251.2,246.0
24830,113,7.8,267.2,259.4
24832,62,3.2,218.4,215.20000000000002
24833,66,0.0,252.8,252.8
24834,45,0.8,210.4,209.6
24835,11,13.6,177.0,163.4
24836,118,5.2,252.2,247.0
24837,57,0.6,247.4,246.8
24838,56,0.0,213.6,213.6
24839,28,2.2,122.6,120.39999999999999
24843,39,5.2,242.6,237.4
24844,59,14.2,265.8,251.60000000000002
24845,57,2.4,254.2,251.79999999999998
24846,44,4.6,249.8,245.20000000000002
24847,7,6.4,130.4,124.0
24848,40,3.4,212.0,208.6
24849,62,0.6,265.2,264.59999999999997
24850,48,5.0,257.6,252.60000000000002
24852,24,0.4,107.0,106.6
24853,33,0.0,209.2,209.2
24854,44,5.2,222.6,217.4
24856,8,2.8,109.0,106.2
24857,51,0.2,270.2,270.0
24860,126,2.2,264.0,261.8
24861,48,4.8,268.6,263.8
24862,50,4.0,270.6,266.6
24863,38,0.6,251.0,250.4
24864,23,4.6,211.4,206.8
24865,45,4.0,237.0,233.0
24866,29,4.6,263.8,259.2
24867,49,3.4,258.0,254.6
24868,50,2.2,227.0,224.8
24870,11,7.0,230.6,223.6
24871,8,9.0,144.8,135.8
24872,40,4.2,272.4,268.2
24874,17,0.0,144.2,144.2
24875,39,0.8,211.2,210.39999999999998
24876,15,4.4,91.0,86.6
24877,36,0.2,238.0,237.8
24878,20,1.2,271.6,270.40000000000003
24879,30,0.0,147.8,147.8
24880,10,0.0,143.6,143.6
24882,29,4.8,144.2,139.39999999999998
24883,43,6.8,225.2,218.39999999999998
24885,49,9.0,270.4,261.4
24887,37,12.8,245.8,233.0
24888,42,2.6,164.4,161.8
24891,16,0.6,79.0,78.4
24892,29,10.6,157.8,147.20000000000002
24894,40,5.8,227.0,221.2
24895,53,4.4,258.0,253.6
24896,64,0.2,262.0,261.8
24897,45,2.2,202.0,199.8
24899,44,1.8,260.2,258.4
24902,48,8.4,259.2,250.79999999999998
24903,23,3.0,252.6,249.6
24904,38,1.4,204.4,203.0
24906,66,0.0,238.4,238.4
24908,50,4.4,215.6,211.2
24909,23,4.4,164.8,160.4
24910,20,1.8,107.0,105.2
24911,58,4.6,277.2,272.59999999999997
24912,47,4.8,217.8,213.0
24913,53,21.4,248.6,227.2
24916,44,9.2,212.0,202.8
24917,33,19.8,174.2,154.39999999999998
24919,114,6.8,234.8,228.0
24920,90,5.4,271.6,266.20000000000005
24921,24,23.4,139.4,116.0
24922,6,0.0,138.6,138.6
24923,65,11.4,248.2,236.79999999999998
24924,24,4.4,132.6,128.2
24926,59,4.6,271.0,266.4
24927,28,6.4,204.0,197.6
24928,15,0.0,145.6,145.6
24930,28,12.6,253.2,240.6
24932,49,2.8,258.0,255.2
24933,59,19.0,259.6,240.60000000000002
24934,14,21.8,135.8,114.00000000000001
24935,24,4.6,119.4,114.80000000000001
24936,114,5.4,273.8,268.40000000000003
24937,33,13.6,214.2,200.6
24938,41,7.2,250.0,242.8
24939,14,9.2,135.8,126.60000000000001
24940,36,5.2,168.2,163.0
24941,31,0.6,222.8,222.20000000000002
24943,37,0.2,249.2,249.0
24946,6,0.2,74.8,74.6
24947,15,6.0,80.8,74.8
24949,42,4.6,212.0,207.4
24951,7,0.2,119.2,119.0
24952,45,5.2,129.6,124.39999999999999
24953,60,1.4,264.4,263.0
24954,52,3.0,217.2,214.2
24955,45,19.8,271.6,251.8
24957,80,5.8,189.0,183.2
24958,66,0.4,280.4,280.0
24961,53,5.6,215.6,210.0
24962,6,3.0,116.6,113.6
24963,110,6.6,273.2,266.59999999999997
24964,76,2.8,182.4,179.6
24965,59,0.0,242.4,242.4
24966,83,6.4,196.0,189.6
24968,47,4.2,216.0,211.8
24969,49,26.6,262.4,235.79999999999998
24971,25,11.2,192.4,181.20000000000002
24972,56,0.6,263.2,262.59999999999997
24976,40,8.0,249.0,241.0
24977,26,9.4,204.4,195.0
24978,57,4.2,265.6,261.40000000000003
24979,68,5.8,187.4,181.6
24980,28,4.0,241.4,237.4
24981,26,9.2,134.4,125.2
24982,64,9.0,276.4,267.4
24983,49,0.0,214.2,214.2
24985,12,0.2,162.8,162.60000000000002
24986,67,3.8,276.0,272.2
24987,34,0.0,231.4,231.4
24988,30,9.0,141.2,132.2
24989,43,2.8,226.2,223.39999999999998
24990,44,3.8,218.4,214.6
24991,71,7.4,258.4,250.99999999999997
24992,18,16.8,172.6,155.79999999999998
24993,43,0.8,259.8,259.0
24994,41,4.2,188.6,184.4
24997,46,2.0,196.8,194.8
24998,63,2.6,259.0,256.4
24999,11,14.6,121.6,107.0
25001,62,4.4,251.0,246.6
25003,77,4.4,270.8,266.40000000000003
25004,41,0.2,232.2,232.0
25005,59,4.6,254.8,250.20000000000002
25006,62,5.2,256.8,251.60000000000002
25007,17,4.2,140.6,136.4
25008,65,0.2,275.8,275.6
25009,49,4.6,193.6,189.0
25010,50,5.0,250.6,245.6
25011,53,12.2,145.2,133.0
25013,21,0.8,148.0,147.2
25014,30,1.4,142.0,140.6
25015,55,7.0,261.4,254.39999999999998
25016,38,6.6,188.8,182.20000000000002
25017,10,4.2,144.2,140.0
25019,19,0.4,177.8,177.4
25020,59,0.2,214.8,214.60000000000002
25021,66,5.6,238.4,232.8
25022,27,7.0,137.2,130.2
25024,31,6.8,255.4,248.6
25025,8,5.4,117.4,112.0
25027,75,0.4,270.6,270.20000000000005
25029,17,9.8,178.6,168.79999999999998
25031,23,1.2,100.0,98.8
25032,9,0.2,142.6,142.4
25035,30,4.8,146.4,141.6
25036,27,8.6,140.8,132.20000000000002
25038,25,18.2,209.0,190.8
25040,49,9.2,239.4,230.20000000000002
25045,12,0.6,108.8,108.2
25046,64,15.6,268.2,252.6
25048,43,8.6,238.0,229.4
25049,5,13.4,129.6,116.19999999999999
25050,33,5.4,214.4,209.0
25051,74,5.8,256.4,250.59999999999997
25052,9,22.2,195.4,173.20000000000002
25053,57,16.0,241.8,225.8
25054,64,5.6,272.6,267.0
25056,30,1.0,226.4,225.4
25057,20,10.2,273.8,263.6
25058,7,13.4,111.2,97.8
25059,23,1.2,213.8,212.60000000000002
25062,6,12.4,131.4,119.0
25063,7,10.8,83.8,73.0
25065,42,4.4,218.0,213.6
25066,18,1.0,183.2,182.2
25067,73,1.2,269.4,268.2
25069,73,5.0,257.2,252.2
25070,34,4.6,257.2,252.6
25071,9,0.8,210.2,209.39999999999998
25073,50,2.4,238.8,236.4
25074,20,4.8,91.0,86.2
25075,12,0.8,140.6,139.79999999999998
25076,59,1.6,255.0,253.4
25077,12,14.6,240.4,225.8
25078,9,0.0,145.4,145.4
25081,44,4.6,213.8,209.20000000000002
25083,38,8.2,275.6,267.40000000000003
25085,52,3.4,252.0,248.6
25086,7,23.2,148.4,125.2
25088,28,3.4,141.2,137.79999999999998
25091,36,6.6,139.4,132.8
25092,62,0.0,268.8,268.8
25094,63,2.0,270.4,268.4
25096,9,15.0,181.2,166.2
25097,10,6.0,131.6,125.6
25099,26,2.8,146.0,143.2
25100,57,2.6,274.4,271.79999999999995
25101,39,0.4,164.2,163.79999999999998
25102,22,2.6,103.2,100.60000000000001
25103,19,7.4,204.4,197.0
25104,52,8.0,267.4,259.4
25105,14,44.2,143.6,99.39999999999999
25107,35,10.6,163.0,152.4
25109,31,14.0,238.0,224.0
25111,33,3.4,140.2,136.79999999999998
25112,54,7.8,275.6,267.8
25114,60,7.8,273.6,265.8
25115,39,5.8,139.2,133.39999999999998
25117,54,5.0,179.4,174.4
25119,44,8.2,189.8,181.60000000000002
25120,28,12.4,256.8,244.4
25121,49,5.0,224.0,219.0
25122,26,5.6,122.6,117.0
25126,44,6.0,239.6,233.6
25127,53,4.6,250.6,246.0
25128,51,4.6,272.6,268.0
25129,52,5.2,260.2,255.0
25131,55,6.4,249.8,243.4
25132,65,4.4,259.8,255.4
25133,59,5.0,263.0,258.0
25135,71,0.6,274.4,273.79999999999995
25136,61,5.6,274.4,268.79999999999995
25137,63,4.4,256.0,251.6
25139,51,4.0,261.2,257.2
25140,42,5.8,175.4,169.6
25141,59,7.0,273.6,266.6
25142,60,0.0,270.0,270.0
25143,71,5.4,260.2,254.79999999999998
25146,63,3.0,249.6,246.6
25147,64,7.8,273.6,265.8
25151,65,15.0,276.0,261.0
25152,12,4.0,137.8,133.8
25153,30,4.0,152.6,148.6
25154,64,4.4,249.2,244.79999999999998
25156,43,6.4,214.0,207.6
25158,32,16.0,266.0,250.0
25161,56,4.8,260.8,256.0
25162,5,16.4,97.8,81.4
25163,43,2.8,225.4,222.6
25164,78,4.4,267.8,263.40000000000003
25166,67,5.4,262.0,256.6
25167,64,10.8,250.2,239.39999999999998
25169,37,13.0,180.2,167.2
25170,26,6.4,125.4,119.0
25171,45,1.4,203.2,201.79999999999998
25174,30,6.4,145.6,139.2
25175,25,14.6,129.6,115.0
25176,49,4.8,252.8,248.0
25177,18,13.8,150.6,136.79999999999998
25180,29,12.8,222.4,209.6
25181,23,15.8,270.6,254.8
25183,59,4.6,264.6,260.0
25184,31,0.0,136.0,136.0
25185,57,1.8,234.0,232.2
25188,27,18.2,254.6,236.4
25189,65,6.4,271.0,264.6
25191,61,0.6,233.4,232.8
25193,58,6.4,272.0,265.6
25194,25,12.0,245.8,233.8
25195,35,4.6,171.0,166.4
25196,63,11.2,262.8,251.60000000000002
25199,68,0.0,253.8,253.8
25200,28,9.6,169.2,159.6
25201,5,17.0,150.4,133.4
25202,57,3.6,253.8,250.20000000000002
25204,66,21.2,276.6,255.40000000000003
25205,17,2.6,138.2,135.6
25206,54,4.8,240.0,235.2
25207,58,6.6,258.4,251.79999999999998
25209,66,2.8,232.8,230.0
25210,36,0.6,142.0,141.4
25211,24,17.4,225.4,208.0
25214,51,4.8,261.6,256.8
25215,22,4.4,73.4,69.0
25218,61,7.2,254.4,247.20000000000002
25220,44,3.8,250.2,246.39999999999998
25221,23,11.6,224.2,212.6
25222,33,5.2,161.0,155.8
25223,58,0.4,264.8,264.40000000000003
25224,40,6.0,216.2,210.2
25225,50,4.8,249.8,245.0
25226,17,1.4,142.6,141.2
25227,80,4.4,260.8,256.40000000000003
25229,30,5.0,141.4,136.4
25230,27,4.8,139.6,134.79999999999998
25231,53,12.6,267.6,255.00000000000003
25233,20,0.0,144.8,144.8
25234,50,5.0,259.8,254.8
25238,54,2.6,274.4,271.79999999999995
25239,50,0.8,245.2,244.39999999999998
25242,34,11.2,249.2,238.0
25244,55,2.6,247.2,244.6
25245,31,0.8,220.2,219.39999999999998
25246,26,2.6,141.0,138.4
25247,26,5.2,132.8,127.60000000000001
25248,61,3.4,267.4,264.0
25249,37,19.8,266.0,246.2
25250,25,11.8,124.0,112.2
25252,37,30.4,201.6,171.2
25254,69,2.4,260.0,257.6
25255,49,3.2,256.6,253.40000000000003
25257,43,4.4,184.8,180.4
25258,54,2.4,251.6,249.2
25260,29,8.4,215.2,206.79999999999998
25262,47,4.0,245.8,241.8
25264,51,11.8,269.2,257.4
25265,45,19.8,269.0,249.2
25267,60,4.8,236.6,231.79999999999998
25268,66,11.8,268.8,257.0
25269,79,3.6,260.0,256.4
25270,62,10.4,258.2,247.79999999999998
25271,71,14.8,221.0,206.2
25272,11,0.0,117.6,117.6
25273,49,2.0,215.4,213.4
25275,51,3.6,254.6,251.0
25276,60,6.6,257.2,250.6
25277,43,6.6,171.0,164.4
25279,106,5.6,271.6,266.0
25280,6,25.4,76.0,50.6
25283,59,12.6,255.2,242.6
25284,64,3.6,262.2,258.59999999999997
25288,15,19.6,141.4,121.80000000000001
25289,40,7.0,203.2,196.2
25290,23,4.8,113.6,108.8
25291,42,11.6,227.2,215.6
25292,9,12.8,170.0,157.2
25293,29,4.2,144.4,140.20000000000002
25295,51,8.0,249.6,241.6
25296,15,10.4,259.6,249.20000000000002
25297,49,7.0,238.6,231.6
25300,52,52.0,244.8,192.8
25301,62,11.8,253.6,241.79999999999998
25302,41,15.6,250.8,235.20000000000002
25305,66,11.0,275.0,264.0
25306,56,8.4,265.0,256.6
25307,42,57.8,235.4,177.60000000000002
25308,28,21.8,161.2,139.39999999999998
25310,56,2.6,258.2,255.6
25312,41,2.6,225.4,222.8
25313,57,4.4,256.0,251.6
25314,55,5.8,256.2,250.39999999999998
25317,37,3.2,218.6,215.4
25320,58,9.8,248.4,238.6
25321,65,10.8,265.0,254.2
25323,44,3.2,219.0,215.8
25324,60,10.4,271.8,261.40000000000003
25326,37,18.2,220.0,201.8
25327,47,0.0,208.4,208.4
25328,51,7.2,260.4,253.2
25330,52,8.8,263.2,254.39999999999998
25332,76,6.0,260.0,254.0
25333,29,3.8,142.6,138.79999999999998
25335,60,2.8,261.6,258.8
25337,52,5.8,251.0,245.2
25338,60,11.2,272.6,261.40000000000003
25339,56,14.4,272.2,257.8
25340,14,5.0,133.6,128.6
25341,45,4.8,206.2,201.39999999999998
25343,43,10.6,164.0,153.4
25345,53,13.2,266.4,253.2
25346,53,12.6,245.8,233.20000000000002
25347,70,1.0,261.6,260.6
25348,60,1.2,270.8,269.6
25349,28,9.8,144.2,134.39999999999998
25355,55,11.0,246.0,235.0
25356,43,14.4,232.8,218.4
25357,53,0.2,221.2,221.0
25358,57,2.6,262.0,259.4
25359,59,2.2,266.0,263.8
25361,35,21.6,253.2,231.6
25362,57,8.0,259.8,251.8
25363,45,5.2,264.8,259.6
25364,31,5.4,143.0,137.6
25365,43,6.0,180.8,174.8
25366,35,27.4,187.2,159.79999999999998
25367,57,2.8,258.0,255.2
25368,30,17.8,171.8,154.0
25369,56,0.0,269.6,269.6
25370,12,0.8,131.8,131.0
25371,38,2.4,188.0,185.6
25372,8,16.6,177.6,161.0
25373,57,5.0,257.0,252.0
25375,63,4.0,244.4,240.4
25376,21,10.8,234.0,223.2
25377,15,9.2,193.8,184.60000000000002
25381,10,0.0,125.2,125.2
25385,6,0.0,137.0,137.0
25387,41,15.4,253.4,238.0
25389,10,0.0,176.4,176.4
25390,26,4.0,220.8,216.8
25392,15,7.2,143.4,136.20000000000002
25393,9,17.4,128.2,110.79999999999998
25394,55,4.8,258.2,253.39999999999998
25395,22,10.4,125.0,114.6
25397,6,15.6,136.8,121.20000000000002
25398,42,7.4,174.2,166.79999999999998
25399,51,11.2,247.6,236.4
25400,64,5.8,258.2,252.39999999999998
25402,56,5.2,242.0,236.8
25403,24,4.6,169.6,165.0
25404,40,1.6,264.8,263.2
25405,23,4.2,231.0,226.8
25406,31,47.0,188.0,141.0
25408,32,15.6,254.0,238.4
25409,28,11.8,183.6,171.79999999999998
25410,44,15.4,263.4,247.99999999999997
25411,40,12.6,138.6,126.0
25412,52,0.6,203.2,202.6
25413,58,12.8,253.8,241.0
25414,5,9.4,179.4,170.0
25415,57,1.6,259.8,258.2
25417,53,8.6,210.2,201.6
25418,18,1.4,161.6,160.2
25419,18,10.0,181.2,171.2
25421,7,13.8,134.0,120.2
25422,58,2.8,247.6,244.79999999999998
25423,8,7.8,221.0,213.2
25424,58,15.2,262.4,247.2
25425,43,12.6,258.6,246.00000000000003
25427,61,1.6,260.8,259.2
25429,40,12.4,262.8,250.4
25430,35,7.6,175.4,167.8
25433,18,0.2,213.0,212.8
25434,40,5.0,217.2,212.2
25435,59,0.8,173.8,173.0
25436,11,2.8,157.4,154.6
25437,22,12.0,188.4,176.4
25438,32,4.6,207.4,202.8
25439,72,0.4,260.4,260.0
25441,44,4.6,223.4,218.8
25443,29,18.6,143.6,125.0
25445,18,1.0,254.8,253.8
25446,39,5.2,240.6,235.4
25447,49,20.8,234.4,213.6
25449,53,0.8,233.6,232.79999999999998
25451,58,29.0,229.0,200.0
25453,59,5.0,206.0,201.0
25454,21,17.8,126.2,108.4
25455,65,3.0,253.4,250.4
25456,66,0.0,244.8,244.8
25457,12,0.8,131.2,130.39999999999998
25458,27,12.6,259.0,246.4
25460,58,5.2,274.4,269.2
25461,37,63.0,274.4,211.39999999999998
25462,23,11.8,262.4,250.59999999999997
25463,47,4.6,224.4,219.8
25464,42,4.4,259.0,254.6
25466,48,4.0,243.6,239.6
25467,14,2.4,115.6,113.19999999999999
25469,21,2.0,227.8,225.8
25470,45,1.6,212.2,210.6
25471,57,4.8,237.2,232.39999999999998
25472,52,6.4,241.6,235.2
25473,66,7.4,245.6,238.2
25474,54,8.2,250.4,242.20000000000002
25475,49,7.8,230.0,222.2
25476,109,25.0,259.2,234.2
25477,56,4.6,266.4,261.79999999999995
25478,14,11.8,132.2,120.39999999999999
25480,55,8.2,252.0,243.8
25481,48,4.0,226.8,222.8
25482,38,4.6,168.4,163.8
25483,34,0.0,143.8,143.8
25484,23,3.6,171.8,168.20000000000002
25485,20,4.2,173.0,168.8
25487,58,8.2,271.0,262.8
25488,51,16.4,255.0,238.6
25489,61,7.8,269.6,261.8
25490,41,3.4,216.6,213.2
25491,40,18.0,214.2,196.2
25492,58,8.2,253.8,245.60000000000002
25494,32,11.8,180.0,168.2
25495,32,4.6,152.6,148.0
25497,10,6.6,178.8,172.20000000000002
25499,52,37.8,240.4,202.60000000000002
25501,65,8.2,252.8,244.60000000000002
25503,42,6.2,174.6,168.4
25504,28,4.8,142.8,138.0
25506,13,8.4,119.2,110.8
25507,41,7.6,200.0,192.4
25509,48,11.2,246.8,235.60000000000002
25511,52,7.2,244.0,236.8
25513,52,4.8,257.2,252.39999999999998
25514,60,3.2,250.6,247.4
25517,25,13.0,137.8,124.80000000000001
25520,41,0.6,217.0,216.4
25521,56,4.8,255.6,250.79999999999998
25523,53,5.2,269.0,263.8
25524,30,4.0,253.0,249.0
25525,56,5.8,260.0,254.2
25527,45,15.8,207.0,191.2
25528,34,9.6,266.2,256.59999999999997
25530,44,8.2,156.6,148.4
25531,19,21.2,201.8,180.60000000000002
25532,60,9.8,267.4,257.59999999999997
25533,21,13.0,178.0,165.0
25534,62,5.6,257.2,251.6
25535,33,2.0,181.2,179.2
25537,37,10.6,250.4,239.8
25539,56,5.6,257.2,251.6
25545,57,6.4,242.8,236.4
25546,62,3.8,265.6,261.8
25549,48,5.0,209.6,204.6
25550,61,6.4,267.4,261.0
25551,70,6.8,266.6,259.8
25554,12,13.8,167.2,153.39999999999998
25555,53,4.8,205.8,201.0
25556,65,17.2,249.4,232.20000000000002
25558,54,17.0,250.4,233.4
25559,26,13.4,144.6,131.2
25560,35,3.8,155.2,151.39999999999998
25561,46,5.4,205.6,200.2
25562,38,17.0,176.0,159.0
25563,12,1.2,137.6,136.4
25564,43,15.0,226.4,211.4
25565,54,3.2,237.6,234.4
25570,51,10.4,206.0,195.6
25571,28,3.8,138.6,134.79999999999998
25572,51,8.8,228.2,219.39999999999998
25573,42,8.4,170.0,161.6
25577,51,0.0,246.2,246.2
25579,59,15.6,272.0,256.4
25580,48,9.0,206.6,197.6
25582,55,5.0,263.8,258.8
25583,34,5.0,157.0,152.0
25584,48,8.4,213.2,204.79999999999998
25586,59,5.0,265.0,260.0
25587,12,0.6,153.4,152.8
25588,51,1.0,230.2,229.2
25589,39,5.0,238.8,233.8
25590,54,5.0,259.6,254.60000000000002
25591,45,14.4,216.2,201.79999999999998
25592,57,2.0,218.6,216.6
25593,27,0.6,223.4,222.8
25594,30,7.2,213.8,206.60000000000002
25595,17,19.0,144.6,125.6
25596,15,6.4,142.8,136.4
25598,13,21.6,181.8,160.20000000000002
25599,23,2.6,239.2,236.6
25600,60,0.6,264.0,263.4
25601,11,13.4,125.4,112.0
25603,55,3.6,238.4,234.8
25604,9,20.8,160.4,139.6
25605,63,14.0,275.0,261.0
25606,17,0.2,142.4,142.20000000000002
25608,13,13.2,139.8,126.60000000000001
25609,43,4.0,223.0,219.0
25610,48,9.6,217.6,208.0
25612,42,3.4,170.0,166.6
25613,28,0.0,256.4,256.4
25614,49,19.4,232.8,213.4
25615,58,11.0,220.6,209.6
25617,12,4.6,113.2,108.60000000000001
25618,13,8.4,156.6,148.2
25619,48,1.6,221.4,219.8
25620,58,2.8,253.6,250.79999999999998
25621,24,0.6,243.8,243.20000000000002
25622,40,6.6,244.2,237.6
25623,50,4.0,236.8,232.8
25624,57,0.0,251.2,251.2
25625,104,3.8,239.4,235.6
25627,28,64.6,243.4,178.8
25628,55,0.8,223.4,222.6
25629,57,5.0,266.6,261.6
25631,59,9.0,252.8,243.8
25632,32,3.0,123.4,120.4
25633,56,4.6,252.2,247.6
25634,11,6.4,200.2,193.79999999999998
25635,46,1.4,211.8,210.4
25637,38,0.0,228.2,228.2
25638,6,5.4,236.8,231.4
25639,55,1.2,258.8,257.6
25640,65,2.8,254.8,252.0
25641,25,2.8,130.6,127.8
25642,53,4.2,263.4,259.2
25643,44,9.4,234.6,225.2
25645,31,2.8,172.0,169.2
25646,7,19.0,153.6,134.6
25648,30,4.8,129.6,124.8
25650,49,18.4,209.8,191.4
25653,46,12.0,221.8,209.8
25655,43,4.8,218.8,214.0
25656,42,6.0,219.0,213.0
25658,6,26.0,129.4,103.4
25659,56,5.4,229.2,223.79999999999998
25663,39,2.6,245.6,243.0
25664,18,9.0,154.6,145.6
25665,55,1.8,238.4,236.6
25667,70,3.6,263.0,259.4
25668,58,1.0,211.2,210.2
25669,6,25.6,67.4,41.800000000000004
25672,47,11.4,200.6,189.2
25673,55,10.8,264.0,253.2
25675,26,0.6,161.0,160.4
25676,5,11.8,105.2,93.4
25677,46,5.6,192.8,187.20000000000002
25682,56,0.8,259.4,258.59999999999997
25683,24,9.4,227.6,218.2
25684,47,4.2,250.6,246.4
25685,63,0.0,257.4,257.4
25687,68,0.0,239.6,239.6
25688,56,9.8,240.2,230.39999999999998
25689,26,8.4,229.2,220.79999999999998
25694,15,12.6,158.0,145.4
25696,31,0.0,139.4,139.4
25701,32,16.8,247.0,230.2
25702,60,3.8,239.4,235.6
25703,32,3.6,141.6,138.0
25704,61,4.0,248.6,244.6
25705,34,0.0,179.0,179.0
25706,54,3.2,250.8,247.60000000000002
25707,17,11.0,163.4,152.4
25708,40,12.0,249.6,237.6
25710,52,6.0,166.2,160.2
25711,7,24.2,145.0,120.8
25714,78,4.8,248.6,243.79999999999998
25718,43,0.0,241.0,241.0
25719,21,5.4,109.2,103.8
25721,53,3.0,244.8,241.8
25723,13,1.0,131.2,130.2
25724,63,0.6,258.0,257.4
25725,56,9.0,235.6,226.6
25726,60,9.6,246.8,237.20000000000002
25727,51,5.2,245.0,239.8
25730,10,1.2,118.2,117.0
25731,58,9.8,256.4,246.59999999999997
25732,40,0.0,138.0,138.0
25733,42,16.0,236.6,220.6
25734,38,15.0,263.2,248.2
25735,17,24.6,140.0,115.4
25736,61,5.8,248.4,242.6
25739,62,3.0,254.6,251.6
25740,60,6.4,254.4,248.0
25741,35,9.4,141.2,131.79999999999998
25742,12,0.4,138.4,138.0
25744,15,7.8,160.4,152.6
25746,54,0.8,247.6,246.79999999999998
25747,44,15.4,217.2,201.79999999999998
25748,29,17.8,220.8,203.0
25749,49,0.0,177.4,177.4
25750,63,0.0,252.4,252.4
25751,40,1.6,216.0,214.4
25752,11,0.0,210.2,210.2
25753,30,0.8,135.2,134.39999999999998
25754,52,2.8,224.2,221.39999999999998
25755,30,6.4,145.2,138.79999999999998
25758,26,5.0,146.0,141.0
25759,46,4.8,204.2,199.39999999999998
25761,27,4.4,218.8,214.4
25762,27,5.6,142.4,136.8
25763,6,8.0,131.0,123.0
25764,43,4.8,214.0,209.2
25765,51,20.2,260.0,239.8
25766,42,6.2,214.2,208.0
25767,50,8.0,212.6,204.6
25768,46,3.4,227.6,224.2
25773,11,8.6,130.2,121.6
25774,50,0.8,202.6,201.79999999999998
25776,61,4.4,224.8,220.4
25777,26,12.8,263.6,250.8
25779,11,4.0,141.0,137.0
25781,95,9.2,261.6,252.40000000000003
25782,23,7.6,204.2,196.6
25783,30,5.6,142.6,137.0
25784,63,4.4,248.2,243.79999999999998
25786,54,3.4,220.6,217.2
25787,5,18.4,98.8,80.4
25788,37,11.2,254.8,243.60000000000002
25789,57,0.0,222.6,222.6
25792,50,14.0,220.4,206.4
25793,23,3.8,104.6,100.8
25794,47,4.2,211.4,207.20000000000002
25795,59,9.4,215.4,206.0
25798,18,2.2,223.0,220.8
25799,28,0.0,213.0,213.0
25800,49,8.8,214.8,206.0
25802,28,0.2,195.6,195.4
25804,65,8.6,252.2,243.6
25805,43,11.4,215.8,204.4
25807,51,4.6,241.8,237.20000000000002
25808,40,6.8,215.6,208.79999999999998
25809,54,8.2,228.4,220.20000000000002
25810,56,1.0,238.2,237.2
25811,87,5.6,266.2,260.59999999999997
25812,11,1.2,189.2,188.0
25814,73,3.8,262.6,258.8
25816,48,7.0,181.0,174.0
25817,54,8.8,243.2,234.39999999999998
25818,21,4.6,147.0,142.4
25819,20,14.6,224.2,209.6
25820,28,1.8,140.2,138.39999999999998
25821,59,5.4,259.8,254.4
25822,28,0.8,179.0,178.2
25824,54,41.4,258.6,217.20000000000002
25825,29,6.6,237.4,230.8
25826,80,2.4,256.4,253.99999999999997
25827,63,7.0,243.6,236.6
25828,19,18.2,139.4,121.2
25830,54,13.4,241.2,227.79999999999998
25831,26,9.0,139.2,130.2
25832,48,11.6,246.8,235.20000000000002
25833,30,0.0,142.6,142.6
25834,14,8.4,143.0,134.6
25835,6,0.2,130.2,130.0
25836,45,11.4,236.6,225.2
25837,31,2.8,156.2,153.39999999999998
25838,11,24.4,176.4,152.0
25839,31,1.8,260.8,259.0
25841,63,3.6,257.4,253.79999999999998
25842,54,5.2,243.4,238.20000000000002
25843,28,5.8,113.4,107.60000000000001
25844,46,5.2,247.6,242.4
25845,5,8.4,135.6,127.19999999999999
25846,12,7.6,138.8,131.20000000000002
25847,24,14.6,135.2,120.6
25848,50,3.6,242.6,239.0
25849,54,4.2,244.2,240.0
25850,62,4.2,261.0,256.8
25851,20,11.0,215.8,204.8
25852,8,9.6,168.2,158.6
25853,40,10.6,223.0,212.4
25854,61,2.6,215.8,213.20000000000002
25855,57,0.2,233.0,232.8
25856,66,0.0,217.4,217.4
25857,51,12.6,259.4,246.79999999999998
25859,45,4.6,193.4,188.8
25862,14,18.8,187.0,168.2
25863,75,3.2,250.0,246.8
25864,55,0.4,221.2,220.79999999999998
25865,29,1.6,143.2,141.6
25866,52,3.6,238.2,234.6
25867,39,0.0,254.6,254.6
25868,28,4.6,131.2,126.6
25869,25,12.6,259.2,246.6
25870,57,5.0,262.4,257.4
25871,39,8.8,210.0,201.2
25872,58,9.0,229.0,220.0
25873,59,4.8,257.6,252.8
25874,42,6.0,236.8,230.8
25876,35,4.0,173.2,169.2
25878,37,3.8,163.4,159.6
25880,54,9.2,211.6,202.4
25881,61,2.0,236.4,234.4
25882,41,15.6,237.4,221.8
25884,34,5.2,146.2,141.0
25885,61,9.6,245.2,235.6
25886,65,8.4,244.2,235.79999999999998
25889,32,5.0,133.8,128.8
25890,40,12.2,222.8,210.60000000000002
25891,22,30.2,254.2,224.0
25892,56,5.0,209.6,204.6
25893,36,2.8,251.4,248.6
25894,52,5.6,253.4,247.8
25895,45,5.8,215.6,209.79999999999998
25896,65,6.0,260.2,254.2
25898,29,3.6,171.8,168.20000000000002
25899,61,9.2,251.6,242.4
25900,50,11.0,257.4,246.39999999999998
25901,12,14.2,139.2,124.99999999999999
25903,10,12.0,198.0,186.0
25904,36,6.2,158.0,151.8
25905,8,10.2,96.4,86.2
25906,55,13.6,247.0,233.4
25908,7,0.0,92.4,92.4
25909,31,9.2,140.0,130.8
25910,59,5.6,257.4,251.79999999999998
25911,56,9.2,257.4,248.2
25912,68,6.6,261.6,255.00000000000003
25913,82,5.8,261.4,255.59999999999997
25914,13,0.2,111.2,111.0
25917,13,6.0,143.4,137.4
25918,55,8.6,226.6,218.0
25919,36,2.0,247.8,245.8
25920,45,6.0,209.4,203.4
25925,51,14.8,228.6,213.79999999999998
25926,7,17.4,151.0,133.6
25928,32,1.4,124.4,123.0
25930,62,2.6,259.0,256.4
25932,47,9.6,219.2,209.6
25933,22,11.0,142.4,131.4
25934,38,2.0,141.0,139.0
25935,11,14.0,244.4,230.4
25936,51,0.2,263.0,262.8
25937,50,13.4,237.0,223.6
25938,64,0.6,262.2,261.59999999999997
25939,54,9.0,251.0,242.0
25940,25,0.0,119.4,119.4
25941,52,9.4,260.2,250.79999999999998
25942,5,2.0,88.0,86.0
25944,11,14.6,181.6,167.0
25945,30,1.0,114.0,113.0
25946,27,4.8,141.2,136.39999999999998
25949,58,2.8,254.8,252.0
25951,49,19.2,229.0,209.8
25953,33,4.4,170.0,165.6
25954,72,5.6,246.2,240.6
25956,28,6.4,124.0,117.6
25959,48,11.0,236.0,225.0
25960,30,6.2,145.0,138.8
25961,47,9.8,185.4,175.6
25962,25,13.0,148.0,135.0
25964,48,4.2,239.4,235.20000000000002
25967,50,6.6,214.0,207.4
25968,31,0.8,241.2,240.39999999999998
25969,45,8.0,219.4,211.4
25970,46,9.0,246.2,237.2
25971,53,6.2,227.6,221.4
25972,49,19.2,230.0,210.8
25973,42,9.6,223.8,214.20000000000002
25974,59,6.4,228.8,222.4
25977,46,1.6,243.2,241.6
25980,43,4.8,225.6,220.79999999999998
25981,33,9.0,197.6,188.6
25985,23,16.2,138.0,121.8
25986,33,9.8,174.8,165.0
25987,22,19.4,226.0,206.6
25988,46,4.2,221.2,217.0
25989,16,0.2,111.4,111.2
25990,43,9.0,212.0,203.0
25992,52,8.0,230.0,222.0
25993,33,6.8,251.4,244.6
25994,36,10.2,223.2,213.0
25995,68,0.2,248.4,248.20000000000002
25998,41,6.4,199.8,193.4
25999,63,3.0,234.6,231.6
26000,55,9.6,250.8,241.20000000000002
26001,73,5.6,257.8,252.20000000000002
26002,53,4.8,247.0,242.2
26003,51,5.2,245.8,240.60000000000002
26004,22,10.8,216.8,206.0
26005,42,12.6,222.2,209.6
26006,56,5.6,254.8,249.20000000000002
26009,19,2.0,165.4,163.4
26010,38,8.6,197.6,189.0
26013,30,3.8,148.2,144.39999999999998
26014,42,6.8,207.8,201.0
26015,11,1.2,111.8,110.6
26016,67,0.4,235.2,234.79999999999998
26020,49,9.4,230.6,221.2
26021,10,2.8,120.2,117.4
26022,38,10.2,199.2,189.0
26023,62,3.6,225.0,221.4
26026,35,12.0,253.0,241.0
26027,17,10.4,241.2,230.79999999999998
26028,7,17.6,154.6,137.0
26030,26,30.0,225.0,195.0
26032,49,7.0,208.2,201.2
26034,45,5.0,229.4,224.4
26035,68,4.4,255.0,250.6
26036,28,4.0,116.6,112.6
26038,59,12.8,252.2,239.39999999999998
26039,59,11.4,251.0,239.6
26040,18,11.6,208.0,196.4
26041,16,4.8,128.8,124.00000000000001
26042,64,2.0,251.6,249.6
26043,10,18.2,219.8,201.60000000000002
26046,7,0.0,109.2,109.2
26050,61,8.6,229.6,221.0
26051,19,4.8,120.4,115.60000000000001
26052,5,27.0,116.4,89.4
26054,8,0.8,72.8,72.0
26055,52,8.0,247.2,239.2
26058,52,12.0,228.8,216.8
26059,56,9.4,245.0,235.6
26060,13,4.6,168.6,164.0
26062,49,7.4,238.4,231.0
26063,40,14.0,213.6,199.6
26065,6,7.8,160.6,152.79999999999998
26066,29,10.8,223.2,212.39999999999998
26068,41,10.0,233.8,223.8
26069,59,9.6,232.0,222.4
26070,44,15.8,188.8,173.0
26071,5,18.8,93.0,74.2
26077,39,7.0,193.8,186.8
26078,28,4.4,197.4,193.0
26079,55,0.0,243.2,243.2
26080,60,0.0,237.0,237.0
26081,66,11.8,235.6,223.79999999999998
26082,46,5.6,239.6,234.0
26083,30,5.0,176.8,171.8
26084,19,17.4,235.2,217.79999999999998
26085,17,4.4,168.0,163.6
26086,74,1.0,237.8,236.8
26088,30,3.6,224.2,220.6
26090,70,13.2,237.2,224.0
26091,46,4.6,215.6,211.0
26092,38,16.8,182.4,165.6
26095,53,6.8,208.8,202.0
26096,35,12.2,148.0,135.8
26099,47,10.8,250.8,240.0
26101,33,6.6,249.4,242.8
26102,24,4.6,125.8,121.2
26103,8,0.8,220.4,219.6
26104,31,4.8,222.4,217.6
26105,28,0.0,105.0,105.0
26106,30,2.8,202.4,199.6
26108,36,4.2,165.6,161.4
26109,66,4.6,248.2,243.6
26110,46,14.2,173.0,158.8
26111,5,3.2,72.8,69.6
26112,49,2.4,228.6,226.2
26113,60,5.4,241.8,236.4
26116,40,1.8,178.2,176.39999999999998
26117,47,14.6,217.2,202.6
26118,5,28.4,146.0,117.6
26120,36,21.8,222.0,200.2
26121,42,4.6,205.4,200.8
26123,6,0.0,144.8,144.8
26124,109,1.6,248.4,246.8
26125,28,5.0,209.4,204.4
26126,60,5.0,248.6,243.6
26127,46,2.4,221.6,219.2
26128,41,0.6,208.2,207.6
26129,49,10.0,226.0,216.0
26131,46,3.6,207.6,204.0
26135,55,14.0,241.4,227.4
26136,50,12.8,250.4,237.6
26137,6,16.8,103.8,87.0
26138,49,7.0,244.2,237.2
26139,49,5.0,212.0,207.0
26140,46,3.0,237.8,234.8
26142,15,6.8,226.0,219.2
26144,52,5.2,239.0,233.8
26145,7,41.0,167.2,126.19999999999999
26146,7,19.2,165.2,146.0
26147,56,1.8,234.2,232.39999999999998
26148,52,0.0,227.6,227.6
26150,64,3.4,250.6,247.2
26154,48,10.8,201.4,190.6
26155,36,8.8,200.0,191.2
26156,59,6.4,244.0,237.6
26157,25,9.0,217.0,208.0
26159,28,12.6,239.6,227.0
26160,10,49.0,215.0,166.0
26161,25,4.8,142.0,137.2
26162,30,3.8,145.6,141.79999999999998
26163,63,6.2,249.0,242.8
26164,40,20.4,217.6,197.2
26165,49,2.8,234.0,231.2
26166,42,11.2,210.0,198.8
26167,9,11.4,134.2,122.79999999999998
26169,59,12.0,251.6,239.6
26170,57,13.2,242.2,229.0
26171,54,4.6,214.0,209.4
26172,35,16.8,213.8,197.0
26173,64,7.0,242.4,235.4
26175,37,0.2,186.2,186.0
26176,10,10.0,166.2,156.2
26177,34,18.2,183.2,165.0
26178,28,0.0,241.4,241.4
26179,34,11.8,202.8,191.0
26182,56,7.0,246.0,239.0
26183,60,1.8,250.6,248.79999999999998
26184,11,16.4,237.8,221.4
26187,31,1.6,218.4,216.8
26188,67,5.8,248.8,243.0
26190,34,5.4,146.8,141.4
26191,47,4.4,220.4,216.0
26192,54,4.4,231.4,227.0
26193,43,14.2,222.0,207.8
26194,17,5.4,138.4,133.0
26195,11,7.0,122.6,115.6
26196,31,5.6,146.4,140.8
26197,46,4.2,211.8,207.60000000000002
26198,26,5.4,107.2,101.8
26199,47,4.2,212.0,207.8
26200,12,0.4,154.4,154.0
26201,39,5.2,200.4,195.20000000000002
26202,5,5.4,106.4,101.0
26203,6,13.8,155.2,141.39999999999998
26205,14,25.6,174.4,148.8
26210,27,0.0,138.8,138.8
26214,27,4.4,214.4,210.0
26215,55,5.8,217.2,211.39999999999998
26216,8,17.4,179.2,161.79999999999998
26219,11,14.0,133.2,119.19999999999999
26220,12,8.0,157.8,149.8
26221,42,4.4,217.6,213.2
26222,44,4.8,220.4,215.6
26223,55,3.2,221.0,217.8
26224,45,6.2,230.2,224.0
26225,30,3.6,142.4,138.8
26226,10,47.6,214.2,166.6
26227,47,6.8,224.4,217.6
26228,52,9.4,243.8,234.4
26230,51,4.6,249.0,244.4
26231,47,5.8,245.8,240.0
26234,14,4.4,220.0,215.6
26235,58,1.4,233.4,232.0
26236,53,5.8,239.4,233.6
26240,7,6.4,77.8,71.39999999999999
26241,36,4.8,175.2,170.39999999999998
26242,12,4.4,110.6,106.19999999999999
26243,49,5.8,237.2,231.39999999999998
26244,43,4.4,228.2,223.79999999999998
26245,35,4.6,202.0,197.4
26247,44,4.0,189.2,185.2
26248,61,0.2,234.6,234.4
26250,49,7.2,238.6,231.4
26253,11,15.6,242.4,226.8
26254,53,17.4,244.4,227.0
26255,26,0.0,210.0,210.0
26257,26,0.4,241.6,241.2
26258,40,6.6,215.8,209.20000000000002
26260,46,5.8,225.4,219.6
26261,18,4.4,201.6,197.2
26262,30,16.0,248.2,232.2
26263,36,5.2,229.8,224.60000000000002
26265,24,4.8,193.6,188.79999999999998
26266,60,1.4,238.6,237.2
26267,45,0.2,229.8,229.60000000000002
26268,44,4.2,231.8,227.60000000000002
26269,14,6.2,162.2,156.0
26271,21,4.6,126.8,122.2
26272,18,17.6,245.2,227.6
26273,20,14.6,211.0,196.4
26276,10,6.2,134.0,127.8
26277,42,1.0,209.4,208.4
26278,8,28.6,128.0,99.4
26280,13,4.8,176.4,171.6
26282,21,4.4,142.6,138.2
26283,46,10.4,232.4,222.0
26284,30,0.0,215.8,215.8
26286,19,10.8,90.8,80.0
26288,72,0.0,247.2,247.2
26289,6,19.6,140.6,121.0
26290,65,4.8,231.4,226.6
26291,32,71.8,218.6,146.8
26292,37,0.6,174.2,173.6
26293,50,2.4,232.0,229.6
26296,54,4.6,225.0,220.4
26297,55,5.8,225.0,219.2
26298,51,10.0,209.4,199.4
26299,50,0.0,218.2,218.2
26300,55,7.8,216.6,208.79999999999998
26301,46,6.0,229.6,223.6
26302,59,2.0,225.6,223.6
26303,31,16.8,142.8,126.00000000000001
26304,39,3.8,202.8,199.0
26305,6,0.2,130.0,129.8
26306,54,4.6,232.2,227.6
26307,37,11.6,221.6,210.0
26309,42,2.8,150.0,147.2
26310,33,5.0,225.6,220.6
26314,61,2.8,150.2,147.39999999999998
26315,22,8.4,228.6,220.2
26317,50,4.4,230.8,226.4
26318,40,4.0,188.2,184.2
26319,47,3.4,227.2,223.79999999999998
26321,28,4.2,141.4,137.20000000000002
26322,32,5.0,225.8,220.8
26324,40,1.6,209.6,208.0
26325,38,5.2,206.8,201.60000000000002
26326,7,11.8,217.0,205.2
26327,9,11.8,119.2,107.4
26329,62,5.0,227.4,222.4
26330,47,4.6,232.8,228.20000000000002
26331,27,8.4,231.4,223.0
26332,26,4.8,212.8,208.0
26333,12,10.2,138.8,128.60000000000002
26334,23,10.8,237.4,226.6
26336,51,3.0,227.0,224.0
26337,22,2.2,215.0,212.8
26338,38,0.4,195.0,194.6
26340,41,4.8,191.2,186.39999999999998
26341,42,4.4,217.0,212.6
26342,49,2.8,221.4,218.6
26343,45,3.2,225.6,222.4
26345,32,4.0,149.6,145.6
26346,17,4.2,140.0,135.8
26347,7,15.6,79.6,63.99999999999999
26348,55,16.2,244.8,228.60000000000002
26349,55,5.0,233.4,228.4
26351,6,0.0,143.6,143.6
26352,11,0.4,153.8,153.4
26353,7,16.8,159.6,142.79999999999998
26354,67,4.8,242.6,237.79999999999998
26355,43,4.6,220.6,216.0
26357,49,4.6,238.4,233.8
26359,51,0.8,238.8,238.0
26361,41,4.6,193.8,189.20000000000002
26363,31,4.0,141.8,137.8
26364,37,4.6,158.4,153.8
26365,30,5.0,131.8,126.80000000000001
26366,43,4.2,217.2,213.0
26368,33,4.2,211.4,207.20000000000002
26369,6,0.2,64.8,64.6
26370,55,1.4,204.2,202.79999999999998
26371,18,2.0,179.2,177.2
26372,29,4.2,203.2,199.0
26373,53,4.2,232.6,228.4
26374,22,0.4,138.2,137.79999999999998
26375,49,0.0,207.2,207.2
26376,17,16.8,172.6,155.79999999999998
26378,23,4.8,98.4,93.60000000000001
26379,54,2.8,226.0,223.2
26382,52,4.6,232.4,227.8
26383,55,8.0,246.2,238.2
26384,34,5.6,165.0,159.4
26386,55,4.8,233.0,228.2
26388,38,4.4,229.6,225.2
26389,12,4.6,117.6,113.0
26391,43,7.4,199.2,191.79999999999998
26392,46,10.6,223.8,213.20000000000002
26393,5,0.0,104.2,104.2
26394,28,1.6,118.2,116.60000000000001
26395,46,4.6,235.2,230.6
26398,30,0.0,233.4,233.4
26400,38,4.2,219.0,214.8
26401,40,4.2,218.6,214.4
26402,37,4.2,179.6,175.4
26403,47,4.2,225.8,221.60000000000002
26405,48,41.6,235.2,193.6
26406,13,25.8,233.6,207.79999999999998
26407,30,0.0,212.0,212.0
26411,56,7.6,245.4,237.8
26413,28,4.8,119.6,114.8
26416,43,9.4,194.2,184.79999999999998
26419,12,33.2,140.4,107.2
26420,46,8.2,210.2,202.0
26421,45,5.6,224.0,218.4
26424,43,3.2,232.6,229.4
26429,46,4.8,237.8,233.0
26431,55,4.6,208.2,203.6
26432,38,7.0,232.2,225.2
26433,28,1.2,143.4,142.20000000000002
26434,35,9.8,159.2,149.39999999999998
26436,46,2.0,234.4,232.4
26437,47,4.6,213.8,209.20000000000002
26438,5,16.0,181.0,165.0
26439,8,0.8,110.6,109.8
26440,15,12.0,170.0,158.0
26442,26,0.0,233.6,233.6
26443,28,12.0,154.8,142.8
26444,49,4.8,216.6,211.79999999999998
26445,34,6.2,146.2,140.0
26446,14,8.4,204.6,196.2
26447,48,6.6,234.0,227.4
26449,67,5.6,234.4,228.8
26450,59,2.0,246.2,244.2
26451,60,3.0,237.4,234.4
26452,48,3.6,223.2,219.6
26453,54,3.0,239.4,236.4
26454,54,0.6,247.0,246.4
26455,32,25.6,236.8,211.20000000000002
26456,12,0.0,127.0,127.0
26458,30,12.6,237.4,224.8
26459,54,4.0,229.4,225.4
26460,9,18.4,243.0,224.6
26461,7,44.0,171.0,127.0
26465,94,12.0,250.8,238.8
26466,31,18.4,202.8,184.4
26467,39,2.6,187.0,184.4
26469,64,4.8,226.6,221.79999999999998
26470,81,0.4,213.0,212.6
26471,64,1.2,240.8,239.60000000000002
26472,72,15.8,224.0,208.2
26473,87,7.8,248.8,241.0
26474,34,0.2,208.0,207.8
26475,71,10.4,208.4,198.0
26482,81,14.8,226.4,211.6
26483,59,14.2,235.4,221.20000000000002
26485,89,11.0,217.0,206.0
26488,79,24.4,219.2,194.79999999999998
26492,42,5.8,191.4,185.6
26493,72,27.0,250.2,223.2
26494,32,27.0,135.4,108.4
26496,34,5.8,159.8,154.0
26497,47,33.4,249.2,215.79999999999998
26498,19,5.6,85.0,79.4
26499,62,18.6,225.4,206.8
26500,41,29.2,239.6,210.4
26501,44,9.2,210.0,200.8
26502,30,0.6,217.2,216.6
26503,76,24.8,242.4,217.6
26505,41,11.8,216.4,204.6
26506,80,29.6,246.4,216.8
26507,7,20.2,80.4,60.2
26508,56,0.2,240.0,239.8
26509,45,6.8,237.4,230.6
26511,46,4.0,231.6,227.6
26512,6,58.0,156.4,98.4
26513,59,1.4,236.8,235.4
26514,33,12.0,144.0,132.0
26515,60,20.2,237.2,217.0
26517,45,4.2,187.2,183.0
26518,42,8.8,173.8,165.0
26523,47,7.0,212.4,205.4
26524,32,6.2,214.4,208.20000000000002
26526,36,7.4,161.2,153.79999999999998
26527,6,34.0,134.4,100.4
26529,8,12.4,107.2,94.8
26530,45,4.8,178.0,173.2
26531,24,5.8,134.2,128.39999999999998
26536,11,3.8,110.4,106.60000000000001
26537,16,5.0,102.0,97.0
26540,56,2.8,230.6,227.79999999999998
26541,14,1.2,138.6,137.4
26542,10,15.0,132.6,117.6
26543,45,9.2,206.4,197.20000000000002
26544,9,12.2,150.2,138.0
26546,41,2.4,181.8,179.4
26547,50,3.0,231.4,228.4
26548,45,2.6,222.4,219.8
26550,38,13.0,206.6,193.6
26551,27,9.2,143.6,134.4
26552,33,7.0,134.8,127.80000000000001
26556,53,8.2,213.0,204.8
26557,28,4.0,172.6,168.6
26558,38,11.2,239.2,228.0
26559,10,0.0,197.0,197.0
26560,37,2.8,227.6,224.79999999999998
26561,38,8.2,186.2,178.0
26562,14,4.2,136.4,132.20000000000002
26563,18,4.8,86.0,81.2
26564,62,1.6,143.4,141.8
26565,45,16.8,225.4,208.6
26566,52,10.2,245.8,235.60000000000002
26568,22,9.6,137.2,127.6
26571,52,16.6,233.8,217.20000000000002
26572,43,10.2,209.6,199.4
26573,99,5.8,219.8,214.0
26576,26,5.2,123.2,118.0
26577,39,5.2,178.8,173.60000000000002
26578,66,0.2,234.4,234.20000000000002
26580,42,3.2,177.2,174.0
26581,55,0.0,229.4,229.4
26582,70,0.8,243.6,242.79999999999998
26583,20,0.0,219.8,219.8
26584,52,5.8,228.2,222.39999999999998
26585,36,2.6,232.0,229.4
26587,45,15.0,207.8,192.8
26589,61,0.0,242.4,242.4
26590,28,9.4,136.4,127.0
26591,37,5.4,201.4,196.0
26592,43,14.8,241.4,226.6
26593,54,0.2,203.8,203.60000000000002
26595,59,0.0,230.6,230.6
26596,53,0.0,225.2,225.2
26598,47,2.8,217.6,214.79999999999998
26599,14,29.0,208.6,179.6
26601,50,6.0,245.0,239.0
26602,39,54.6,244.4,189.8
26603,42,4.0,194.2,190.2
26604,34,15.2,193.2,178.0
26605,48,15.2,223.2,208.0
26607,44,9.8,228.2,218.39999999999998
26609,22,0.2,205.0,204.8
26610,48,12.6,231.6,219.0
26613,50,10.4,240.0,229.6
26615,42,7.0,226.0,219.0
26617,50,10.4,246.0,235.6
26619,21,11.4,86.8,75.39999999999999
26620,15,10.2,143.8,133.60000000000002
26622,47,12.4,235.6,223.2
26623,46,5.0,216.4,211.4
26624,47,9.0,221.4,212.4
26625,44,10.6,199.8,189.20000000000002
26626,23,10.0,109.0,99.0
26627,28,16.0,191.6,175.6
26630,55,10.6,246.0,235.4
26632,39,3.6,194.6,191.0
26633,24,1.4,166.8,165.4
26635,40,17.0,193.4,176.4
26636,11,8.6,114.4,105.80000000000001
26637,18,4.8,170.4,165.6
26639,7,0.0,125.4,125.4
26640,49,3.0,214.0,211.0
26641,16,0.0,169.4,169.4
26642,30,1.2,212.4,211.20000000000002
26643,46,4.6,229.4,224.8
26645,25,8.6,189.4,180.8
26646,55,7.0,232.4,225.4
26647,41,1.8,144.4,142.6
26648,32,4.6,228.8,224.20000000000002
26649,54,7.0,243.0,236.0
26657,60,1.0,243.0,242.0
26659,23,13.4,173.4,160.0
26662,13,4.8,164.2,159.39999999999998
26664,55,9.6,235.0,225.4
26666,30,13.0,220.6,207.6
26667,47,5.4,223.2,217.79999999999998
26668,46,5.6,205.2,199.6
26670,28,4.2,216.8,212.60000000000002
26671,50,10.4,242.8,232.4
26672,16,9.8,164.2,154.39999999999998
26674,57,9.8,237.4,227.6
26675,27,4.2,135.0,130.8
26676,14,6.8,108.4,101.60000000000001
26677,23,8.6,185.4,176.8
26680,45,8.6,224.6,216.0
26681,17,16.2,157.2,141.0
26682,48,9.0,229.2,220.2
26683,59,9.0,242.6,233.6
26684,26,2.6,142.0,139.4
26686,21,8.6,141.8,133.20000000000002
26687,19,15.2,185.0,169.8
26688,39,2.8,143.2,140.39999999999998
26689,51,20.8,172.0,151.2
26690,18,11.6,170.8,159.20000000000002
26691,17,36.4,142.8,106.4
26692,29,10.6,166.0,155.4
26693,62,13.6,234.2,220.6
26694,31,4.8,138.2,133.39999999999998
26696,62,8.0,243.2,235.2
26697,30,7.2,144.4,137.20000000000002
26698,43,0.4,235.8,235.4
26699,39,15.2,225.8,210.60000000000002
26703,55,2.2,193.4,191.20000000000002
26704,55,5.6,236.4,230.8
26706,45,7.0,217.8,210.8
26707,47,19.0,222.6,203.6
26709,57,7.0,227.0,220.0
26712,40,9.2,188.0,178.8
26713,57,2.4,217.0,214.6
26714,14,21.6,130.4,108.80000000000001
26716,28,9.0,216.8,207.8
26718,57,0.6,216.4,215.8
26719,59,3.4,237.0,233.6
26720,29,9.0,227.0,218.0
26721,60,6.8,227.2,220.39999999999998
26722,25,7.0,118.0,111.0
26726,25,8.6,218.2,209.6
26728,16,6.8,79.8,73.0
26729,5,0.4,138.0,137.6
26731,10,28.6,140.4,111.80000000000001
26732,23,0.2,196.8,196.60000000000002
26733,53,4.6,215.2,210.6
26734,39,4.6,200.6,196.0
26735,32,5.2,216.8,211.60000000000002
26736,53,5.4,228.4,223.0
26737,27,7.4,221.4,214.0
26739,31,8.8,223.6,214.79999999999998
26740,14,16.6,221.6,205.0
26742,45,31.4,210.2,178.79999999999998
26743,45,4.6,207.8,203.20000000000002
26744,25,12.8,207.2,194.39999999999998
26746,47,6.2,180.8,174.60000000000002
26747,63,4.8,212.2,207.39999999999998
26748,40,22.0,214.6,192.6
26749,47,5.6,155.4,149.8
26750,40,3.6,197.4,193.8
26751,54,7.2,236.2,229.0
26753,20,10.0,165.4,155.4
26754,22,12.4,144.4,132.0
26755,27,14.4,171.0,156.6
26757,77,1.0,223.4,222.4
26758,35,10.0,220.4,210.4
26759,23,10.4,143.4,133.0
26761,54,5.2,211.2,206.0
26762,51,3.6,227.2,223.6
26763,59,5.0,227.6,222.6
26764,15,10.2,149.8,139.60000000000002
26767,13,16.8,140.2,123.39999999999999
26768,56,7.6,243.4,235.8
26769,26,23.6,153.6,130.0
26770,59,0.6,242.2,241.6
26771,20,58.6,208.4,149.8
26772,51,39.2,226.0,186.8
26773,42,17.0,216.6,199.6
26775,45,15.4,219.6,204.2
26776,9,13.2,136.4,123.2
26779,45,21.0,219.2,198.2
26780,46,11.8,233.8,222.0
26781,45,4.4,212.6,208.2
26782,48,18.4,230.8,212.4
26783,14,6.6,130.2,123.6
26784,53,13.8,235.2,221.39999999999998
26786,52,10.2,236.2,226.0
26790,42,5.6,216.4,210.8
26791,32,59.8,200.2,140.39999999999998
26792,46,11.2,231.2,220.0
26794,49,7.6,211.0,203.4
26795,11,17.8,170.0,152.2
26797,12,5.0,180.4,175.4
26798,40,9.2,143.0,133.8
26800,14,5.0,192.6,187.6
26801,33,0.8,183.6,182.79999999999998
26802,48,11.2,226.6,215.4
26804,16,21.6,196.8,175.20000000000002
26805,12,0.0,151.4,151.4
26806,23,4.6,110.2,105.60000000000001
26807,73,2.0,172.6,170.6
26808,32,1.8,137.6,135.79999999999998
26810,52,2.6,187.4,184.8
26811,57,1.2,226.4,225.20000000000002
26812,53,6.0,224.6,218.6
26814,30,4.8,221.8,217.0
26816,45,0.2,216.8,216.60000000000002
26817,15,19.2,137.6,118.39999999999999
26819,50,6.2,220.6,214.4
26820,48,5.4,211.2,205.79999999999998
26821,48,0.0,228.2,228.2
26822,34,6.2,180.6,174.4
26827,59,4.2,227.4,223.20000000000002
26828,20,6.0,192.0,186.0
26830,43,4.2,217.6,213.4
26833,30,5.6,143.8,138.20000000000002
26834,53,0.0,227.0,227.0
26835,21,6.2,178.4,172.20000000000002
26837,29,10.4,226.0,215.6
26838,51,4.4,226.4,222.0
26839,47,2.0,218.0,216.0
26840,60,6.2,229.4,223.20000000000002
26841,49,3.4,219.8,216.4
26842,36,3.2,195.4,192.20000000000002
26843,42,5.2,218.0,212.8
26844,33,3.4,209.4,206.0
26845,46,4.2,215.6,211.4
26846,29,4.8,144.8,140.0
26848,54,0.0,214.2,214.2
26849,50,10.6,235.0,224.4
26850,12,3.2,132.8,129.60000000000002
26852,47,1.0,218.0,217.0
26853,20,0.0,143.2,143.2
26854,64,4.4,220.2,215.79999999999998
26855,21,17.6,136.0,118.4
26857,46,4.6,208.0,203.4
26858,29,5.6,125.4,119.80000000000001
26859,63,0.0,222.6,222.6
26860,55,5.8,213.0,207.2
26861,12,23.6,184.8,161.20000000000002
26863,34,22.0,230.2,208.2
26864,15,4.4,145.8,141.4
26865,20,4.4,197.2,192.79999999999998
26867,32,11.4,196.0,184.6
26869,27,21.0,203.6,182.6
26871,14,30.8,150.8,120.00000000000001
26872,12,4.2,138.0,133.8
26875,24,0.4,144.8,144.4
26876,21,11.8,153.0,141.2
26878,17,23.4,140.2,116.79999999999998
26879,20,16.0,136.6,120.6
26880,25,12.6,186.2,173.6
26881,29,19.4,228.0,208.6
26882,16,11.6,136.2,124.6
26883,53,6.0,228.2,222.2
26887,47,2.8,126.2,123.4
26888,13,14.8,201.0,186.2
26889,18,4.0,155.2,151.2
26891,13,9.0,120.0,111.0
26893,44,4.4,211.4,207.0
26894,46,11.4,215.0,203.6
26895,47,2.4,188.0,185.6
26898,49,6.2,232.0,225.8
26899,16,4.0,201.6,197.6
26900,56,8.8,216.0,207.2
26902,41,3.4,179.6,176.2
26903,31,0.6,181.6,181.0
26904,13,12.0,144.2,132.2
26905,45,5.6,226.8,221.20000000000002
26906,44,2.6,123.4,120.80000000000001
26907,59,2.6,144.0,141.4
26908,14,4.0,222.4,218.4
26909,67,7.2,220.8,213.60000000000002
26910,59,3.0,202.0,199.0
26911,60,0.0,216.2,216.2
26913,50,0.8,189.8,189.0
26915,12,0.4,131.6,131.2
26923,46,1.8,224.0,222.2
26925,17,11.4,155.2,143.79999999999998
26926,43,5.2,221.2,216.0
26931,74,2.4,226.4,224.0
26932,46,5.4,182.0,176.6
26934,11,14.8,156.0,141.2
26936,67,0.6,235.0,234.4
26939,14,42.0,214.6,172.6
26940,48,4.2,217.4,213.20000000000002
26941,36,4.4,173.4,169.0
26942,49,4.4,208.0,203.6
26944,29,14.2,166.8,152.60000000000002
26945,51,5.0,229.4,224.4
26946,40,4.8,212.0,207.2
26951,18,13.0,157.0,144.0
26952,27,12.8,149.8,137.0
26953,39,8.0,193.8,185.8
26954,22,20.0,149.8,129.8
26955,46,11.2,214.4,203.20000000000002
26956,9,2.2,146.4,144.20000000000002
26957,12,9.6,121.4,111.80000000000001
26959,25,2.4,212.6,210.2
26962,35,9.8,222.0,212.2
26964,14,13.0,109.2,96.2
26966,33,2.8,223.6,220.79999999999998
26967,62,4.6,238.4,233.8
26970,61,2.8,228.4,225.6
26971,27,7.8,199.6,191.79999999999998
26972,57,6.8,217.4,210.6
26973,50,2.8,224.0,221.2
26974,31,11.2,170.6,159.4
26975,55,5.8,232.4,226.6
26976,27,3.8,190.4,186.6
26978,52,5.2,224.0,218.8
26979,14,10.6,156.6,146.0
26982,17,8.4,157.0,148.6
26984,51,11.6,214.8,203.20000000000002
26985,45,5.8,211.4,205.6
26986,17,42.6,168.6,126.0
26988,53,5.2,216.8,211.60000000000002
26991,44,5.0,202.6,197.6
26992,61,13.2,230.2,217.0
26993,34,8.6,219.8,211.20000000000002
26994,33,2.2,161.0,158.8
26995,29,9.6,154.4,144.8
26996,11,8.0,136.2,128.2
26998,24,14.4,130.0,115.6
27001,43,2.8,232.6,229.79999999999998
27004,32,0.2,159.2,159.0
27005,24,12.2,158.2,146.0
27006,13,11.0,134.8,123.80000000000001
27008,7,15.4,128.6,113.19999999999999
27011,48,4.8,210.4,205.6
27012,58,3.6,222.2,218.6
27014,8,11.8,102.8,91.0
27015,58,4.6,214.8,210.20000000000002
27016,45,6.6,214.8,208.20000000000002
27017,51,15.0,219.2,204.2
27020,27,50.8,193.4,142.60000000000002
27021,29,38.6,203.4,164.8
27022,36,7.0,192.4,185.4
27025,50,6.8,225.4,218.6
27027,45,12.6,195.0,182.4
27029,53,3.8,227.6,223.79999999999998
27031,51,0.8,216.4,215.6
27032,25,7.6,201.2,193.6
27033,18,3.8,173.6,169.79999999999998
27034,27,6.6,148.6,142.0
27039,41,9.2,218.8,209.60000000000002
27040,29,6.0,218.4,212.4
27041,40,10.6,215.6,205.0
27042,22,9.8,125.0,115.2
27044,55,6.2,232.0,225.8
27047,26,3.8,137.4,133.6
27048,50,1.4,207.2,205.79999999999998
27050,40,6.6,203.8,197.20000000000002
27052,28,4.6,132.8,128.20000000000002
27053,45,0.0,205.6,205.6
27054,37,9.4,194.8,185.4
27055,25,10.0,223.0,213.0
27056,41,13.2,218.4,205.20000000000002
27057,46,13.2,226.6,213.4
27058,23,6.2,112.0,105.8
27059,41,12.6,218.8,206.20000000000002
27060,47,4.6,221.4,216.8
27061,41,6.6,205.8,199.20000000000002
27062,34,3.8,135.2,131.39999999999998
27063,33,10.8,143.8,133.0
27064,31,6.6,213.2,206.6
27066,18,8.6,140.2,131.6
27067,20,33.6,142.2,108.6
27069,58,3.2,216.2,213.0
27070,19,19.8,171.4,151.6
27071,34,10.0,206.0,196.0
27072,33,5.8,141.0,135.2
27073,57,1.6,214.0,212.4
27074,27,22.0,188.6,166.6
27075,48,7.6,171.8,164.20000000000002
27076,35,4.2,164.2,160.0
27077,47,4.6,221.4,216.8
27078,50,4.2,217.0,212.8
27079,50,4.4,207.8,203.4
27080,41,1.0,186.8,185.8
27081,32,1.0,222.6,221.6
27084,16,9.8,139.0,129.2
27085,43,9.8,215.0,205.2
27087,48,0.0,215.0,215.0
27088,36,3.8,177.6,173.79999999999998
27089,38,28.2,191.6,163.4
27092,46,1.2,220.2,219.0
27093,50,5.2,218.0,212.8
27094,14,9.8,152.4,142.6
27095,9,4.4,123.8,119.39999999999999
27096,16,0.0,120.6,120.6
27097,46,5.2,185.4,180.20000000000002
27098,54,4.0,218.2,214.2
27100,21,5.4,198.8,193.4
27101,28,13.0,207.4,194.4
27102,29,8.0,201.0,193.0
27103,14,2.4,135.4,133.0
27104,15,0.2,112.8,112.6
27105,30,12.2,218.4,206.20000000000002
27107,12,0.0,124.8,124.8
27108,33,10.4,158.0,147.6
27109,54,0.6,195.4,194.8
27110,54,20.8,221.2,200.39999999999998
27111,45,15.2,214.4,199.20000000000002
27112,27,10.2,137.8,127.60000000000001
27113,51,4.0,218.4,214.4
27115,30,4.6,143.4,138.8
27116,40,4.0,173.8,169.8
27117,93,2.2,217.8,215.60000000000002
27119,60,10.4,230.8,220.4
27120,14,1.2,82.4,81.2
27121,51,4.6,176.6,172.0
27122,37,3.0,171.0,168.0
27124,35,4.8,178.6,173.79999999999998
27126,47,13.4,207.8,194.4
27127,40,0.0,218.6,218.6
27129,42,0.0,187.6,187.6
27130,41,0.0,166.8,166.8
27131,29,6.2,94.0,87.8
27133,49,4.6,231.0,226.4
27134,49,3.2,213.6,210.4
27135,50,9.6,226.8,217.20000000000002
27137,31,14.4,192.2,177.79999999999998
27138,46,4.6,215.8,211.20000000000002
27139,26,4.8,110.6,105.8
27141,52,7.8,229.6,221.79999999999998
27144,16,13.4,71.2,57.800000000000004
27145,29,4.2,144.4,140.20000000000002
27147,20,0.0,141.6,141.6
27150,42,0.8,190.0,189.2
27153,48,5.2,209.2,204.0
27154,41,4.6,201.0,196.4
27155,41,0.0,162.4,162.4
27156,42,4.8,201.2,196.39999999999998
27157,33,8.0,197.2,189.2
27158,40,9.6,218.4,208.8
27159,12,9.4,141.2,131.79999999999998
27160,34,7.6,221.6,214.0
27161,28,4.2,153.8,149.60000000000002
27164,31,7.6,218.0,210.4
27165,19,19.8,164.6,144.79999999999998
27166,9,7.4,143.2,135.79999999999998
27168,40,7.8,194.0,186.2
27170,26,8.4,203.6,195.2
27171,45,7.0,210.8,203.8
27174,33,5.6,208.6,203.0
27175,36,8.2,212.8,204.60000000000002
27178,56,7.0,206.0,199.0
27183,5,15.4,131.6,116.19999999999999
27185,15,13.8,159.2,145.39999999999998
27186,44,6.2,194.8,188.60000000000002
27190,15,28.0,195.0,167.0
27191,30,2.0,200.6,198.6
27192,49,6.0,218.2,212.2
27193,59,4.6,217.2,212.6
27194,29,8.2,165.0,156.8
27199,21,10.4,224.6,214.2
27200,40,4.6,189.0,184.4
27203,37,14.0,200.2,186.2
27204,12,7.0,138.6,131.6
27207,47,7.6,224.8,217.20000000000002
27208,22,7.0,197.0,190.0
27209,18,7.4,174.2,166.79999999999998
27210,52,6.8,212.6,205.79999999999998
27211,47,4.8,212.8,208.0
27212,65,6.8,224.2,217.39999999999998
27217,18,7.0,171.6,164.6
27218,50,8.2,225.4,217.20000000000002
27219,23,7.0,194.0,187.0
27220,24,1.8,196.6,194.79999999999998
27221,46,8.4,225.4,217.0
27223,23,3.4,202.0,198.6
27224,27,11.8,220.0,208.2
27225,22,7.2,202.0,194.8
27227,36,3.4,182.0,178.6
27228,18,4.2,172.2,168.0
27233,50,3.0,207.0,204.0
27234,9,12.8,85.8,73.0
27235,46,7.4,213.6,206.2
27236,42,8.2,175.8,167.60000000000002
27240,48,4.8,220.6,215.79999999999998
27243,46,3.0,121.4,118.4
27244,25,21.0,138.0,117.0
27245,23,4.8,216.0,211.2
27248,45,64.4,221.2,156.79999999999998
27249,55,2.2,211.2,209.0
27251,20,1.6,142.8,141.20000000000002
27252,40,4.6,217.4,212.8
27253,55,7.4,217.8,210.4
27255,51,14.2,217.2,203.0
27256,43,4.2,205.0,200.8
27257,43,10.4,199.4,189.0
27258,50,7.8,212.6,204.79999999999998
27259,45,4.8,213.8,209.0
27260,22,0.0,121.6,121.6
27262,49,10.2,223.2,213.0
27263,55,2.8,143.2,140.39999999999998
27264,18,6.0,188.4,182.4
27265,29,4.8,184.2,179.39999999999998
27266,64,5.6,220.4,214.8
27267,11,4.2,143.8,139.60000000000002
27269,54,2.8,227.6,224.79999999999998
27270,29,4.4,208.4,204.0
27272,44,4.6,196.4,191.8
27275,43,3.2,203.8,200.60000000000002
27277,45,0.0,156.6,156.6
27278,40,12.0,191.6,179.6
27279,57,3.4,203.0,199.6
27280,24,8.2,135.8,127.60000000000001
27282,33,4.6,195.6,191.0
27283,30,4.2,136.2,132.0
27284,41,3.4,197.4,194.0
27285,7,0.2,99.2,99.0
27287,37,3.6,159.0,155.4
27288,41,11.4,199.6,188.2
27289,47,8.4,216.6,208.2
27290,46,2.8,193.8,191.0
27292,45,8.8,215.4,206.6
27293,48,21.2,232.4,211.20000000000002
27294,41,4.4,177.0,172.6
27295,49,11.4,213.6,202.2
27296,31,4.2,151.2,147.0
27300,38,12.4,193.0,180.6
27303,14,11.4,95.4,84.0
27305,32,12.4,172.2,159.79999999999998
27306,49,8.4,223.0,214.6
27307,31,8.4,212.8,204.4
27308,33,18.0,151.0,133.0
27309,38,0.8,186.2,185.39999999999998
27310,11,18.2,190.4,172.20000000000002
27312,10,18.6,148.6,130.0
27313,13,7.0,149.4,142.4
27314,26,4.2,226.6,222.4
27315,13,0.0,131.6,131.6
27316,61,14.2,225.8,211.60000000000002
27317,53,14.2,228.6,214.4
27318,43,7.8,199.4,191.6
27319,29,17.4,168.0,150.6
27322,38,3.6,169.4,165.8
27323,47,6.0,215.4,209.4
27324,21,7.6,195.8,188.20000000000002
27325,49,8.2,219.2,211.0
27326,51,8.2,224.6,216.4
27329,45,4.0,215.4,211.4
27331,44,7.2,214.2,207.0
27332,9,20.4,91.0,70.6
27334,14,14.8,153.4,138.6
27335,50,8.0,221.8,213.8
27336,49,8.0,214.4,206.4
27337,49,6.0,215.4,209.4
27338,42,22.8,214.0,191.2
27339,13,13.6,215.4,201.8
27340,30,11.4,216.2,204.79999999999998
27341,14,9.8,162.2,152.39999999999998
27343,22,11.2,193.4,182.20000000000002
27345,44,4.6,207.4,202.8
27347,9,9.6,215.6,206.0
27349,47,4.2,215.6,211.4
27350,45,8.2,220.4,212.20000000000002
27351,44,7.4,220.2,212.79999999999998
27353,22,1.8,99.8,98.0
27354,49,7.0,212.6,205.6
27355,52,8.4,213.4,205.0
27356,49,5.2,221.6,216.4
27357,47,8.0,215.8,207.8
27358,40,5.6,164.4,158.8
27359,46,11.4,216.0,204.6
27360,29,4.2,210.0,205.8
27363,52,5.0,217.0,212.0
27364,22,7.0,216.0,209.0
27365,49,3.8,217.4,213.6
27366,50,1.8,216.0,214.2
27367,39,4.8,226.8,222.0
27368,48,8.4,216.0,207.6
27369,41,8.4,214.8,206.4
27370,39,12.6,186.2,173.6
27371,29,12.2,140.4,128.20000000000002
27373,55,4.6,209.6,205.0
27375,12,7.0,110.0,103.0
27376,50,4.8,219.4,214.6
27377,7,69.8,191.0,121.2
27378,14,7.0,153.4,146.4
27380,30,5.6,143.6,138.0
27381,50,2.6,194.4,191.8
27382,20,7.0,207.0,200.0
27384,19,0.0,125.4,125.4
27385,44,11.8,190.4,178.6
27387,21,6.6,101.6,95.0
27388,20,6.2,142.0,135.8
27389,60,4.2,215.4,211.20000000000002
27390,38,5.4,206.0,200.6
27391,10,11.4,106.8,95.39999999999999
27392,10,7.6,130.2,122.6
27394,8,14.2,128.2,113.99999999999999
27395,51,6.8,216.8,210.0
27396,43,2.2,189.8,187.60000000000002
27397,53,4.4,195.0,190.6
27398,40,5.8,160.0,154.2
27399,50,4.4,211.0,206.6
27400,29,4.6,132.8,128.20000000000002
27401,21,7.0,175.6,168.6
27402,84,2.0,181.6,179.6
27403,33,5.4,155.6,150.2
27406,60,6.6,225.4,218.8
27407,51,20.0,223.8,203.8
27408,18,24.6,131.2,106.6
27410,52,5.6,209.2,203.6
27411,15,7.0,191.0,184.0
27412,22,12.8,132.8,120.00000000000001
27413,30,10.6,187.6,177.0
27415,43,2.2,198.6,196.4
27416,7,11.8,140.4,128.6
27418,28,18.8,218.6,199.79999999999998
27419,19,7.0,185.8,178.8
27421,35,6.8,214.8,208.0
27423,47,5.4,229.6,224.2
27425,48,6.0,214.8,208.8
27426,28,4.2,166.8,162.60000000000002
27428,18,9.4,213.4,204.0
27429,43,0.2,215.4,215.20000000000002
27432,13,3.4,99.8,96.39999999999999
27433,27,7.2,221.0,213.8
27434,45,8.2,207.8,199.60000000000002
27435,60,0.6,218.2,217.6
27436,11,3.4,142.8,139.4
27437,39,5.0,185.0,180.0
27439,54,4.2,224.6,220.4
27441,36,5.6,144.2,138.6
27442,10,17.4,136.2,118.79999999999998
27443,57,1.6,217.0,215.4
27444,25,7.8,140.0,132.2
27446,56,10.2,226.4,216.20000000000002
27447,54,4.2,218.8,214.60000000000002
27448,23,10.4,129.4,119.0
27449,29,4.0,140.8,136.8
27450,7,3.6,137.4,133.8
27451,10,3.6,137.4,133.8
27452,8,15.8,143.4,127.60000000000001
27454,49,4.2,217.6,213.4
27456,54,6.4,222.0,215.6
27457,12,21.2,141.8,120.60000000000001
27458,46,31.0,206.6,175.6
27459,12,13.2,127.8,114.6
27460,42,15.0,223.4,208.4
27461,43,4.6,216.4,211.8
27462,26,0.2,198.8,198.60000000000002
27464,51,0.0,210.0,210.0
27465,11,8.8,122.8,114.0
27466,45,8.0,213.2,205.2
27467,7,7.8,88.8,81.0
27468,33,3.2,142.2,139.0
27469,37,5.2,141.4,136.20000000000002
27470,7,7.2,132.0,124.8
27471,8,6.2,80.2,74.0
27472,51,5.0,228.0,223.0
27473,11,7.8,135.8,128.0
27477,6,27.0,83.2,56.2
27478,52,5.2,213.0,207.8
27480,53,6.0,220.0,214.0
27481,34,4.8,140.0,135.2
27482,11,13.6,120.4,106.80000000000001
27484,11,4.4,120.4,116.0
27485,7,40.8,132.2,91.39999999999999
27487,51,10.8,211.6,200.79999999999998
27489,56,4.6,227.0,222.4
27490,40,21.0,208.2,187.2
27493,11,4.6,123.6,119.0
27495,28,8.2,140.2,132.0
27496,26,4.0,208.4,204.4
27497,47,9.8,214.6,204.79999999999998
27498,32,14.8,138.4,123.60000000000001
27499,45,0.8,191.6,190.79999999999998
27500,49,3.8,213.6,209.79999999999998
27501,9,20.2,163.8,143.60000000000002
27503,48,11.2,211.4,200.20000000000002
27504,34,1.2,122.2,121.0
27505,8,20.2,196.2,176.0
27507,25,0.2,171.0,170.8
27508,27,40.4,177.4,137.0
27509,27,12.8,222.8,210.0
27510,13,9.6,181.6,172.0
27512,54,12.0,215.0,203.0
27513,34,1.8,143.2,141.39999999999998
27515,49,0.0,205.4,205.4
27516,55,6.6,221.8,215.20000000000002
27518,16,2.6,201.4,198.8
27519,20,4.2,178.4,174.20000000000002
27520,11,21.8,164.6,142.79999999999998
27521,25,19.0,210.2,191.2
27524,49,8.2,216.2,208.0
27525,41,9.4,206.0,196.6
27527,47,5.8,218.2,212.39999999999998
27528,30,3.8,144.2,140.39999999999998
27529,44,5.8,213.0,207.2
27531,24,5.0,136.6,131.6
27533,40,3.2,206.2,203.0
27534,58,2.6,222.6,220.0
27536,63,0.6,215.8,215.20000000000002
27537,31,3.4,151.0,147.6
27538,51,0.4,214.8,214.4
27539,11,20.2,170.2,150.0
27541,52,2.6,220.4,217.8
27542,47,3.4,212.6,209.2
27543,14,8.8,140.4,131.6
27545,40,8.6,183.4,174.8
27546,50,16.0,203.0,187.0
27547,32,9.2,169.4,160.20000000000002
27548,47,4.6,213.8,209.20000000000002
27550,39,33.4,216.6,183.2
27551,34,4.6,199.2,194.6
27554,16,11.4,155.4,144.0
27556,49,13.0,201.8,188.8
27557,10,6.4,140.2,133.79999999999998
27560,9,10.0,134.8,124.80000000000001
27561,7,10.2,134.8,124.60000000000001
27562,45,4.2,194.4,190.20000000000002
27563,49,11.4,203.0,191.6
27564,63,5.0,218.0,213.0
27566,44,14.4,213.0,198.6
27568,5,9.8,151.2,141.39999999999998
27569,30,11.4,162.6,151.2
27572,8,26.8,125.0,98.2
27573,11,9.0,84.2,75.2
27574,14,15.2,167.4,152.20000000000002
27575,51,5.8,212.2,206.39999999999998
27576,21,0.8,133.2,132.39999999999998
27578,29,6.6,141.0,134.4
27579,23,0.4,193.4,193.0
27580,47,0.4,211.8,211.4
27582,24,4.4,170.0,165.6
27583,35,4.6,203.0,198.4
27584,37,4.6,205.0,200.4
27585,52,8.4,224.0,215.6
27587,48,2.8,221.2,218.39999999999998
27588,52,14.0,187.4,173.4
27589,25,0.0,190.8,190.8
27591,84,2.6,173.8,171.20000000000002
27593,44,5.0,181.2,176.2
27594,46,1.6,180.0,178.4
27596,44,6.0,214.6,208.6
27597,53,1.8,212.8,211.0
27598,52,2.8,212.0,209.2
27599,41,3.2,188.8,185.60000000000002
27600,55,4.8,216.8,212.0
27602,37,0.0,175.0,175.0
27603,30,5.0,143.4,138.4
27604,49,6.0,219.6,213.6
27605,28,6.0,141.8,135.8
27607,56,1.0,215.2,214.2
27611,33,4.8,169.6,164.79999999999998
27612,46,4.6,217.0,212.4
27613,45,5.0,170.0,165.0
27615,33,17.8,208.0,190.2
27616,40,0.6,194.6,194.0
27617,37,9.0,213.6,204.6
27618,38,5.6,209.8,204.20000000000002
27620,30,11.0,127.6,116.6
27621,19,23.2,209.8,186.60000000000002
27622,9,2.6,140.6,138.0
27623,42,7.8,201.8,194.0
27624,55,4.8,215.4,210.6
27625,24,13.4,138.2,124.79999999999998
27626,32,14.6,141.4,126.80000000000001
27627,45,4.0,219.8,215.8
27628,41,5.0,174.0,169.0
27631,9,27.2,92.0,64.8
27632,36,8.4,214.8,206.4
27633,50,9.8,200.4,190.6
27634,29,17.0,200.2,183.2
27635,47,11.0,228.6,217.6
27636,30,2.6,142.6,140.0
27637,25,6.4,172.0,165.6
27638,32,3.4,103.6,100.19999999999999
27640,48,3.8,181.8,178.0
27641,9,7.4,138.0,130.6
27642,13,7.2,157.6,150.4
27644,44,2.8,184.8,182.0
27645,44,4.6,205.6,201.0
27647,45,12.4,209.6,197.2
27648,24,4.2,203.4,199.20000000000002
27650,17,18.8,204.2,185.39999999999998
27651,27,4.6,141.8,137.20000000000002
27653,31,4.4,134.6,130.2
27654,29,4.4,171.8,167.4
27655,24,5.6,122.4,116.80000000000001
27656,31,5.8,143.6,137.79999999999998
27657,48,9.0,218.2,209.2
27658,26,50.6,178.6,128.0
27659,54,4.8,193.4,188.6
27661,39,3.2,189.4,186.20000000000002
27662,49,0.8,182.0,181.2
27663,29,4.6,138.0,133.4
27665,40,5.4,184.2,178.79999999999998
27666,7,0.0,164.0,164.0
27667,42,4.6,212.4,207.8
27670,25,0.0,209.6,209.6
27671,9,15.4,130.8,115.4
27672,34,9.2,210.2,201.0
27673,30,13.8,162.8,149.0
27674,32,2.6,158.2,155.6
27675,47,4.4,210.6,206.2
27676,28,4.4,149.4,145.0
27678,29,5.4,139.0,133.6
27679,23,6.6,120.4,113.80000000000001
27680,29,1.0,173.8,172.8
27681,35,3.4,160.2,156.79999999999998
27683,48,9.0,223.2,214.2
27684,21,44.4,211.0,166.6
27686,35,6.4,195.4,189.0
27687,47,10.2,216.0,205.8
27688,25,4.2,159.4,155.20000000000002
27691,52,13.6,208.6,195.0
27693,31,8.2,177.8,169.60000000000002
27694,8,9.6,171.2,161.6
27695,43,3.8,176.2,172.39999999999998
27696,8,24.8,149.4,124.60000000000001
27698,46,4.4,202.4,198.0
27699,46,1.4,214.8,213.4
27700,34,5.8,152.8,147.0
27701,23,5.0,170.8,165.8
27702,54,13.6,217.6,204.0
27703,57,4.8,220.2,215.39999999999998
27705,55,4.6,215.6,211.0
27707,11,37.4,167.8,130.4
27708,41,5.6,199.8,194.20000000000002
27710,59,4.6,216.2,211.6
27711,51,2.8,207.0,204.2
27712,53,4.8,212.8,208.0
27713,6,9.2,82.2,73.0
27714,35,17.4,161.2,143.79999999999998
27715,48,5.0,211.6,206.6
27716,16,8.2,170.4,162.20000000000002
27717,40,1.8,178.4,176.6
27720,32,0.0,144.2,144.2
27721,48,14.6,217.6,203.0
27723,28,3.6,137.4,133.8
27725,12,11.8,141.4,129.6
27726,15,12.4,158.4,146.0
27728,28,4.6,127.4,122.80000000000001
27729,36,4.2,188.2,184.0
27731,34,13.2,172.8,159.60000000000002
27732,34,4.4,211.8,207.4
27733,49,9.2,204.6,195.4
27734,58,7.2,203.8,196.60000000000002
27736,34,7.4,198.4,191.0
27737,46,3.6,214.4,210.8
27739,37,4.6,197.6,193.0
27740,40,4.2,211.6,207.4
27741,47,3.2,220.0,216.8
27742,48,1.8,201.2,199.39999999999998
27743,25,18.8,165.8,147.0
27744,21,3.2,123.2,120.0
27746,20,2.8,137.8,135.0
27747,30,0.0,203.8,203.8
27748,15,6.0,139.6,133.6
27749,40,4.2,202.4,198.20000000000002
27752,48,9.8,223.8,214.0
27753,26,3.2,116.6,113.39999999999999
27754,54,6.4,215.2,208.79999999999998
27756,48,8.4,206.0,197.6
27757,66,0.8,199.4,198.6
27759,31,1.4,132.4,131.0
27760,44,7.2,216.8,209.60000000000002
27761,27,7.4,141.4,134.0
27762,51,8.2,196.0,187.8
27764,49,3.6,209.2,205.6
27765,34,4.6,179.8,175.20000000000002
27769,47,0.0,215.8,215.8
27770,51,3.0,200.0,197.0
27771,16,16.8,186.0,169.2
27773,7,13.6,145.4,131.8
27775,37,5.0,176.6,171.6
27776,44,5.2,221.8,216.60000000000002
27777,44,8.4,215.8,207.4
27778,29,4.8,220.6,215.79999999999998
27780,29,3.4,198.4,195.0
27783,48,0.0,203.4,203.4
27784,42,4.4,208.6,204.2
27785,19,5.6,113.6,108.0
27788,40,4.8,214.4,209.6
27789,44,8.6,198.0,189.4
27790,42,2.4,209.2,206.79999999999998
27792,42,11.4,207.0,195.6
27793,49,6.2,213.8,207.60000000000002
27794,49,7.0,219.4,212.4
27795,43,6.8,217.0,210.2
27796,39,3.4,202.8,199.4
27797,24,2.2,201.8,199.60000000000002
27798,16,55.2,129.8,74.60000000000001
27800,35,0.2,180.8,180.60000000000002
27801,55,7.6,217.8,210.20000000000002
27802,58,7.4,220.4,213.0
27803,11,14.0,167.2,153.2
27807,47,4.6,213.6,209.0
27808,46,7.0,224.6,217.6
27809,23,56.2,225.0,168.8
27811,31,7.6,142.2,134.6
27815,49,8.8,212.0,203.2
27816,39,6.2,173.8,167.60000000000002
27817,53,7.8,223.0,215.2
27818,44,8.0,190.0,182.0
27819,46,5.4,212.6,207.2
27820,55,3.8,220.8,217.0
27822,35,5.2,170.8,165.60000000000002
27824,43,4.2,215.6,211.4
27825,24,4.4,141.4,137.0
27826,33,4.8,206.2,201.39999999999998
27827,22,11.8,133.6,121.8
27830,32,4.8,169.0,164.2
27831,23,9.4,127.0,117.6
27832,19,8.0,148.2,140.2
27833,28,7.2,171.6,164.4
27834,15,4.8,77.0,72.2
27835,19,6.2,142.2,136.0
27837,57,0.0,202.8,202.8
27838,18,9.2,177.2,168.0
27839,30,5.0,144.4,139.4
27840,31,6.0,118.8,112.8
27843,34,4.6,175.4,170.8
27848,32,6.8,139.8,133.0
27849,20,7.4,130.4,123.0
27850,26,6.0,140.0,134.0
27854,25,2.6,157.0,154.4
27856,42,3.2,163.4,160.20000000000002
27859,55,2.0,217.8,215.8
27861,21,11.2,195.0,183.8
27862,48,2.4,188.2,185.79999999999998
27863,72,7.2,205.8,198.60000000000002
27864,42,0.4,181.2,180.79999999999998
27867,42,4.8,223.2,218.39999999999998
27868,48,3.4,181.2,177.79999999999998
27869,49,8.0,226.4,218.4
27871,44,9.6,215.4,205.8
27873,38,4.8,192.6,187.79999999999998
27876,8,4.4,129.2,124.79999999999998
27878,36,16.4,183.8,167.4
27880,44,9.6,211.8,202.20000000000002
27882,19,0.0,102.0,102.0
27883,31,6.4,200.2,193.79999999999998
27884,40,4.8,193.6,188.79999999999998
27885,43,5.8,208.0,202.2
27886,39,12.8,202.8,190.0
27889,41,5.2,179.4,174.20000000000002
27890,34,7.6,202.6,195.0
27892,65,2.0,211.2,209.2
27893,21,8.0,183.8,175.8
27894,35,4.0,137.0,133.0
27895,33,4.2,161.8,157.60000000000002
27896,51,3.4,195.4,192.0
27901,6,0.6,114.4,113.80000000000001
27902,36,9.4,164.2,154.79999999999998
27904,30,1.4,193.6,192.2
27907,17,8.6,130.0,121.4
27909,41,4.8,219.4,214.6
27910,44,0.0,199.6,199.6
27911,18,9.4,201.2,191.79999999999998
27912,17,0.0,134.4,134.4
27913,49,3.0,209.4,206.4
27914,9,38.8,213.6,174.8
27915,38,4.6,182.8,178.20000000000002
27917,22,0.0,206.0,206.0
27918,23,12.8,205.6,192.79999999999998
27919,49,6.2,209.2,203.0
27920,49,8.4,201.6,193.2
27923,43,5.4,207.0,201.6
27924,40,4.8,209.6,204.79999999999998
27925,39,10.6,209.8,199.20000000000002
27928,49,6.8,206.0,199.2
27929,46,2.2,182.2,180.0
27931,50,9.4,209.6,200.2
27932,50,6.0,217.0,211.0
27933,37,2.8,214.2,211.39999999999998
27934,9,12.8,135.6,122.8
27935,40,8.6,218.2,209.6
27937,42,6.4,200.2,193.79999999999998
27940,18,4.6,141.2,136.6
27943,35,4.6,169.8,165.20000000000002
27944,36,19.8,196.8,177.0
27945,44,10.0,214.8,204.8
27946,26,5.0,133.2,128.2
27947,26,5.0,125.2,120.2
27948,30,0.6,158.6,158.0
27949,23,4.6,115.8,111.2
27951,37,3.2,179.2,176.0
27952,44,1.8,189.2,187.39999999999998
27953,26,4.6,197.4,192.8
27955,40,15.4,206.2,190.79999999999998
27956,33,17.0,148.0,131.0
27958,25,3.8,114.6,110.8
27962,24,19.6,133.2,113.6
27963,53,2.4,210.6,208.2
27965,28,4.0,134.6,130.6
27968,23,4.4,137.2,132.79999999999998
27969,20,5.0,170.2,165.2
27970,19,5.6,144.2,138.6
27971,69,4.6,215.0,210.4
27972,6,12.4,142.2,129.79999999999998
27974,11,27.2,142.8,115.60000000000001
27975,42,10.4,205.0,194.6
27976,62,4.0,203.2,199.2
27977,38,17.2,185.8,168.60000000000002
27978,38,17.8,187.4,169.6
27981,24,17.2,141.0,123.8
27982,20,16.8,137.2,120.39999999999999
27984,61,2.2,198.6,196.4
27985,27,6.4,122.2,115.8
27986,28,23.0,149.8,126.80000000000001
27988,43,2.2,197.0,194.8
27991,25,9.6,190.0,180.4
27992,40,4.6,176.2,171.6
27994,29,0.0,131.4,131.4
27995,46,0.4,186.2,185.79999999999998
27996,28,6.6,135.4,128.8
27997,27,4.6,170.4,165.8
27999,21,5.0,189.8,184.8
28000,24,6.6,161.0,154.4
28001,5,15.4,124.8,109.39999999999999
28002,42,4.0,188.8,184.8
28005,19,12.8,143.0,130.2
28006,48,4.6,209.0,204.4
28007,44,10.6,174.2,163.6
28011,51,6.4,214.2,207.79999999999998
28015,31,2.6,144.6,142.0
28016,44,2.4,206.8,204.4
28018,48,3.0,184.4,181.4
28020,9,0.0,131.4,131.4
28022,48,2.4,216.8,214.4
28024,47,5.0,207.8,202.8
28025,57,7.6,212.6,205.0
28026,48,0.2,218.6,218.4
28027,54,7.2,216.8,209.60000000000002
28028,15,12.6,126.0,113.4
28029,41,2.8,169.2,166.39999999999998
28030,48,0.0,187.8,187.8
28031,31,11.6,176.6,165.0
28033,51,1.6,202.8,201.20000000000002
28034,31,46.4,176.6,130.2
28036,42,7.2,193.2,186.0
28037,43,5.8,213.0,207.2
28038,21,15.8,138.8,123.00000000000001
28039,39,10.4,190.0,179.6
28040,32,36.4,189.2,152.79999999999998
28042,12,11.0,74.8,63.8
28043,44,4.0,204.0,200.0
28044,35,3.2,211.2,208.0
28045,57,0.0,203.4,203.4
28046,26,6.6,121.8,115.2
28048,6,9.0,189.6,180.6
28049,30,6.4,160.6,154.2
28050,42,4.8,176.4,171.6
28051,99,4.4,202.6,198.2
28052,71,0.0,211.8,211.8
28054,55,1.2,214.4,213.20000000000002
28055,41,0.4,187.8,187.4
28056,33,0.6,179.8,179.20000000000002
28057,23,12.6,206.8,194.20000000000002
28058,54,6.2,210.0,203.8
28061,18,12.0,177.2,165.2
28063,53,0.0,200.4,200.4
28065,43,2.0,192.4,190.4
28066,11,24.6,119.0,94.4
28067,52,12.0,207.0,195.0
28069,45,5.4,198.8,193.4
28072,24,5.4,124.0,118.6
28074,36,4.6,206.6,202.0
28075,52,10.6,214.0,203.4
28076,53,7.6,182.4,174.8
28077,50,6.0,211.8,205.8
28078,8,1.0,92.0,91.0
28079,9,7.2,137.4,130.20000000000002
28080,31,8.4,112.2,103.8
28081,36,6.6,203.6,197.0
28085,45,14.2,213.2,199.0
28086,26,8.6,131.0,122.4
28087,45,5.8,194.2,188.39999999999998
28089,27,3.8,137.4,133.6
28090,41,5.2,212.0,206.8
28091,44,9.4,210.0,200.6
28092,34,12.6,158.0,145.4
28093,25,4.2,136.0,131.8
28094,40,8.0,219.2,211.2
28097,18,2.6,167.8,165.20000000000002
28099,43,3.8,160.0,156.2
28100,37,3.4,178.8,175.4
28101,46,7.8,200.0,192.2
28103,32,1.8,137.2,135.39999999999998
28104,37,6.6,195.2,188.6
28105,37,8.0,175.6,167.6
28107,23,10.6,135.4,124.80000000000001
28108,96,3.8,213.0,209.2
28109,39,12.8,199.4,186.6
28110,31,3.4,154.2,150.79999999999998
28111,41,10.2,201.2,191.0
28112,46,7.8,205.4,197.6
28113,43,6.2,184.2,178.0
28115,42,8.4,216.2,207.79999999999998
28116,14,38.4,133.8,95.4
28117,37,3.8,221.0,217.2
28118,85,13.2,198.8,185.60000000000002
28119,38,8.2,201.4,193.20000000000002
28120,44,1.0,203.6,202.6
28121,27,4.8,180.8,176.0
28122,19,10.8,182.6,171.79999999999998
28123,28,6.2,118.2,112.0
28124,22,9.0,144.2,135.2
28125,51,3.2,197.2,194.0
28126,7,51.8,205.8,154.0
28129,44,8.6,211.0,202.4
28130,46,9.6,211.4,201.8
28133,47,9.6,213.2,203.6
28134,40,0.0,205.4,205.4
28135,37,3.4,171.4,168.0
28136,9,0.0,73.6,73.6
28137,64,6.0,218.8,212.8
28138,57,14.4,214.0,199.6
28139,51,4.0,203.2,199.2
28140,51,0.0,180.4,180.4
28142,49,12.2,212.6,200.4
28143,38,4.4,186.8,182.4
28144,33,6.4,172.8,166.4
28146,36,26.4,201.4,175.0
28147,42,1.8,172.8,171.0
28148,47,10.2,184.8,174.60000000000002
28149,25,0.2,186.4,186.20000000000002
28150,47,1.4,182.6,181.2
28154,45,3.8,205.2,201.39999999999998
28155,35,5.4,182.4,177.0
28156,47,11.8,216.0,204.2
28158,43,3.6,205.6,202.0
28159,47,4.6,188.4,183.8
28163,85,0.4,205.6,205.2
28164,46,4.8,200.8,196.0
28165,36,0.2,137.8,137.60000000000002
28167,76,1.2,188.2,187.0
28168,22,1.0,180.8,179.8
28169,41,5.2,173.2,168.0
28172,51,4.4,205.0,200.6
28174,31,3.6,137.8,134.20000000000002
28175,46,16.6,219.6,203.0
28177,36,4.4,189.4,185.0
28178,60,7.8,135.2,127.39999999999999
28180,41,13.4,204.4,191.0
28181,76,3.0,190.8,187.8
28182,65,0.4,151.4,151.0
28184,85,8.4,197.4,189.0
28185,38,2.8,175.8,173.0
28187,20,0.0,80.4,80.4
28189,32,17.0,175.0,158.0
28190,18,7.0,148.8,141.8
28191,6,0.8,169.8,169.0
28192,29,13.4,139.0,125.6
28193,11,0.2,202.2,202.0
28194,47,4.8,196.0,191.2
28195,15,7.6,121.8,114.2
28196,44,9.8,218.0,208.2
28198,27,2.0,203.6,201.6
28201,40,13.8,191.4,177.6
28203,19,5.0,155.6,150.6
28205,42,12.0,214.2,202.2
28208,21,4.4,94.6,90.19999999999999
28209,53,14.4,214.4,200.0
28210,31,4.2,188.8,184.60000000000002
28213,34,5.2,143.4,138.20000000000002
28215,12,5.8,136.0,130.2
28216,23,10.4,158.6,148.2
28217,82,7.6,207.4,199.8
28218,6,10.6,115.6,105.0
28219,59,3.4,208.2,204.79999999999998
28220,44,10.0,217.6,207.6
28222,91,3.8,191.4,187.6
28223,12,1.8,126.0,124.2
28224,14,22.8,200.2,177.39999999999998
28225,49,4.0,154.2,150.2
28226,43,3.2,197.4,194.20000000000002
28227,22,8.4,145.6,137.2
28228,29,35.6,114.4,78.80000000000001
28230,35,4.8,148.4,143.6
28232,10,33.6,149.0,115.4
28233,28,10.2,158.4,148.20000000000002
28234,48,4.8,185.4,180.6
28237,12,11.4,117.6,106.19999999999999
28238,48,6.2,200.8,194.60000000000002
28239,86,2.2,204.6,202.4
28241,14,0.0,143.2,143.2
28242,70,0.6,211.0,210.4
28244,42,1.0,184.6,183.6
28245,7,4.4,85.4,81.0
28246,26,3.4,143.8,140.4
28248,41,11.6,192.8,181.20000000000002
28249,37,15.6,155.4,139.8
28250,51,9.6,212.8,203.20000000000002
28251,51,7.2,199.0,191.8
28253,59,10.0,181.8,171.8
28254,46,6.0,186.8,180.8
28255,55,0.0,185.4,185.4
28256,48,7.0,209.6,202.6
28257,67,3.6,206.4,202.8
28258,19,4.8,93.6,88.8
28259,30,6.6,166.2,159.6
28260,43,12.0,207.2,195.2
28261,29,7.0,148.4,141.4
28262,58,2.0,213.2,211.2
28263,42,9.4,197.4,188.0
28264,47,2.4,212.4,210.0
28266,28,6.2,136.8,130.60000000000002
28267,11,1.4,167.2,165.79999999999998
28268,10,20.2,111.8,91.6
28271,47,5.6,203.4,197.8
28276,47,12.0,214.2,202.2
28277,8,16.0,150.0,134.0
28279,29,13.2,133.4,120.2
28282,18,0.4,145.6,145.2
28285,8,6.4,159.4,153.0
28286,43,11.0,197.4,186.4
28287,17,18.2,197.2,179.0
28289,36,4.8,176.4,171.6
28291,67,1.8,176.4,174.6
28292,38,10.2,197.8,187.60000000000002
28293,30,2.0,204.4,202.4
28294,69,2.4,175.6,173.2
28295,76,0.6,197.6,197.0
28296,21,8.2,142.8,134.60000000000002
28297,38,13.4,200.2,186.79999999999998
28298,37,8.4,121.8,113.39999999999999
28300,39,3.0,153.2,150.2
28303,53,12.0,207.2,195.2
28304,50,7.0,212.6,205.6
28305,43,4.8,193.0,188.2
28306,47,3.0,170.0,167.0
28307,36,12.4,144.0,131.6
28308,52,5.2,208.2,203.0
28309,69,2.4,155.2,152.79999999999998
28312,16,4.4,133.2,128.79999999999998
28315,45,7.6,171.0,163.4
28318,43,5.8,197.8,192.0
28319,21,6.2,81.8,75.6
28320,29,5.8,125.8,120.0
28321,43,10.2,195.0,184.8
28322,42,10.8,204.0,193.2
28323,81,1.4,186.8,185.4
28324,48,1.4,198.8,197.4
28326,42,16.0,205.4,189.4
28327,39,13.2,179.6,166.4
28328,15,8.2,173.6,165.4
28329,14,10.0,203.6,193.6
28331,42,2.6,206.6,204.0
28332,68,3.2,160.8,157.60000000000002
28336,45,21.0,206.0,185.0
28337,92,5.4,196.6,191.2
28338,56,5.2,216.4,211.20000000000002
28339,43,2.8,190.6,187.79999999999998
28340,13,14.4,208.6,194.2
28342,31,6.6,131.4,124.80000000000001
28343,52,7.0,204.4,197.4
28346,35,2.0,166.2,164.2
28347,49,5.0,213.2,208.2
28349,48,7.0,210.8,203.8
28350,31,2.6,148.8,146.20000000000002
28351,31,6.6,129.2,122.6
28352,77,2.2,175.2,173.0
28354,44,5.8,212.8,207.0
28355,25,12.6,191.0,178.4
28360,46,13.2,210.4,197.20000000000002
28361,71,10.6,164.8,154.20000000000002
28362,52,5.2,200.6,195.4
28363,95,3.2,199.0,195.8
28364,40,9.8,158.4,148.6
28366,17,12.8,143.0,130.2
28368,37,5.6,153.6,148.0
28369,17,8.6,138.2,129.6
28370,24,12.8,142.6,129.79999999999998
28371,14,13.4,117.0,103.6
28372,17,4.0,128.8,124.80000000000001
28373,45,3.2,162.2,159.0
28374,33,12.0,147.0,135.0
28375,37,6.0,157.4,151.4
28379,13,16.8,144.8,128.0
28380,8,10.4,144.8,134.4
28381,6,15.2,145.4,130.20000000000002
28382,52,2.6,193.8,191.20000000000002
28383,6,12.8,126.6,113.8
28384,45,2.0,205.4,203.4
28385,37,9.2,171.6,162.4
28386,50,7.6,205.2,197.6
28387,48,9.2,206.4,197.20000000000002
28388,48,5.8,206.0,200.2
28389,49,7.0,212.6,205.6
28390,45,0.6,174.4,173.8
28394,57,4.2,190.4,186.20000000000002
28395,20,0.0,158.0,158.0
28397,16,6.2,204.4,198.20000000000002
28400,31,7.0,168.2,161.2
28401,50,9.0,208.0,199.0
28402,51,10.2,214.4,204.20000000000002
28404,48,0.0,177.2,177.2
28406,23,0.0,90.8,90.8
28408,15,1.4,195.2,193.79999999999998
28409,45,9.2,189.0,179.8
28410,52,1.8,191.8,190.0
28411,47,1.6,172.4,170.8
28415,50,5.8,198.4,192.6
28416,52,28.0,186.4,158.4
28418,30,5.6,140.0,134.4
28419,69,0.2,161.8,161.60000000000002
28420,43,4.8,209.8,205.0
28421,34,7.8,173.4,165.6
28422,24,0.0,177.4,177.4
28423,80,5.4,194.4,189.0
28424,55,8.4,212.8,204.4
28425,60,6.6,204.0,197.4
28428,48,0.4,217.2,216.79999999999998
28430,78,10.2,213.0,202.8
28431,49,1.8,197.0,195.2
28433,34,5.8,179.4,173.6
28434,39,7.4,190.4,183.0
28436,43,7.8,183.8,176.0
28437,29,6.2,143.6,137.4
28438,59,6.4,146.6,140.2
28439,40,5.0,195.4,190.4
28440,81,5.4,178.2,172.79999999999998
28441,6,4.4,131.2,126.79999999999998
28442,23,6.0,116.2,110.2
28444,42,2.8,190.2,187.39999999999998
28446,63,6.0,210.6,204.6
28449,51,6.6,180.4,173.8
28451,46,6.6,203.2,196.6
28452,44,4.0,172.4,168.4
28453,76,4.4,164.2,159.79999999999998
28454,48,8.4,194.0,185.6
28455,30,5.2,199.8,194.60000000000002
28457,42,12.6,211.8,199.20000000000002
28458,40,0.8,189.0,188.2
28459,6,0.6,73.8,73.2
28460,92,6.2,201.6,195.4
28462,61,4.6,213.2,208.6
28464,32,11.6,119.2,107.60000000000001
28467,45,5.8,205.0,199.2
28468,39,11.0,167.4,156.4
28470,59,5.6,194.4,188.8
28471,49,9.2,207.8,198.60000000000002
28472,30,4.6,117.6,113.0
28473,27,7.8,146.6,138.79999999999998
28474,42,5.8,176.4,170.6
28475,48,8.0,210.0,202.0
28476,48,8.2,211.2,203.0
28479,68,4.8,206.6,201.79999999999998
28483,46,11.2,207.8,196.60000000000002
28484,50,2.4,208.0,205.6
28487,48,19.6,195.4,175.8
28488,13,6.6,130.4,123.80000000000001
28489,76,2.6,200.2,197.6
28491,49,11.4,204.0,192.6
28492,30,5.8,174.4,168.6
28493,52,19.6,204.4,184.8
28494,22,0.0,189.6,189.6
28495,34,23.8,179.6,155.79999999999998
28496,51,11.4,203.2,191.79999999999998
28497,40,11.2,209.6,198.4
28498,40,10.0,205.8,195.8
28500,27,2.6,113.8,111.2
28502,54,4.0,198.6,194.6
28503,9,0.2,75.8,75.6
28505,22,5.4,97.0,91.6
28507,42,11.2,207.4,196.20000000000002
28510,52,4.6,204.4,199.8
28511,47,19.6,206.6,187.0
28513,41,3.0,174.6,171.6
28514,40,17.4,204.8,187.4
28515,32,4.0,131.0,127.0
28516,37,3.6,128.6,125.0
28517,86,7.2,208.2,201.0
28518,47,9.2,204.6,195.4
28520,32,7.8,160.2,152.39999999999998
28521,43,8.6,207.4,198.8
28523,60,0.8,196.0,195.2
28524,53,3.2,207.2,204.0
28525,25,4.0,142.2,138.2
28527,40,18.0,197.2,179.2
28530,14,39.8,173.6,133.8
28531,52,1.6,175.6,174.0
28532,34,18.0,178.0,160.0
28534,36,4.4,180.6,176.2
28537,38,7.0,210.6,203.6
28538,35,6.0,171.4,165.4
28539,56,6.0,200.8,194.8
28542,43,4.2,210.2,206.0
28543,34,3.8,187.4,183.6
28544,35,18.0,178.0,160.0
28545,74,4.6,183.8,179.20000000000002
28546,97,0.8,203.4,202.6
28547,12,11.6,134.2,122.6
28551,41,5.0,204.2,199.2
28552,33,3.2,179.0,175.8
28555,37,10.4,179.6,169.2
28556,98,10.0,200.4,190.4
28558,34,5.6,168.2,162.6
28560,52,12.0,183.2,171.2
28561,52,2.8,211.4,208.6
28562,26,3.6,190.0,186.4
28563,46,2.4,178.8,176.4
28564,42,4.2,190.8,186.60000000000002
28566,59,8.0,178.8,170.8
28567,94,4.8,203.8,199.0
28568,42,3.0,185.0,182.0
28570,85,5.8,181.4,175.6
28574,38,5.6,197.8,192.20000000000002
28575,74,3.8,209.8,206.0
28577,49,5.2,209.2,204.0
28578,28,0.0,166.6,166.6
28579,27,8.0,196.0,188.0
28582,56,4.8,204.0,199.2
28583,13,5.6,135.8,130.20000000000002
28584,38,2.8,184.8,182.0
28585,38,11.4,177.0,165.6
28586,78,0.4,178.4,178.0
28587,25,11.8,175.2,163.39999999999998
28588,52,0.0,200.4,200.4
28589,46,8.8,200.8,192.0
28590,38,9.8,175.0,165.2
28591,19,14.0,127.8,113.8
28593,35,4.4,145.4,141.0
28594,48,1.0,193.0,192.0
28595,41,9.8,189.8,180.0
28596,45,4.4,208.0,203.6
28598,31,10.4,163.2,152.79999999999998
28599,36,4.4,143.0,138.6
28600,14,6.4,144.4,138.0
28601,37,8.4,180.4,172.0
28602,52,5.4,202.8,197.4
28604,43,1.4,190.8,189.4
28605,13,15.4,135.2,119.79999999999998
28606,41,10.6,176.0,165.4
28607,45,7.0,204.4,197.4
28608,31,3.4,142.8,139.4
28609,44,14.8,179.0,164.2
28610,44,0.8,171.8,171.0
28611,41,5.2,208.2,203.0
28612,43,10.4,193.8,183.4
28613,26,0.8,156.0,155.2
28614,46,6.0,202.8,196.8
28615,44,2.8,202.8,200.0
28617,45,5.8,190.4,184.6
28621,47,6.4,163.8,157.4
28622,33,14.0,172.0,158.0
28623,5,16.2,134.8,118.60000000000001
28624,44,15.0,193.8,178.8
28625,10,10.2,146.8,136.60000000000002
28627,38,13.4,178.8,165.4
28628,41,9.2,202.0,192.8
28629,45,11.2,200.8,189.60000000000002
28630,46,3.0,206.2,203.2
28631,44,9.8,185.0,175.2
28632,51,5.0,205.8,200.8
28633,56,0.0,201.2,201.2
28634,13,12.0,173.2,161.2
28637,30,17.0,158.4,141.4
28638,40,3.0,172.6,169.6
28639,31,2.8,150.0,147.2
28640,48,1.6,197.6,196.0
28641,38,7.8,180.0,172.2
28642,37,2.8,175.4,172.6
28644,13,0.0,143.2,143.2
28646,55,5.2,201.4,196.20000000000002
28647,43,7.2,192.6,185.4
28648,35,5.8,143.8,138.0
28652,43,6.0,194.0,188.0
28653,13,0.0,122.0,122.0
28655,22,9.8,161.0,151.2
28656,38,4.0,147.0,143.0
28657,47,22.2,173.6,151.4
28658,16,22.2,121.8,99.6
28659,9,31.4,121.6,90.19999999999999
28661,9,39.2,133.4,94.2
28662,40,22.8,151.4,128.6
28663,26,9.8,185.0,175.2
28664,19,6.2,142.8,136.60000000000002
28665,38,0.6,187.4,186.8
28666,51,1.0,190.6,189.6
28667,12,10.8,125.8,115.0
28669,12,72.2,126.6,54.39999999999999
28670,6,8.8,109.4,100.60000000000001
28671,32,2.8,164.4,161.6
28672,38,3.8,167.4,163.6
28673,36,7.2,192.8,185.60000000000002
28674,51,2.2,201.0,198.8
28675,41,1.2,167.4,166.20000000000002
28676,27,4.0,143.8,139.8
28677,26,4.8,134.2,129.39999999999998
28678,47,3.8,199.4,195.6
28679,16,0.0,168.6,168.6
28680,22,12.4,185.6,173.2
28681,46,7.2,206.0,198.8
28682,41,4.4,188.6,184.2
28684,28,6.8,178.6,171.79999999999998
28686,47,5.6,205.8,200.20000000000002
28689,28,8.2,137.8,129.60000000000002
28690,38,4.6,188.4,183.8
28691,25,5.6,179.2,173.6
28692,56,16.6,199.0,182.4
28693,13,34.6,198.2,163.6
28694,30,3.6,143.4,139.8
28696,24,19.0,175.4,156.4
28698,36,9.2,204.4,195.20000000000002
28699,19,0.0,132.0,132.0
28701,33,3.8,143.0,139.2
28702,34,6.6,173.4,166.8
28703,31,9.6,166.6,157.0
28705,47,5.6,196.2,190.6
28706,42,4.8,196.4,191.6
28707,38,0.0,176.2,176.2
28708,48,6.8,198.2,191.39999999999998
28709,47,6.6,201.0,194.4
28710,18,7.6,126.6,119.0
28711,37,4.8,187.6,182.79999999999998
28712,44,1.2,193.0,191.8
28713,43,4.8,201.6,196.79999999999998
28714,17,6.0,176.8,170.8
28716,37,0.0,160.2,160.2
28718,39,5.2,183.8,178.60000000000002
28719,12,2.8,147.4,144.6
28721,7,21.4,125.2,103.80000000000001
28722,31,6.0,148.2,142.2
28723,48,5.6,196.8,191.20000000000002
28724,39,4.4,201.6,197.2
28725,34,3.2,163.4,160.20000000000002
28726,42,13.4,185.2,171.79999999999998
28728,22,1.4,184.4,183.0
28729,7,14.6,121.8,107.2
28730,27,3.0,131.8,128.8
28731,31,5.2,199.0,193.8
28732,44,5.4,196.0,190.6
28733,46,12.8,203.0,190.2
28734,36,3.2,194.4,191.20000000000002
28735,45,5.6,197.8,192.20000000000002
28736,36,8.8,188.0,179.2
28738,42,4.2,195.0,190.8
28739,45,6.2,209.0,202.8
28740,42,4.4,200.6,196.2
28742,48,18.0,172.8,154.8
28743,24,11.2,180.8,169.60000000000002
28744,47,4.8,205.2,200.39999999999998
28747,27,0.0,197.6,197.6
28748,49,5.0,209.2,204.2
28751,23,15.6,167.0,151.4
28752,40,6.4,185.6,179.2
28753,41,6.0,170.8,164.8
28754,55,0.8,174.6,173.79999999999998
28757,33,6.2,154.2,148.0
28758,30,4.4,163.4,159.0
28759,43,3.6,194.4,190.8
28760,37,6.6,204.8,198.20000000000002
28761,46,0.0,194.2,194.2
28763,17,4.4,187.4,183.0
28764,51,5.8,200.6,194.79999999999998
28766,53,5.6,205.8,200.20000000000002
28767,13,15.2,160.4,145.20000000000002
28769,19,9.6,164.6,155.0
28770,45,5.6,195.4,189.8
28772,45,4.2,200.0,195.8
28774,41,5.8,193.8,188.0
28776,59,2.4,196.8,194.4
28777,57,2.4,197.0,194.6
28779,29,4.8,142.4,137.6
28780,32,7.2,152.8,145.60000000000002
28781,13,7.8,173.6,165.79999999999998
28782,54,2.6,184.8,182.20000000000002
28783,8,20.0,145.6,125.6
28786,8,32.4,135.6,103.19999999999999
28789,10,18.4,129.2,110.79999999999998
28790,10,11.6,169.4,157.8
28791,27,19.6,189.2,169.6
28792,44,6.6,208.6,202.0
28794,28,6.8,161.0,154.2
28795,37,6.4,178.0,171.6
28796,49,5.0,201.6,196.6
28798,32,9.8,152.4,142.6
28799,19,7.0,129.4,122.4
28800,45,12.4,201.6,189.2
28801,30,34.4,176.2,141.79999999999998
28802,35,8.6,155.6,147.0
28803,37,6.2,144.2,138.0
28804,35,4.2,175.2,171.0
28807,38,5.8,170.8,165.0
28808,19,38.8,157.0,118.2
28809,57,3.0,184.4,181.4
28812,17,4.4,136.6,132.2
28814,44,4.4,202.2,197.79999999999998
28817,33,4.2,198.4,194.20000000000002
28818,32,6.8,157.6,150.79999999999998
28819,36,14.6,189.4,174.8
28821,33,12.0,149.6,137.6
28823,34,7.2,199.6,192.4
28825,44,4.8,202.6,197.79999999999998
28826,40,9.2,193.0,183.8
28828,50,4.8,185.2,180.39999999999998
28830,27,4.8,139.4,134.6
28832,15,4.4,136.8,132.4
28833,39,6.6,155.4,148.8
28836,46,3.8,203.2,199.39999999999998
28837,44,3.8,195.4,191.6
28838,51,5.4,201.4,196.0
28840,33,4.8,173.2,168.39999999999998
28841,23,4.2,146.8,142.60000000000002
28843,58,0.6,178.6,178.0
28844,26,61.0,192.4,131.4
28847,49,2.0,199.2,197.2
28849,57,8.6,187.0,178.4
28850,42,5.0,193.0,188.0
28851,36,13.2,183.4,170.20000000000002
28852,39,0.8,149.2,148.39999999999998
28853,18,20.2,123.6,103.39999999999999
28855,28,6.2,132.8,126.60000000000001
28857,19,8.4,176.6,168.2
28860,14,4.4,201.4,197.0
28862,12,7.0,143.6,136.6
28864,42,5.0,187.4,182.4
28865,29,0.0,137.0,137.0
28866,41,1.8,198.2,196.39999999999998
28867,40,5.0,181.4,176.4
28868,42,4.8,199.2,194.39999999999998
28869,43,9.0,187.8,178.8
28870,35,6.6,190.2,183.6
28871,30,4.8,146.4,141.6
28872,42,14.6,200.8,186.20000000000002
28873,21,4.2,132.0,127.8
28874,39,4.8,193.0,188.2
28875,42,5.2,181.4,176.20000000000002
28876,18,0.0,197.0,197.0
28877,29,5.8,141.8,136.0
28878,43,11.2,193.8,182.60000000000002
28879,15,4.6,125.6,121.0
28880,26,0.8,143.2,142.39999999999998
28881,43,4.6,192.0,187.4
28883,44,10.4,188.8,178.4
28884,47,3.8,185.4,181.6
28885,24,4.2,180.6,176.4
28886,10,10.2,202.6,192.4
28887,19,4.2,124.4,120.2
28889,57,3.2,188.6,185.4
28890,49,5.2,208.2,203.0
28891,44,5.2,201.6,196.4
28893,40,4.6,202.4,197.8
28894,30,0.2,184.6,184.4
28895,55,6.2,204.4,198.20000000000002
28896,44,4.4,192.2,187.79999999999998
28897,24,0.0,178.6,178.6
28898,42,4.0,190.2,186.2
28899,19,4.4,155.8,151.4
28900,21,4.2,159.4,155.20000000000002
28901,15,0.0,157.2,157.2
28903,30,17.4,148.4,131.0
28904,28,9.4,173.8,164.4
28905,31,10.2,163.8,153.60000000000002
28906,15,22.2,142.6,120.39999999999999
28907,26,17.0,145.8,128.8
28909,30,1.0,125.8,124.8
28911,11,12.4,113.8,101.39999999999999
28916,41,1.0,173.8,172.8
28917,10,32.2,165.6,133.39999999999998
28920,30,7.0,190.4,183.4
28921,42,4.8,187.6,182.79999999999998
28922,60,0.0,202.0,202.0
28924,49,10.6,196.0,185.4
28925,44,2.8,194.4,191.6
28926,10,2.2,102.6,100.39999999999999
28927,38,14.6,180.8,166.20000000000002
28929,24,4.6,93.6,89.0
28930,43,0.0,157.4,157.4
28931,29,4.6,150.0,145.4
28932,28,4.8,200.2,195.39999999999998
28934,46,4.8,183.8,179.0
28936,31,7.8,144.2,136.39999999999998
28937,17,3.0,185.8,182.8
28938,16,0.8,161.0,160.2
28941,8,0.0,115.6,115.6
28942,54,5.2,194.6,189.4
28943,40,12.0,184.0,172.0
28944,19,5.2,104.4,99.2
28945,40,3.8,173.0,169.2
28946,40,8.2,173.2,165.0
28947,29,4.0,185.6,181.6
28948,11,4.8,126.4,121.60000000000001
28949,24,5.4,188.4,183.0
28950,20,4.2,100.4,96.2
28951,47,8.4,204.4,196.0
28952,26,4.4,185.8,181.4
28953,37,5.0,167.4,162.4
28955,49,2.8,183.4,180.6
28957,44,4.6,201.0,196.4
28959,18,4.0,176.8,172.8
28961,13,5.0,133.2,128.2
28963,39,0.0,185.0,185.0
28965,42,3.8,202.2,198.39999999999998
28967,36,4.8,170.4,165.6
28969,22,4.2,189.4,185.20000000000002
28970,40,5.6,177.0,171.4
28973,51,3.8,202.8,199.0
28974,34,4.0,168.2,164.2
28976,42,3.6,197.4,193.8
28977,22,4.8,175.2,170.39999999999998
28978,39,4.6,171.2,166.6
28979,26,14.6,131.8,117.20000000000002
28982,33,5.8,173.8,168.0
28984,16,4.6,73.4,68.80000000000001
28986,52,6.4,188.8,182.4
28987,43,11.2,194.2,183.0
28989,30,6.4,138.6,132.2
28990,21,9.6,166.2,156.6
28991,44,1.0,182.6,181.6
28993,42,2.4,163.6,161.2
28994,52,4.2,193.0,188.8
28995,36,8.0,184.2,176.2
28996,54,5.0,183.2,178.2
28998,38,8.0,183.8,175.8
28999,31,3.8,163.8,160.0
29001,28,8.2,139.6,131.4
29003,26,44.4,179.6,135.2
29004,52,4.6,159.0,154.4
29005,35,4.4,148.4,144.0
29006,23,4.8,107.4,102.60000000000001
29007,53,5.8,203.4,197.6
29008,47,4.2,189.4,185.20000000000002
29009,44,5.6,176.2,170.6
29012,26,11.4,142.2,130.79999999999998
29013,19,4.4,174.0,169.6
29014,26,4.4,192.2,187.79999999999998
29015,28,8.2,141.8,133.60000000000002
29017,42,8.6,197.4,188.8
29020,50,8.4,194.6,186.2
29022,39,8.6,186.4,177.8
29023,39,8.8,181.2,172.39999999999998
29024,42,7.8,195.8,188.0
29025,33,9.8,175.6,165.79999999999998
29027,45,4.0,201.6,197.6
29028,61,4.0,191.0,187.0
29029,40,9.0,173.2,164.2
29030,44,5.8,177.8,172.0
29032,22,67.4,173.8,106.4
29034,17,9.2,168.8,159.60000000000002
29037,14,0.0,153.2,153.2
29038,42,5.4,181.4,176.0
29039,42,4.2,185.4,181.20000000000002
29040,45,4.0,182.8,178.8
29041,33,19.4,190.0,170.6
29043,60,5.0,184.2,179.2
29044,23,2.0,131.2,129.2
29045,16,10.0,157.6,147.6
29046,48,0.0,186.0,186.0
29048,7,43.4,163.4,120.0
29050,40,7.2,177.4,170.20000000000002
29051,44,0.8,195.4,194.6
29053,30,16.4,158.2,141.79999999999998
29054,18,8.6,163.0,154.4
29057,55,4.2,202.4,198.20000000000002
29058,44,4.2,185.0,180.8
29059,44,4.4,194.8,190.4
29061,46,5.0,200.6,195.6
29062,40,5.4,181.4,176.0
29063,12,13.6,132.6,119.0
29064,30,6.2,143.6,137.4
29065,28,4.2,126.6,122.39999999999999
29066,27,12.0,161.4,149.4
29067,17,7.6,131.0,123.4
29069,14,20.4,140.2,119.79999999999998
29070,34,12.2,195.6,183.4
29072,46,4.0,190.4,186.4
29073,32,3.6,172.6,169.0
29074,37,5.8,189.4,183.6
29075,29,5.6,130.2,124.6
29076,44,5.6,202.8,197.20000000000002
29078,35,5.4,153.8,148.4
29080,15,9.2,178.6,169.4
29082,59,4.0,193.0,189.0
29083,38,7.0,176.8,169.8
29085,30,5.2,142.4,137.20000000000002
29087,43,4.6,192.0,187.4
29088,56,2.4,161.8,159.4
29089,39,5.2,168.8,163.60000000000002
29090,30,3.6,153.8,150.20000000000002
29091,28,5.2,141.2,136.0
29094,41,4.4,169.6,165.2
29095,16,9.2,154.8,145.60000000000002
29096,39,3.6,186.4,182.8
29098,6,57.0,134.6,77.6
29099,13,0.0,149.8,149.8
29100,24,4.6,177.2,172.6
29101,11,0.0,130.4,130.4
29102,52,2.2,181.8,179.60000000000002
29103,24,14.8,126.8,112.0
29104,46,10.6,199.8,189.20000000000002
29105,30,5.8,159.4,153.6
29106,21,12.0,204.2,192.2
29111,24,9.6,175.6,166.0
29112,15,14.0,134.0,120.0
29113,47,2.6,161.0,158.4
29114,26,5.6,152.8,147.20000000000002
29115,19,30.2,159.6,129.4
29116,19,31.4,163.0,131.6
29118,11,10.2,155.4,145.20000000000002
29119,17,19.6,196.0,176.4
29121,32,4.2,144.2,140.0
29122,23,2.4,171.8,169.4
29124,25,8.2,153.8,145.60000000000002
29127,14,4.4,143.2,138.79999999999998
29129,29,5.6,144.4,138.8
29130,40,5.6,196.8,191.20000000000002
29131,32,7.6,201.2,193.6
29132,6,4.6,148.4,143.8
29133,34,4.2,185.2,181.0
29135,31,10.8,143.0,132.2
29136,29,7.6,162.8,155.20000000000002
29137,43,5.8,179.2,173.39999999999998
29138,40,3.2,171.0,167.8
29139,10,63.6,129.0,65.4
29141,36,4.4,142.8,138.4
29144,77,3.8,182.2,178.39999999999998
29145,9,22.4,166.8,144.4
29146,47,4.8,193.0,188.2
29149,34,4.6,166.2,161.6
29150,19,11.4,171.6,160.2
29151,16,4.8,92.2,87.4
29153,54,11.8,159.0,147.2
29154,36,37.8,194.0,156.2
29155,38,4.0,183.4,179.4
29156,45,2.2,190.0,187.8
29157,16,9.2,163.2,154.0
29159,13,18.2,90.6,72.39999999999999
29160,48,5.2,173.6,168.4
29161,25,1.2,80.8,79.6
29162,28,4.4,178.8,174.4
29163,28,12.6,183.4,170.8
29164,17,4.4,152.0,147.6
29165,63,2.6,169.4,166.8
29166,24,4.4,186.2,181.79999999999998
29167,21,5.0,102.2,97.2
29168,35,4.8,186.6,181.79999999999998
29169,64,5.2,156.2,151.0
29170,75,12.2,183.4,171.20000000000002
29172,44,5.6,169.0,163.4
29173,37,4.0,158.2,154.2
29174,34,15.2,177.6,162.4
29175,76,5.6,173.4,167.8
29178,25,7.2,200.2,193.0
29179,42,3.6,183.6,180.0
29181,29,3.2,201.0,197.8
29183,41,6.2,190.2,184.0
29184,9,14.0,138.0,124.0
29185,37,5.6,191.0,185.4
29186,37,0.4,188.8,188.4
29187,79,3.2,193.0,189.8
29189,73,14.4,166.6,152.2
29190,27,17.8,155.6,137.79999999999998
29191,44,2.4,171.2,168.79999999999998
29192,24,18.2,143.2,124.99999999999999
29193,42,1.8,177.8,176.0
29198,6,9.6,137.0,127.4
29199,39,4.6,154.2,149.6
29200,49,7.6,190.2,182.6
29201,71,3.6,173.8,170.20000000000002
29202,48,3.8,179.2,175.39999999999998
29204,61,2.8,157.6,154.79999999999998
29205,61,3.4,144.6,141.2
29206,20,10.4,183.4,173.0
29207,45,7.0,189.4,182.4
29209,21,4.8,96.2,91.4
29211,43,13.4,180.6,167.2
29213,36,10.0,185.0,175.0
29215,52,3.4,180.0,176.6
29216,76,4.0,191.4,187.4
29218,51,3.2,169.2,166.0
29219,37,4.8,186.4,181.6
29221,32,18.2,190.8,172.60000000000002
29223,46,5.8,196.0,190.2
29224,28,5.0,157.6,152.6
29225,42,5.8,197.6,191.79999999999998
29227,26,8.0,183.4,175.4
29229,53,3.6,135.2,131.6
29230,40,0.0,189.8,189.8
29234,50,5.8,194.2,188.39999999999998
29236,43,5.0,187.4,182.4
29237,74,2.6,196.2,193.6
29238,42,5.8,173.4,167.6
29239,48,5.4,196.8,191.4
29240,32,8.8,150.0,141.2
29241,37,3.2,154.4,151.20000000000002
29242,22,9.8,143.2,133.39999999999998
29243,16,7.4,136.2,128.79999999999998
29244,19,4.4,99.6,95.19999999999999
29245,14,6.2,116.6,110.39999999999999
29246,16,4.6,140.0,135.4
29247,26,7.4,168.8,161.4
29248,15,6.4,125.0,118.6
29249,20,4.6,144.4,139.8
29250,32,7.0,184.8,177.8
29251,12,3.6,115.8,112.2
29252,27,14.4,146.2,131.79999999999998
29253,29,7.0,156.8,149.8
29255,18,6.0,140.8,134.8
29257,29,6.2,153.6,147.4
29258,24,7.4,133.2,125.79999999999998
29260,37,2.8,152.6,149.79999999999998
29261,23,9.8,157.2,147.39999999999998
29262,16,7.0,132.0,125.0
29263,7,37.6,88.2,50.6
29265,17,4.2,154.6,150.4
29266,15,1.2,140.6,139.4
29268,12,4.4,139.2,134.79999999999998
29269,5,0.6,107.0,106.4
29271,33,18.8,162.4,143.6
29273,14,9.0,130.2,121.19999999999999
29274,43,3.8,163.2,159.39999999999998
29275,26,15.2,150.2,135.0
29276,44,1.4,181.0,179.6
29279,47,1.6,190.4,188.8
29281,13,5.4,141.6,136.2
29282,48,8.0,174.4,166.4
29284,14,5.6,145.0,139.4
29285,91,1.4,185.0,183.6
29286,17,9.0,175.0,166.0
29287,29,4.4,137.6,133.2
29288,47,4.8,177.2,172.39999999999998
29289,40,4.6,181.8,177.20000000000002
29291,31,0.0,135.0,135.0
29292,40,6.0,172.8,166.8
29294,22,7.2,124.8,117.6
29295,36,5.4,177.6,172.2
29296,55,0.0,196.4,196.4
29298,45,6.4,185.2,178.79999999999998
29301,96,0.0,188.2,188.2
29302,46,1.2,183.4,182.20000000000002
29303,25,0.4,155.8,155.4
29304,38,5.8,172.2,166.39999999999998
29305,74,8.0,150.8,142.8
29306,37,5.6,190.2,184.6
29308,34,11.2,170.4,159.20000000000002
29309,47,2.4,191.8,189.4
29310,24,12.0,170.2,158.2
29311,27,5.6,138.2,132.6
29312,28,8.4,173.8,165.4
29313,90,1.2,177.4,176.20000000000002
29315,57,1.4,196.8,195.4
29316,49,5.6,162.6,157.0
29319,27,0.6,168.4,167.8
29320,11,13.8,132.4,118.60000000000001
29321,104,3.8,195.8,192.0
29323,14,5.8,141.6,135.79999999999998
29324,39,10.0,181.2,171.2
29325,81,22.6,195.2,172.6
29326,21,4.4,178.4,174.0
29328,13,13.8,134.8,121.00000000000001
29330,14,13.6,141.8,128.20000000000002
29331,42,9.4,192.0,182.6
29332,27,5.4,145.4,140.0
29333,87,1.6,165.8,164.20000000000002
29334,14,0.0,126.0,126.0
29336,41,6.2,138.6,132.4
29337,77,5.2,196.0,190.8
29338,69,6.0,139.6,133.6
29339,28,52.4,176.0,123.6
29340,26,13.2,198.4,185.20000000000002
29341,40,10.6,187.6,177.0
29343,37,2.2,173.0,170.8
29344,24,3.8,138.8,135.0
29345,38,4.2,143.6,139.4
29346,12,0.6,102.8,102.2
29347,42,1.4,188.8,187.4
29348,44,12.2,187.0,174.8
29349,30,5.0,144.2,139.2
29350,41,4.8,183.2,178.39999999999998
29351,24,14.2,191.2,177.0
29354,52,4.6,190.2,185.6
29355,11,7.6,141.0,133.4
29356,42,18.4,172.8,154.4
29357,44,4.2,198.6,194.4
29358,68,3.8,163.6,159.79999999999998
29360,22,6.0,155.4,149.4
29361,20,0.0,187.6,187.6
29362,43,4.2,161.4,157.20000000000002
29364,26,4.8,144.6,139.79999999999998
29365,20,9.4,125.6,116.19999999999999
29369,8,11.4,116.6,105.19999999999999
29371,42,4.8,169.2,164.39999999999998
29372,19,16.0,120.0,104.0
29373,64,2.8,136.6,133.79999999999998
29374,47,0.4,187.0,186.6
29375,23,3.6,186.8,183.20000000000002
29376,37,5.0,187.8,182.8
29378,41,1.8,188.8,187.0
29380,61,2.6,149.4,146.8
29381,24,36.0,152.6,116.6
29383,18,22.6,131.8,109.20000000000002
29384,25,7.4,141.2,133.79999999999998
29385,6,6.0,80.4,74.4
29386,28,4.8,148.4,143.6
29388,28,0.6,150.0,149.4
29389,14,9.2,157.2,148.0
29390,17,29.6,143.0,113.4
29391,53,4.0,165.2,161.2
29392,8,10.0,119.8,109.8
29394,28,15.4,143.0,127.6
29395,37,5.0,171.0,166.0
29396,27,4.8,142.2,137.39999999999998
29398,42,4.8,183.2,178.39999999999998
29399,39,4.0,183.0,179.0
29400,32,8.0,145.0,137.0
29401,25,4.6,147.6,143.0
29402,41,0.0,173.6,173.6
29403,42,3.6,173.4,169.8
29404,39,4.6,185.8,181.20000000000002
29406,38,0.0,160.8,160.8
29407,8,2.0,136.8,134.8
29408,42,8.4,150.4,142.0
29411,19,12.0,135.8,123.80000000000001
29412,41,4.8,164.2,159.39999999999998
29413,35,3.8,174.6,170.79999999999998
29415,26,3.4,180.2,176.79999999999998
29416,47,5.0,169.0,164.0
29417,37,4.8,169.0,164.2
29419,30,4.8,134.2,129.39999999999998
29422,16,3.4,157.8,154.4
29426,46,5.2,187.0,181.8
29427,44,3.6,180.6,177.0
29430,43,5.6,175.2,169.6
29432,69,4.2,153.6,149.4
29433,8,5.6,134.0,128.4
29434,40,5.2,189.6,184.4
29435,39,4.4,173.2,168.79999999999998
29437,13,9.6,194.2,184.6
29438,21,0.0,156.6,156.6
29439,34,10.6,183.8,173.20000000000002
29440,19,4.4,175.4,171.0
29441,5,28.4,128.4,100.0
29442,40,5.2,189.0,183.8
29443,37,4.6,162.8,158.20000000000002
29444,15,6.4,194.6,188.2
29446,47,4.2,189.2,185.0
29447,11,11.6,152.2,140.6
29448,24,14.0,180.6,166.6
29449,45,5.0,188.6,183.6
29450,22,14.2,185.6,171.4
29451,42,4.6,186.4,181.8
29452,47,0.0,193.0,193.0
29453,40,1.4,182.0,180.6
29454,42,5.2,185.8,180.60000000000002
29456,43,4.0,186.6,182.6
29457,27,7.0,141.4,134.4
29459,21,2.0,192.4,190.4
29461,67,4.4,152.8,148.4
29462,50,8.2,192.2,184.0
29463,37,0.0,168.4,168.4
29465,38,4.6,158.6,154.0
29466,28,5.0,151.0,146.0
29471,42,0.2,179.2,179.0
29472,21,1.0,157.6,156.6
29473,15,2.0,170.8,168.8
29474,40,4.4,175.6,171.2
29476,38,0.0,176.8,176.8
29477,31,4.8,152.0,147.2
29478,35,0.0,168.4,168.4
29479,13,2.2,136.6,134.4
29480,36,1.6,153.6,152.0
29482,69,4.6,179.6,175.0
29484,29,12.2,150.8,138.60000000000002
29485,13,1.4,152.2,150.79999999999998
29486,38,3.4,179.6,176.2
29488,13,17.4,164.4,147.0
29489,34,8.4,143.6,135.2
29490,41,3.6,181.4,177.8
29492,42,1.8,180.0,178.2
29494,33,8.0,164.0,156.0
29496,39,2.6,155.4,152.8
29498,49,5.6,194.6,189.0
29500,13,0.0,110.0,110.0
29501,43,2.8,154.0,151.2
29503,33,14.6,166.0,151.4
29504,17,7.6,134.8,127.20000000000002
29505,40,2.6,180.4,177.8
29506,36,4.4,171.6,167.2
29509,23,16.4,147.0,130.6
29512,21,2.2,129.6,127.39999999999999
29514,38,1.2,182.8,181.60000000000002
29517,27,20.8,143.0,122.2
29518,29,5.4,197.2,191.79999999999998
29519,31,0.0,173.4,173.4
29523,31,10.4,176.8,166.4
29524,12,11.4,138.2,126.79999999999998
29525,35,3.0,151.6,148.6
29529,45,2.6,193.2,190.6
29530,47,5.4,182.2,176.79999999999998
29531,44,2.4,158.8,156.4
29532,40,5.2,189.0,183.8
29533,25,3.8,172.0,168.2
29534,19,3.0,154.4,151.4
29535,41,7.8,187.6,179.79999999999998
29536,47,6.4,190.8,184.4
29537,47,0.0,183.0,183.0
29538,24,13.2,188.0,174.8
29540,9,13.8,141.8,128.0
29541,36,7.4,184.6,177.2
29542,7,0.4,127.0,126.6
29543,32,5.0,193.2,188.2
29544,18,29.4,180.6,151.2
29546,43,9.0,166.2,157.2
29547,17,1.2,153.8,152.60000000000002
29548,20,15.6,169.6,154.0
29549,37,7.6,156.0,148.4
29550,10,18.0,127.0,109.0
29552,13,4.4,130.0,125.6
29554,11,9.8,149.8,140.0
29555,44,7.4,193.2,185.79999999999998
29556,14,1.6,126.0,124.4
29557,19,1.6,157.2,155.6
29558,36,7.0,170.2,163.2
29559,26,0.0,153.6,153.6
29560,14,11.2,147.0,135.8
29561,40,4.6,185.0,180.4
29562,13,11.4,153.6,142.2
29563,8,13.6,130.8,117.20000000000002
29564,12,22.6,161.6,139.0
29565,28,7.6,138.4,130.8
29566,41,7.4,163.2,155.79999999999998
29567,61,2.8,192.0,189.2
29568,38,7.4,186.8,179.4
29569,7,20.8,135.4,114.60000000000001
29570,8,15.8,139.6,123.8
29571,35,2.8,129.6,126.8
29572,48,2.2,179.8,177.60000000000002
29573,23,14.6,179.2,164.6
29576,40,6.4,181.0,174.6
29578,32,0.0,113.2,113.2
29579,32,4.8,145.2,140.39999999999998
29580,22,14.0,175.6,161.6
29581,31,6.2,152.8,146.60000000000002
29583,36,6.8,136.8,130.0
29584,15,4.0,132.6,128.6
29585,19,4.0,179.4,175.4
29586,18,5.0,132.6,127.6
29587,46,4.6,176.0,171.4
29588,19,1.8,148.6,146.79999999999998
29589,42,13.2,184.0,170.8
29590,39,5.4,176.0,170.6
29591,29,5.2,143.8,138.60000000000002
29593,41,6.2,189.2,183.0
29594,36,4.4,169.4,165.0
29595,51,3.4,184.2,180.79999999999998
29596,40,4.6,169.4,164.8
29597,46,5.2,188.4,183.20000000000002
29598,37,4.0,172.4,168.4
29600,57,6.8,173.4,166.6
29601,34,7.0,175.2,168.2
29602,41,13.6,193.2,179.6
29607,29,4.2,158.6,154.4
29609,69,0.0,188.8,188.8
29610,30,4.4,162.6,158.2
29611,27,4.4,147.4,143.0
29612,25,4.4,138.2,133.79999999999998
29614,39,5.6,186.0,180.4
29615,26,7.0,146.6,139.6
29616,42,0.0,139.0,139.0
29617,45,1.4,175.6,174.2
29618,39,15.8,157.0,141.2
29620,41,7.4,194.6,187.2
29622,53,1.0,158.6,157.6
29623,38,4.8,163.0,158.2
29624,36,5.6,151.0,145.4
29625,28,8.2,137.0,128.8
29626,38,1.6,138.2,136.6
29627,42,0.6,193.6,193.0
29628,40,7.4,189.4,182.0
29629,88,2.6,179.8,177.20000000000002
29631,37,3.4,186.4,183.0
29632,29,2.4,138.4,136.0
29633,28,7.0,145.4,138.4
29634,32,3.4,142.4,139.0
29638,37,4.8,169.2,164.39999999999998
29639,41,5.0,186.8,181.8
29640,29,4.8,158.4,153.6
29642,16,13.4,166.0,152.6
29643,31,8.8,186.8,178.0
29645,83,0.2,172.0,171.8
29647,80,3.6,175.8,172.20000000000002
29648,84,1.6,172.4,170.8
29649,16,0.8,154.0,153.2
29650,61,2.8,125.2,122.4
29651,5,22.6,102.4,79.80000000000001
29652,81,0.0,180.6,180.6
29653,8,12.0,121.2,109.2
29654,32,5.0,161.0,156.0
29659,42,3.8,177.4,173.6
29660,29,4.8,143.4,138.6
29667,58,2.4,149.6,147.2
29669,80,1.4,186.0,184.6
29670,72,1.6,161.0,159.4
29671,60,3.0,167.4,164.4
29672,9,0.2,164.8,164.60000000000002
29675,19,4.2,170.6,166.4
29678,28,5.0,140.8,135.8
29679,34,12.4,167.8,155.4
29680,21,6.8,151.2,144.39999999999998
29683,9,27.8,103.0,75.2
29684,46,0.0,167.0,167.0
29685,33,3.4,149.0,145.6
29686,32,4.2,151.2,147.0
29687,10,7.8,90.6,82.8
29688,15,4.4,144.8,140.4
29689,42,6.8,174.6,167.79999999999998
29690,26,27.2,156.8,129.60000000000002
29691,45,6.8,172.8,166.0
29692,10,16.0,152.6,136.6
29693,51,4.8,148.6,143.79999999999998
29694,38,3.8,177.8,174.0
29695,18,3.8,135.8,132.0
29699,25,0.0,191.0,191.0
29700,48,4.4,189.8,185.4
29701,15,10.4,194.4,184.0
29702,37,7.2,156.4,149.20000000000002
29704,24,4.4,166.8,162.4
29705,22,12.4,184.6,172.2
29707,34,3.0,157.0,154.0
29708,34,3.4,150.2,146.79999999999998
29709,89,8.4,190.8,182.4
29711,22,7.8,94.6,86.8
29713,8,0.6,152.8,152.20000000000002
29714,35,2.4,179.8,177.4
29715,74,3.0,169.0,166.0
29716,38,6.2,178.8,172.60000000000002
29717,34,7.8,159.0,151.2
29718,20,11.4,191.4,180.0
29719,15,9.8,138.2,128.39999999999998
29720,26,7.6,172.6,165.0
29721,46,4.8,187.4,182.6
29723,35,1.8,180.6,178.79999999999998
29725,30,11.6,148.6,137.0
29726,23,5.2,124.6,119.39999999999999
29727,19,4.4,161.0,156.6
29728,22,12.8,177.0,164.2
29731,41,5.0,182.4,177.4
29732,25,4.2,150.8,146.60000000000002
29733,42,2.4,171.0,168.6
29734,42,7.6,188.4,180.8
29736,41,6.4,177.2,170.79999999999998
29737,34,16.0,140.0,124.0
29738,38,7.6,144.2,136.6
29739,20,4.4,161.8,157.4
29740,44,2.2,181.6,179.4
29741,34,3.8,171.0,167.2
29743,34,0.0,159.2,159.2
29745,17,9.8,195.2,185.39999999999998
29746,9,1.0,130.6,129.6
29747,24,4.8,173.6,168.79999999999998
29749,17,3.6,154.8,151.20000000000002
29751,43,5.6,176.0,170.4
29754,41,0.4,183.4,183.0
29755,15,14.0,142.4,128.4
29757,43,5.2,172.2,167.0
29758,33,10.2,169.4,159.20000000000002
29760,25,5.0,168.8,163.8
29761,25,11.4,142.8,131.4
29763,51,0.0,181.8,181.8
29764,14,4.2,139.8,135.60000000000002
29765,24,4.4,176.4,172.0
29766,42,5.0,188.6,183.6
29767,42,4.8,193.0,188.2
29770,32,4.8,189.6,184.79999999999998
29771,35,8.6,173.4,164.8
29772,46,4.8,179.6,174.79999999999998
29774,32,13.0,155.0,142.0
29776,36,4.6,142.8,138.20000000000002
29777,44,5.0,165.4,160.4
29779,37,5.4,164.2,158.79999999999998
29780,19,11.4,92.8,81.39999999999999
29781,18,44.0,130.4,86.4
29783,73,3.8,169.6,165.79999999999998
29784,23,10.2,136.0,125.8
29786,24,6.8,145.2,138.39999999999998
29787,28,22.2,167.2,145.0
29788,27,4.2,172.8,168.60000000000002
29789,37,0.0,161.4,161.4
29790,32,5.0,164.4,159.4
29791,77,3.0,154.4,151.4
29792,41,5.2,181.4,176.20000000000002
29793,28,0.4,131.6,131.2
29794,40,3.2,184.2,181.0
29795,34,1.6,138.2,136.6
29796,43,5.6,177.2,171.6
29797,26,0.8,192.6,191.79999999999998
29798,37,11.0,197.4,186.4
29800,17,11.6,188.6,177.0
29801,27,10.2,188.6,178.4
29802,30,5.0,145.4,140.4
29803,29,38.0,183.8,145.8
29804,35,5.2,155.6,150.4
29805,24,6.8,183.6,176.79999999999998
29806,53,5.8,196.4,190.6
29807,32,9.2,144.6,135.4
29808,36,4.2,168.8,164.60000000000002
29809,41,5.4,184.6,179.2
29810,17,8.4,160.0,151.6
29811,40,3.0,178.2,175.2
29813,35,2.8,169.2,166.39999999999998
29814,26,0.0,180.4,180.4
29815,37,5.4,167.4,162.0
29816,71,3.6,187.6,184.0
29818,31,4.6,141.6,137.0
29820,5,9.8,94.0,84.2
29821,28,4.8,179.2,174.39999999999998
29824,50,3.8,183.4,179.6
29825,41,6.2,175.6,169.4
29827,47,5.4,165.4,160.0
29829,32,2.8,155.0,152.2
29830,31,4.6,149.0,144.4
29831,39,10.4,165.4,155.0
29832,24,9.4,118.0,108.6
29833,34,7.2,171.6,164.4
29834,22,5.0,183.8,178.8
29836,29,6.2,131.4,125.2
29837,31,4.8,138.0,133.2
29838,34,5.0,180.0,175.0
29839,22,2.2,139.6,137.4
29841,38,4.0,159.6,155.6
29842,32,5.8,152.6,146.79999999999998
29844,42,6.0,176.4,170.4
29845,31,1.0,156.6,155.6
29846,41,5.6,187.4,181.8
29847,33,0.0,149.6,149.6
29848,9,4.4,151.8,147.4
29849,32,1.0,162.0,161.0
29853,35,5.8,158.8,153.0
29854,11,12.4,185.2,172.79999999999998
29856,19,4.4,154.2,149.79999999999998
29857,31,5.0,148.4,143.4
29859,18,0.0,184.2,184.2
29860,37,11.2,184.6,173.4
29861,85,2.6,171.2,168.6
29863,33,4.4,162.6,158.2
29865,74,0.4,143.4,143.0
29866,38,6.0,179.4,173.4
29867,25,8.2,169.6,161.4
29868,35,1.6,185.6,184.0
29869,78,9.8,180.8,171.0
29871,18,7.8,144.4,136.6
29872,28,20.6,166.4,145.8
29873,19,2.8,157.0,154.2
29874,33,9.0,160.0,151.0
29875,32,3.6,184.8,181.20000000000002
29876,25,13.8,184.0,170.2
29877,30,5.2,153.8,148.60000000000002
29878,39,2.2,188.0,185.8
29879,37,4.8,178.4,173.6
29880,46,3.8,190.8,187.0
29881,13,43.2,143.4,100.2
29883,39,8.0,182.2,174.2
29884,20,11.4,173.4,162.0
29885,42,3.8,189.2,185.39999999999998
29887,43,5.8,182.0,176.2
29888,19,9.0,167.8,158.8
29889,39,0.0,159.8,159.8
29891,87,2.0,170.6,168.6
29893,39,2.8,176.0,173.2
29894,35,5.2,179.6,174.4
29896,40,1.8,165.8,164.0
29898,36,5.8,155.6,149.79999999999998
29899,25,5.6,164.0,158.4
29900,10,5.2,92.4,87.2
29901,32,4.4,155.8,151.4
29902,27,11.2,160.6,149.4
29904,15,4.0,146.8,142.8
29905,5,10.6,96.0,85.4
29906,37,5.4,165.6,160.2
29907,43,12.6,187.2,174.6
29908,34,10.8,171.8,161.0
29909,25,4.8,131.0,126.2
29910,30,4.8,157.2,152.39999999999998
29911,53,4.6,184.8,180.20000000000002
29913,34,4.6,145.2,140.6
29914,36,6.4,176.4,170.0
29915,26,3.6,121.6,118.0
29917,43,8.6,184.4,175.8
29918,30,2.8,151.2,148.39999999999998
29919,36,12.4,174.6,162.2
29920,46,8.2,187.4,179.20000000000002
29921,53,1.6,184.8,183.20000000000002
29922,33,11.4,170.4,159.0
29923,41,6.4,178.2,171.79999999999998
29925,36,3.8,140.0,136.2
29927,19,30.2,159.8,129.60000000000002
29928,18,12.6,138.6,126.0
29929,34,0.0,161.6,161.6
29930,23,0.6,182.2,181.6
29931,24,6.4,158.4,152.0
29932,22,4.4,169.4,165.0
29933,40,4.8,161.4,156.6
29934,20,4.2,71.4,67.2
29935,35,4.2,138.0,133.8
29938,16,0.0,140.0,140.0
29939,40,5.6,176.8,171.20000000000002
29940,36,12.4,167.4,155.0
29943,33,13.4,180.2,166.79999999999998
29946,36,6.6,171.0,164.4
29948,22,20.4,165.0,144.6
29949,45,2.2,190.6,188.4
29950,39,14.2,181.0,166.8
29951,28,0.0,166.4,166.4
29953,38,16.6,184.8,168.20000000000002
29954,27,12.6,142.6,130.0
29955,35,2.8,157.0,154.2
29956,38,2.6,187.4,184.8
29957,50,3.6,185.8,182.20000000000002
29958,41,5.0,171.0,166.0
29959,44,10.8,171.8,161.0
29961,29,8.0,164.8,156.8
29964,36,10.4,168.6,158.2
29966,36,4.6,165.8,161.20000000000002
29967,31,2.6,184.0,181.4
29968,41,4.2,190.0,185.8
29969,27,3.2,183.0,179.8
29972,39,3.2,154.4,151.20000000000002
29973,41,12.6,183.2,170.6
29974,41,5.4,166.4,161.0
29975,37,9.6,177.4,167.8
29976,24,8.4,132.8,124.4
29977,38,10.6,162.4,151.8
29978,23,5.0,110.6,105.6
29981,42,3.8,147.8,144.0
29983,17,0.2,130.4,130.20000000000002
29984,45,9.6,164.4,154.8
29985,36,3.0,176.4,173.4
29987,35,10.6,157.8,147.20000000000002
29988,36,4.4,170.6,166.2
29989,39,4.0,181.2,177.2
29990,36,4.8,167.2,162.39999999999998
29991,34,0.0,143.8,143.8
29992,35,16.4,183.8,167.4
29993,33,4.2,178.8,174.60000000000002
29994,12,4.4,138.2,133.79999999999998
29995,39,4.6,177.4,172.8
29996,25,2.4,127.0,124.6
29997,21,37.4,151.0,113.6
30000,37,3.0,162.2,159.2
30001,62,4.6,189.0,184.4
30002,35,14.8,171.4,156.6
30003,29,17.6,139.4,121.80000000000001
30004,42,10.6,179.0,168.4
30005,30,4.2,191.4,187.20000000000002
30007,43,9.4,181.8,172.4
30009,24,16.4,132.2,115.79999999999998
30010,37,13.0,181.8,168.8
30012,15,0.6,174.2,173.6
30013,13,0.6,123.8,123.2
30015,52,5.6,136.2,130.6
30016,10,37.2,134.4,97.2
30017,43,12.2,140.0,127.8
30018,30,14.0,132.4,118.4
30019,36,10.4,173.2,162.79999999999998
30021,15,4.6,136.6,132.0
30022,26,5.4,144.4,139.0
30023,26,14.6,139.6,125.0
30024,41,11.0,161.4,150.4
30025,32,4.6,143.0,138.4
30027,48,1.8,195.0,193.2
30028,17,12.4,103.8,91.39999999999999
30030,26,15.0,162.4,147.4
30034,35,3.2,145.6,142.4
30035,20,13.6,148.0,134.4
30036,37,8.2,156.2,148.0
30037,7,74.0,137.4,63.400000000000006
30038,24,4.8,165.6,160.79999999999998
30039,41,8.4,139.2,130.79999999999998
30041,29,4.8,134.4,129.6
30042,49,3.6,184.8,181.20000000000002
30043,28,5.6,145.6,140.0
30045,40,13.4,184.2,170.79999999999998
30047,38,5.4,173.8,168.4
30052,42,9.6,177.4,167.8
30054,40,9.4,174.0,164.6
30055,36,1.6,142.4,140.8
30056,25,0.2,147.0,146.8
30058,40,0.0,173.6,173.6
30060,43,9.4,188.4,179.0
30061,43,5.0,188.8,183.8
30062,42,0.0,171.0,171.0
30064,33,12.4,180.6,168.2
30066,26,9.6,170.8,161.20000000000002
30067,5,10.6,145.2,134.6
30068,37,3.6,141.2,137.6
30069,25,4.0,130.8,126.80000000000001
30071,43,17.4,184.4,167.0
30072,62,4.8,160.6,155.79999999999998
30073,36,16.8,174.6,157.79999999999998
30075,44,6.6,175.8,169.20000000000002
30076,38,9.8,170.8,161.0
30077,46,3.6,185.8,182.20000000000002
30078,43,1.0,184.4,183.4
30079,43,9.2,191.2,182.0
30081,34,16.4,177.2,160.79999999999998
30082,17,13.4,151.2,137.79999999999998
30083,30,13.6,164.0,150.4
30085,41,4.2,184.0,179.8
30086,40,0.8,179.8,179.0
30088,24,12.6,139.8,127.20000000000002
30089,17,0.0,140.8,140.8
30090,21,4.6,119.8,115.2
30091,22,12.8,162.6,149.79999999999998
30092,21,11.8,179.8,168.0
30094,30,7.6,155.2,147.6
30095,41,5.0,185.4,180.4
30097,37,3.2,168.8,165.60000000000002
30100,44,3.0,182.8,179.8
30101,7,21.0,129.0,108.0
30102,28,10.4,138.8,128.4
30103,37,11.2,182.8,171.60000000000002
30104,35,2.8,143.8,141.0
30107,34,5.0,150.0,145.0
30108,56,0.4,182.6,182.2
30110,28,6.2,162.4,156.20000000000002
30111,10,7.6,191.0,183.4
30112,15,0.0,138.2,138.2
30113,30,10.0,150.6,140.6
30114,40,0.0,139.2,139.2
30115,57,7.2,147.2,140.0
30116,40,2.8,187.4,184.6
30117,40,10.0,182.0,172.0
30118,49,1.0,138.8,137.8
30119,9,1.0,124.0,123.0
30120,38,3.8,174.0,170.2
30122,44,7.8,185.8,178.0
30123,39,8.2,186.4,178.20000000000002
30124,25,4.2,144.6,140.4
30125,47,5.6,117.0,111.4
30126,27,4.6,153.0,148.4
30127,28,17.0,159.4,142.4
30128,39,16.8,184.4,167.6
30130,42,5.2,175.2,170.0
30132,27,10.8,140.4,129.6
30133,49,4.6,181.2,176.6
30134,10,4.2,114.8,110.6
30136,48,4.0,189.2,185.2
30138,46,5.4,193.0,187.6
30139,39,0.0,165.4,165.4
30142,41,2.4,172.4,170.0
30143,47,2.0,183.4,181.4
30144,32,1.2,134.2,133.0
30145,40,9.0,164.0,155.0
30146,71,2.4,177.0,174.6
30147,44,16.6,183.4,166.8
30149,18,1.0,164.4,163.4
30150,26,10.8,170.4,159.6
30152,38,5.4,175.4,170.0
30153,45,0.0,180.0,180.0
30154,29,1.6,125.6,124.0
30155,46,3.6,184.0,180.4
30157,32,8.2,178.4,170.20000000000002
30160,27,8.4,164.4,156.0
30162,35,5.4,142.4,137.0
30163,40,4.0,164.0,160.0
30164,7,2.4,143.6,141.2
30165,16,4.6,126.2,121.60000000000001
30166,37,3.2,181.6,178.4
30167,32,6.4,161.0,154.6
30168,39,1.8,171.8,170.0
30169,11,4.4,140.8,136.4
30170,28,11.6,147.0,135.4
30171,19,4.4,134.0,129.6
30173,45,4.8,179.8,175.0
30175,33,5.2,142.8,137.60000000000002
30176,31,6.2,143.8,137.60000000000002
30178,25,5.4,134.2,128.79999999999998
30179,35,19.8,173.2,153.39999999999998
30180,29,15.6,176.2,160.6
30181,24,6.6,129.4,122.80000000000001
30184,27,9.8,162.6,152.79999999999998
30186,33,9.6,164.0,154.4
30187,37,4.6,165.2,160.6
30190,21,12.4,118.6,106.19999999999999
30191,30,6.0,140.2,134.2
30192,34,2.8,155.2,152.39999999999998
30193,38,3.2,171.6,168.4
30194,7,11.0,86.2,75.2
30195,36,4.2,160.8,156.60000000000002
30197,11,49.0,153.0,104.0
30198,27,5.0,124.2,119.2
30199,35,4.6,145.4,140.8
30201,8,12.0,176.2,164.2
30202,83,4.2,165.8,161.60000000000002
30204,13,6.4,140.0,133.6
30205,40,8.2,176.2,168.0
30206,33,2.4,140.0,137.6
30207,37,15.4,179.8,164.4
30208,71,1.6,175.6,174.0
30209,48,4.0,177.8,173.8
30211,13,16.2,129.6,113.39999999999999
30213,42,4.8,181.8,177.0
30214,54,0.2,122.6,122.39999999999999
30215,41,9.4,168.2,158.79999999999998
30216,59,0.2,132.4,132.20000000000002
30218,7,11.2,150.6,139.4
30219,36,3.4,161.2,157.79999999999998
30221,80,0.8,169.0,168.2
30223,47,8.6,187.6,179.0
30224,59,9.8,133.0,123.2
30228,33,9.8,178.6,168.79999999999998
30230,77,0.0,170.0,170.0
30231,63,0.0,151.2,151.2
30232,10,2.4,111.6,109.19999999999999
30235,16,7.4,137.6,130.2
30239,39,4.6,165.4,160.8
30240,29,15.2,177.2,162.0
30241,75,1.8,178.2,176.39999999999998
30242,36,4.6,165.8,161.20000000000002
30244,39,1.2,179.2,178.0
30247,36,6.2,147.0,140.8
30248,32,3.0,145.2,142.2
30249,46,10.0,187.8,177.8
30250,43,13.2,186.8,173.60000000000002
30251,29,1.8,171.6,169.79999999999998
30252,74,1.0,153.6,152.6
30253,69,0.0,176.0,176.0
30254,16,7.6,134.6,127.0
30256,40,3.2,186.0,182.8
30259,41,5.2,171.8,166.60000000000002
30260,27,15.0,172.4,157.4
30261,27,8.0,165.6,157.6
30262,41,9.8,183.8,174.0
30265,35,61.6,185.0,123.4
30266,27,15.6,170.8,155.20000000000002
30267,85,5.8,186.6,180.79999999999998
30269,19,0.2,181.0,180.8
30270,55,0.2,138.0,137.8
30271,26,9.4,163.4,154.0
30272,40,5.0,183.8,178.8
30273,41,4.2,179.4,175.20000000000002
30274,42,11.8,180.6,168.79999999999998
30275,39,2.2,186.4,184.20000000000002
30276,79,0.4,183.2,182.79999999999998
30281,25,19.4,154.8,135.4
30282,26,3.6,145.2,141.6
30283,40,5.4,173.0,167.6
30284,76,5.6,156.4,150.8
30285,26,4.2,150.8,146.60000000000002
30286,42,2.0,191.2,189.2
30287,57,0.8,186.6,185.79999999999998
30289,21,0.0,145.6,145.6
30290,25,7.6,157.4,149.8
30292,24,17.4,158.2,140.79999999999998
30294,58,0.4,128.0,127.6
30296,19,4.6,143.4,138.8
30297,11,15.4,137.2,121.79999999999998
30298,43,2.6,175.4,172.8
30299,43,5.0,187.8,182.8
30300,27,3.6,151.4,147.8
30301,77,2.8,170.8,168.0
30303,26,11.0,173.8,162.8
30304,40,6.6,167.0,160.4
30305,30,4.8,128.2,123.39999999999999
30306,36,18.6,183.6,165.0
30307,40,6.8,187.4,180.6
30309,80,0.2,148.2,148.0
30310,28,13.4,176.4,163.0
30312,33,8.6,149.2,140.6
30313,14,17.0,160.0,143.0
30314,38,4.8,171.4,166.6
30316,10,1.4,104.6,103.19999999999999
30318,5,10.4,114.2,103.8
30319,46,2.8,175.0,172.2
30320,19,6.8,156.0,149.2
30321,22,1.4,156.0,154.6
30325,24,9.4,156.0,146.6
30326,40,4.6,182.4,177.8
30327,20,3.2,144.4,141.20000000000002
30328,37,15.4,182.4,167.0
30329,45,5.0,186.2,181.2
30330,35,4.4,150.8,146.4
30331,17,0.4,154.2,153.79999999999998
30335,10,4.2,126.4,122.2
30337,32,5.0,144.2,139.2
30338,98,0.8,181.6,180.79999999999998
30339,42,7.0,180.0,173.0
30343,32,7.2,176.0,168.8
30345,22,13.2,175.6,162.4
30347,27,5.8,129.0,123.2
30348,38,5.0,176.4,171.4
30352,32,5.6,166.0,160.4
30353,46,6.4,173.2,166.79999999999998
30355,32,0.0,144.2,144.2
30356,30,2.2,181.2,179.0
30357,48,2.6,172.4,169.8
30358,10,4.6,139.2,134.6
30359,38,10.0,154.4,144.4
30360,40,4.8,180.6,175.79999999999998
30361,51,4.2,183.8,179.60000000000002
30362,47,0.0,183.6,183.6
30363,95,0.0,173.4,173.4
30364,44,4.8,184.2,179.39999999999998
30366,40,6.8,173.4,166.6
30367,89,3.8,177.0,173.2
30369,36,1.4,184.0,182.6
30371,34,2.0,189.4,187.4
30372,36,4.8,162.4,157.6
30374,56,0.0,139.2,139.2
30380,85,0.2,176.4,176.20000000000002
30381,28,5.4,118.6,113.19999999999999
30382,19,4.4,155.6,151.2
30383,65,0.8,142.0,141.2
30385,24,9.2,167.0,157.8
30386,25,4.4,131.8,127.4
30389,33,5.8,168.4,162.6
30390,37,7.0,146.0,139.0
30392,19,4.4,159.2,154.79999999999998
30393,77,4.4,166.4,162.0
30395,71,7.2,155.8,148.60000000000002
30396,39,5.2,174.6,169.4
30397,77,2.2,168.0,165.8
30399,23,6.2,101.2,95.0
30401,11,5.2,173.4,168.20000000000002
30403,27,0.2,148.2,148.0
30404,18,4.0,171.2,167.2
30405,35,2.4,174.6,172.2
30406,66,0.0,167.4,167.4
30407,85,2.0,181.2,179.2
30408,72,3.6,154.2,150.6
30409,59,5.2,169.4,164.20000000000002
30410,73,2.6,177.4,174.8
30411,30,20.4,153.6,133.2
30412,68,5.0,156.8,151.8
30413,19,1.2,161.8,160.60000000000002
30414,22,4.2,162.4,158.20000000000002
30416,61,4.2,144.6,140.4
30417,29,5.0,142.6,137.6
30420,11,14.0,155.6,141.6
30421,8,4.2,145.6,141.4
30422,41,8.2,176.8,168.60000000000002
30424,62,1.4,149.4,148.0
30425,41,1.4,175.6,174.2
30426,70,6.0,144.8,138.8
30427,25,4.0,170.4,166.4
30428,38,4.0,178.0,174.0
30429,79,1.4,184.6,183.2
30430,73,1.2,147.0,145.8
30431,86,4.8,179.2,174.39999999999998
30432,15,10.2,156.6,146.4
30433,83,6.2,180.6,174.4
30434,78,0.6,168.0,167.4
30435,28,11.6,170.6,159.0
30436,28,9.2,145.2,136.0
30437,70,0.8,131.6,130.79999999999998
30438,37,5.0,172.6,167.6
30440,37,2.4,176.0,173.6
30441,46,3.4,179.4,176.0
30444,78,0.6,156.8,156.20000000000002
30445,35,4.6,168.6,164.0
30446,63,0.4,164.2,163.79999999999998
30449,40,4.4,182.4,178.0
30452,36,3.8,177.8,174.0
30453,26,0.0,170.4,170.4
30454,58,2.2,152.0,149.8
30457,13,2.0,164.0,162.0
30458,79,5.0,184.2,179.2
30459,44,3.4,160.8,157.4
30460,32,9.2,170.8,161.60000000000002
30461,18,0.0,191.0,191.0
30462,76,1.4,153.4,152.0
30463,23,14.2,135.2,120.99999999999999
30464,33,4.8,159.0,154.2
30465,13,3.8,146.4,142.6
30466,16,7.8,153.0,145.2
30467,56,0.0,162.4,162.4
30468,13,4.4,156.6,152.2
30469,20,0.0,167.2,167.2
30470,26,9.4,175.0,165.6
30471,72,6.8,163.8,157.0
30473,40,8.6,173.8,165.20000000000002
30474,41,4.8,163.0,158.2
30475,28,0.2,154.4,154.20000000000002
30477,14,26.2,155.2,129.0
30478,37,7.0,163.4,156.4
30479,43,4.6,178.8,174.20000000000002
30481,39,9.4,184.0,174.6
30482,67,1.8,170.8,169.0
30484,68,0.8,171.2,170.39999999999998
30485,29,0.6,177.4,176.8
30486,12,4.0,149.6,145.6
30487,10,12.8,133.6,120.8
30488,29,4.8,161.2,156.39999999999998
30489,23,0.2,120.8,120.6
30491,52,15.6,180.0,164.4
30492,84,3.0,166.0,163.0
30493,94,1.8,176.4,174.6
30494,36,4.8,157.4,152.6
30496,32,12.2,142.0,129.8
30498,33,7.4,179.4,172.0
30499,75,1.8,170.8,169.0
30501,24,7.4,131.8,124.4
30502,35,4.8,178.4,173.6
30503,68,7.0,167.8,160.8
30504,82,6.0,154.2,148.2
30506,89,8.8,166.6,157.79999999999998
30507,20,4.0,177.2,173.2
30510,65,7.0,186.6,179.6
30511,67,5.6,162.6,157.0
30512,40,0.0,170.0,170.0
30514,81,2.8,164.0,161.2
30515,31,14.6,181.6,167.0
30516,38,3.4,164.6,161.2
30519,26,1.6,183.4,181.8
30520,50,5.0,184.2,179.2
30521,7,2.4,107.8,105.39999999999999
30523,39,6.2,142.0,135.8
30524,57,0.0,183.0,183.0
30527,19,0.0,157.2,157.2
30529,25,13.4,139.6,126.19999999999999
30530,23,9.2,155.4,146.20000000000002
30531,35,1.6,176.6,175.0
30532,19,5.2,119.0,113.8
30533,15,29.8,134.8,105.00000000000001
30534,18,21.0,143.0,122.0
30535,60,4.8,184.6,179.79999999999998
30537,18,0.6,170.0,169.4
30539,66,13.0,156.0,143.0
30544,22,3.2,115.8,112.6
30545,22,19.8,131.0,111.2
30546,40,7.6,179.6,172.0
30547,17,13.0,138.8,125.80000000000001
30548,42,7.6,182.0,174.4
30549,13,19.8,166.8,147.0
30550,37,4.6,164.8,160.20000000000002
30551,41,3.4,163.8,160.4
30552,38,1.4,181.6,180.2
30553,39,2.8,177.4,174.6
30554,49,11.0,161.0,150.0
30558,14,4.6,141.4,136.8
30559,16,0.8,142.4,141.6
30560,24,25.4,159.0,133.6
30561,40,5.2,154.2,149.0
30564,31,0.0,151.0,151.0
30567,35,15.2,151.2,136.0
30569,48,4.6,161.4,156.8
30570,38,8.4,165.2,156.79999999999998
30571,33,3.8,172.0,168.2
30572,24,17.2,143.0,125.8
30576,16,4.0,152.6,148.6
30577,17,0.2,130.2,130.0
30578,40,0.8,174.8,174.0
30579,22,16.2,177.2,161.0
30581,48,9.4,146.6,137.2
30583,34,8.2,177.6,169.4
30584,35,4.8,162.2,157.39999999999998
30585,18,0.0,163.6,163.6
30588,37,0.2,166.6,166.4
30589,22,5.2,81.8,76.6
30591,36,5.0,166.6,161.6
30592,42,0.0,151.2,151.2
30593,41,7.6,166.4,158.8
30596,45,0.0,162.8,162.8
30597,31,4.4,166.8,162.4
30600,41,11.0,179.6,168.6
30601,25,5.4,139.4,134.0
30602,27,0.0,124.2,124.2
30603,28,8.2,145.8,137.60000000000002
30604,45,4.8,172.6,167.79999999999998
30608,34,7.2,163.0,155.8
30609,43,12.6,160.2,147.6
30610,41,4.6,162.4,157.8
30612,35,1.6,164.6,163.0
30613,27,8.0,151.2,143.2
30615,19,4.4,90.6,86.19999999999999
30617,27,8.2,173.0,164.8
30618,29,11.6,141.4,129.8
30620,33,4.6,141.4,136.8
30621,27,6.8,149.8,143.0
30623,75,2.2,165.8,163.60000000000002
30624,28,5.6,163.2,157.6
30630,68,2.4,164.8,162.4
30631,25,12.8,143.0,130.2
30634,30,2.2,141.6,139.4
30635,68,1.4,154.0,152.6
30637,31,9.2,180.8,171.60000000000002
30638,52,6.0,165.2,159.2
30639,38,4.0,182.6,178.6
30640,34,3.8,140.8,137.0
30647,40,8.2,170.4,162.20000000000002
30648,60,1.0,160.8,159.8
30649,75,2.0,167.2,165.2
30650,71,1.4,153.4,152.0
30651,61,2.0,154.6,152.6
30655,51,2.6,166.8,164.20000000000002
30656,33,3.0,144.2,141.2
30657,55,18.6,165.4,146.8
30659,50,2.4,173.2,170.79999999999998
30660,37,4.8,168.8,164.0
30661,56,3.0,177.8,174.8
30663,28,15.8,167.0,151.2
30664,33,51.4,155.4,104.0
30665,30,30.4,170.8,140.4
30667,40,7.2,174.8,167.60000000000002
30670,62,0.8,175.4,174.6
30671,74,7.0,169.4,162.4
30672,19,41.8,140.0,98.2
30673,41,2.4,146.6,144.2
30674,37,10.6,159.6,149.0
30675,74,9.8,178.0,168.2
30676,38,5.0,159.4,154.4
30677,37,0.0,168.4,168.4
30678,90,3.4,170.0,166.6
30679,22,10.6,172.6,162.0
30680,60,1.6,159.4,157.8
30681,61,1.6,137.4,135.8
30682,38,10.2,174.4,164.20000000000002
30683,67,1.6,175.4,173.8
30684,62,6.2,167.0,160.8
30685,16,5.8,123.2,117.4
30686,24,0.4,143.0,142.6
30688,13,4.8,166.4,161.6
30690,32,11.0,151.6,140.6
30691,26,19.0,141.4,122.4
30694,45,6.0,152.0,146.0
30695,35,17.0,178.6,161.6
30697,45,8.4,162.2,153.79999999999998
30698,16,9.4,170.4,161.0
30700,43,2.8,159.4,156.6
30701,33,5.4,164.6,159.2
30702,32,5.4,162.4,157.0
30703,34,9.0,152.6,143.6
30704,30,5.8,137.0,131.2
30705,13,2.6,154.2,151.6
30706,30,6.4,151.6,145.2
30707,34,0.0,173.0,173.0
30708,19,15.8,132.6,116.8
30709,26,5.0,134.4,129.4
30712,37,1.4,174.2,172.79999999999998
30713,21,17.0,141.8,124.80000000000001
30714,42,4.0,182.8,178.8
30717,37,10.0,176.2,166.2
30718,37,5.4,166.4,161.0
30719,43,5.0,173.6,168.6
30722,37,4.0,144.0,140.0
30724,17,1.4,168.0,166.6
30725,27,3.4,160.2,156.79999999999998
30726,27,7.2,140.6,133.4
30727,44,4.6,184.2,179.6
30730,14,27.4,134.0,106.6
30732,49,6.4,178.8,172.4
30733,40,2.8,172.4,169.6
30734,16,4.6,138.2,133.6
30735,8,6.4,107.0,100.6
30736,36,1.0,155.4,154.4
30737,42,8.0,169.2,161.2
30738,31,0.0,173.0,173.0
30740,40,0.0,159.2,159.2
30741,59,4.2,136.0,131.8
30744,14,11.8,176.0,164.2
30745,68,4.2,168.0,163.8
30746,30,14.6,144.0,129.4
30749,29,5.0,148.4,143.4
30750,30,12.6,168.8,156.20000000000002
30751,38,6.6,154.0,147.4
30754,80,4.2,175.0,170.8
30756,82,4.4,161.4,157.0
30757,52,2.8,170.4,167.6
30760,39,5.6,164.4,158.8
30761,15,10.4,136.8,126.4
30762,22,13.4,185.2,171.79999999999998
30763,25,5.0,178.4,173.4
30766,83,4.2,168.4,164.20000000000002
30769,17,29.6,150.4,120.80000000000001
30770,30,12.0,137.2,125.19999999999999
30771,62,3.8,143.8,140.0
30772,32,4.4,168.0,163.6
30773,41,4.4,96.0,91.6
30774,26,6.8,136.2,129.39999999999998
30776,37,6.4,139.0,132.6
30777,34,3.2,164.0,160.8
30778,40,4.8,168.0,163.2
30780,11,3.4,175.2,171.79999999999998
30781,79,4.2,171.0,166.8
30782,28,7.0,146.0,139.0
30783,32,3.0,141.0,138.0
30785,36,6.0,179.8,173.8
30788,13,4.2,129.6,125.39999999999999
30789,29,5.2,163.2,158.0
30790,50,1.4,174.0,172.6
30791,31,4.2,77.2,73.0
30793,36,8.8,152.0,143.2
30794,70,10.4,171.0,160.6
30795,73,4.2,159.6,155.4
30796,48,0.0,174.4,174.4
30797,27,4.2,179.0,174.8
30798,32,4.6,165.2,160.6
30799,38,5.2,169.6,164.4
30800,44,0.2,146.0,145.8
30801,30,4.8,139.4,134.6
30802,8,6.0,95.2,89.2
30805,31,5.0,149.8,144.8
30807,45,0.8,179.0,178.2
30808,16,4.8,159.2,154.39999999999998
30811,26,4.2,137.8,133.60000000000002
30812,21,10.6,165.2,154.6
30813,36,5.4,174.6,169.2
30814,25,4.4,168.0,163.6
30815,46,9.8,159.6,149.79999999999998
30816,40,2.2,171.0,168.8
30817,41,2.4,165.6,163.2
30818,31,1.4,149.6,148.2
30819,27,4.8,149.4,144.6
30820,38,6.8,173.6,166.79999999999998
30821,40,4.6,154.2,149.6
30822,31,4.2,148.8,144.60000000000002
30823,31,2.6,144.2,141.6
30824,40,4.4,173.8,169.4
30826,41,9.0,172.6,163.6
30829,25,4.6,126.2,121.60000000000001
30830,39,0.0,159.0,159.0
30831,30,4.2,151.6,147.4
30832,39,4.4,163.4,159.0
30833,35,1.6,150.8,149.20000000000002
30834,40,4.4,180.4,176.0
30836,39,5.4,141.6,136.2
30837,36,1.8,162.0,160.2
30838,38,9.0,159.6,150.6
30840,24,5.2,162.2,157.0
30841,19,10.8,147.8,137.0
30843,37,4.2,171.6,167.4
30844,36,5.6,135.0,129.4
30845,41,4.6,145.8,141.20000000000002
30847,34,8.8,171.0,162.2
30848,54,4.8,180.2,175.39999999999998
30850,38,5.2,157.4,152.20000000000002
30851,33,4.8,161.4,156.6
30852,58,0.6,172.2,171.6
30854,30,7.2,163.8,156.60000000000002
30855,13,4.4,128.8,124.4
30856,67,4.8,181.2,176.39999999999998
30859,25,5.8,103.2,97.4
30860,51,5.0,158.8,153.8
30861,14,4.4,122.0,117.6
30862,66,0.0,175.4,175.4
30863,38,17.4,182.6,165.2
30867,65,4.6,176.0,171.4
30868,26,5.2,148.0,142.8
30870,39,3.2,170.8,167.60000000000002
30872,20,3.6,141.4,137.8
30873,9,3.0,116.2,113.2
30874,11,24.6,116.2,91.6
30877,44,0.4,168.2,167.79999999999998
30878,73,4.6,177.2,172.6
30880,18,0.4,138.4,138.0
30881,17,10.0,145.4,135.4
30883,38,4.6,164.2,159.6
30886,41,6.2,178.4,172.20000000000002
30887,42,7.6,175.4,167.8
30889,19,1.2,146.0,144.8
30891,41,5.0,170.4,165.4
30893,12,14.2,117.4,103.2
30894,29,6.6,147.0,140.4
30895,36,6.4,154.0,147.6
30896,31,3.6,143.2,139.6
30897,28,2.2,133.2,131.0
30898,39,4.8,179.4,174.6
30899,37,5.0,170.6,165.6
30901,38,0.2,172.2,172.0
30903,20,15.8,146.8,131.0
30904,21,5.0,151.0,146.0
30907,24,4.8,167.6,162.79999999999998
30909,35,2.2,142.2,140.0
30910,28,5.4,133.6,128.2
30912,44,6.2,179.0,172.8
30913,33,4.6,156.4,151.8
30914,30,5.0,150.8,145.8
30917,27,10.4,156.6,146.2
30918,36,12.6,159.4,146.8
30919,34,5.6,148.6,143.0
30920,35,2.8,127.2,124.4
30921,24,14.0,154.0,140.0
30922,33,4.0,145.4,141.4
30925,38,4.2,141.8,137.60000000000002
30926,34,5.2,166.0,160.8
30929,11,8.2,148.4,140.20000000000002
30930,28,5.4,159.8,154.4
30931,10,47.0,123.0,76.0
30933,75,2.6,172.0,169.4
30934,14,4.4,133.2,128.79999999999998
30935,26,13.0,165.4,152.4
30936,15,4.6,144.8,140.20000000000002
30937,39,6.2,158.6,152.4
30940,26,6.8,142.4,135.6
30942,32,8.4,166.2,157.79999999999998
30943,66,1.6,155.6,154.0
30944,31,4.6,160.6,156.0
30947,30,3.2,139.2,136.0
30948,9,12.6,137.2,124.6
30951,36,5.2,180.6,175.4
30952,29,8.6,163.0,154.4
30953,44,9.8,171.4,161.6
30954,11,2.2,137.4,135.20000000000002
30955,30,5.4,155.8,150.4
30956,31,9.6,169.6,160.0
30960,29,1.2,161.0,159.8
30964,30,12.8,149.8,137.0
30966,50,0.4,139.2,138.79999999999998
30967,57,0.0,166.8,166.8
30968,53,0.0,139.6,139.6
30969,38,0.0,154.8,154.8
30970,49,11.8,170.8,159.0
30971,38,6.0,148.4,142.4
30972,46,3.6,158.0,154.4
30974,30,8.6,152.4,143.8
30975,57,0.2,140.2,140.0
30977,29,6.0,145.8,139.8
30978,27,2.2,177.2,175.0
30981,11,13.4,164.2,150.79999999999998
30982,36,3.8,172.4,168.6
30983,25,3.2,126.2,123.0
30985,65,0.2,168.0,167.8
30986,28,28.2,163.4,135.20000000000002
30987,35,5.0,168.6,163.6
30988,24,15.8,162.6,146.79999999999998
30989,26,1.4,140.4,139.0
30990,31,3.8,113.4,109.60000000000001
30991,36,5.8,165.4,159.6
30992,35,2.6,174.4,171.8
30993,42,0.6,161.2,160.6
30994,43,1.4,174.4,173.0
30995,30,2.0,142.4,140.4
30996,39,6.8,178.6,171.79999999999998
30997,31,8.6,165.8,157.20000000000002
31000,27,4.8,144.8,140.0
31001,34,3.8,170.6,166.79999999999998
31002,37,4.8,179.0,174.2
31003,35,5.8,151.6,145.79999999999998
31004,32,2.8,156.2,153.39999999999998
31006,70,1.2,168.4,167.20000000000002
31007,40,0.0,159.6,159.6
31009,32,9.8,149.0,139.2
31010,36,1.6,154.4,152.8
31012,68,0.8,168.8,168.0
31013,69,3.2,152.2,149.0
31014,47,2.4,173.0,170.6
31015,30,6.6,143.8,137.20000000000002
31016,75,2.6,165.4,162.8
31018,35,0.4,142.8,142.4
31019,67,1.6,160.6,159.0
31020,28,11.8,138.6,126.8
31021,61,1.2,152.8,151.60000000000002
31022,27,5.8,158.4,152.6
31023,43,0.2,173.2,173.0
31024,22,12.8,124.2,111.4
31025,35,12.0,168.4,156.4
31026,26,18.0,143.0,125.0
31027,39,4.4,169.6,165.2
31028,26,12.0,138.4,126.4
31029,25,3.6,176.4,172.8
31030,28,19.6,140.2,120.6
31031,36,8.8,146.6,137.79999999999998
31032,21,1.2,154.6,153.4
31033,14,6.6,127.2,120.60000000000001
31036,25,9.2,165.8,156.60000000000002
31038,31,14.2,152.4,138.20000000000002
31039,29,11.6,153.0,141.4
31041,33,10.2,144.6,134.4
31045,41,4.8,178.0,173.2
31047,62,1.0,141.6,140.6
31048,32,1.6,138.6,137.0
31049,30,1.8,134.4,132.6
31050,31,8.0,141.6,133.6
31052,21,0.8,148.8,148.0
31054,17,0.0,156.8,156.8
31055,34,8.2,158.6,150.4
31056,26,0.2,169.4,169.20000000000002
31057,16,0.0,132.6,132.6
31058,34,13.4,167.6,154.2
31060,26,0.2,146.2,146.0
31062,37,5.0,175.0,170.0
31066,33,1.8,144.2,142.39999999999998
31067,5,5.8,122.2,116.4
31068,35,6.8,133.2,126.39999999999999
31070,35,0.0,147.6,147.6
31071,9,3.6,156.6,153.0
31073,23,5.4,144.4,139.0
31074,40,8.4,167.8,159.4
31075,15,25.0,139.4,114.4
31077,42,0.0,162.2,162.2
31078,9,11.2,122.6,111.39999999999999
31079,21,9.2,168.0,158.8
31080,63,2.0,156.2,154.2
31082,27,7.0,158.6,151.6
31083,27,3.8,153.6,149.79999999999998
31084,52,3.0,166.8,163.8
31085,42,3.0,174.8,171.8
31086,32,5.2,160.2,155.0
31088,36,10.0,165.2,155.2
31090,24,4.8,163.8,159.0
31092,31,4.6,149.2,144.6
31093,31,5.4,141.2,135.79999999999998
31095,31,4.2,141.8,137.60000000000002
31096,35,0.2,161.8,161.60000000000002
31099,33,9.0,160.2,151.2
31101,39,5.4,173.2,167.79999999999998
31102,30,17.8,161.4,143.6
31103,51,1.8,172.0,170.2
31105,50,4.8,180.8,176.0
31106,35,8.4,146.2,137.79999999999998
31108,41,8.4,165.4,157.0
31109,48,4.0,174.0,170.0
31112,58,1.2,146.6,145.4
31114,31,0.2,161.2,161.0
31116,17,5.2,137.8,132.60000000000002
31117,33,4.8,150.0,145.2
31118,14,0.0,169.2,169.2
31119,42,3.6,175.2,171.6
31121,23,2.0,146.4,144.4
31122,20,4.6,139.8,135.20000000000002
31123,32,4.6,141.4,136.8
31125,41,2.2,170.8,168.60000000000002
31126,15,8.4,149.2,140.79999999999998
31130,14,15.0,174.4,159.4
31132,30,4.8,147.8,143.0
31134,75,2.4,137.0,134.6
31136,27,5.0,137.0,132.0
31137,40,0.4,169.6,169.2
31138,29,7.4,151.2,143.79999999999998
31141,40,7.8,162.4,154.6
31143,40,11.2,172.4,161.20000000000002
31144,26,15.4,167.0,151.6
31145,32,4.8,144.6,139.79999999999998
31148,25,5.0,118.0,113.0
31152,63,1.6,164.8,163.20000000000002
31153,35,0.2,138.6,138.4
31154,14,3.6,152.6,149.0
31156,46,0.0,168.4,168.4
31157,70,2.0,174.8,172.8
31159,20,0.0,138.6,138.6
31160,35,4.8,166.8,162.0
31162,30,3.8,149.4,145.6
31163,41,2.6,170.8,168.20000000000002
31164,62,2.4,152.4,150.0
31165,22,25.6,123.6,98.0
31167,36,8.2,152.2,144.0
31168,29,0.0,141.0,141.0
31172,38,6.4,137.8,131.4
31175,35,9.2,146.6,137.4
31177,34,2.6,147.6,145.0
31178,6,37.2,98.8,61.599999999999994
31181,38,21.8,169.4,147.6
31182,56,2.4,157.2,154.79999999999998
31184,35,5.0,143.2,138.2
31185,43,1.0,158.0,157.0
31186,56,1.6,151.8,150.20000000000002
31188,53,0.6,166.0,165.4
31189,73,3.4,147.8,144.4
31191,26,8.8,154.4,145.6
31192,75,1.0,158.8,157.8
31194,44,5.2,158.4,153.20000000000002
31196,30,5.8,158.4,152.6
31197,37,6.6,171.8,165.20000000000002
31199,15,0.8,89.6,88.8
31200,37,1.6,161.2,159.6
31202,63,1.2,131.8,130.60000000000002
31203,29,5.4,140.8,135.4
31206,20,61.8,133.2,71.39999999999999
31207,53,2.4,120.4,118.0
31208,14,7.8,143.4,135.6
31209,35,3.0,137.0,134.0
31210,30,9.8,156.6,146.79999999999998
31211,13,2.2,91.8,89.6
31212,36,3.0,172.2,169.2
31213,8,20.8,132.2,111.39999999999999
31214,31,4.4,149.4,145.0
31216,29,4.8,139.0,134.2
31218,28,4.4,127.4,123.0
31219,25,24.2,118.4,94.2
31221,33,0.4,151.0,150.6
31222,36,5.4,169.2,163.79999999999998
31224,36,5.6,143.6,138.0
31225,35,4.8,143.8,139.0
31226,25,10.4,139.0,128.6
31227,18,0.0,175.0,175.0
31229,36,5.8,171.6,165.79999999999998
31230,35,3.6,160.8,157.20000000000002
31231,74,14.2,168.6,154.4
31232,20,3.8,151.2,147.39999999999998
31233,47,4.6,163.4,158.8
31235,22,0.0,98.6,98.6
31236,31,41.8,174.6,132.8
31237,15,5.0,103.4,98.4
31238,36,9.4,144.4,135.0
31241,29,4.6,144.4,139.8
31243,38,5.0,164.8,159.8
31245,15,9.0,138.8,129.8
31248,31,16.8,161.2,144.39999999999998
31249,41,10.0,159.2,149.2
31250,34,16.4,164.4,148.0
31252,25,4.8,127.6,122.8
31253,32,5.8,131.6,125.8
31254,40,2.0,118.2,116.2
31255,29,13.2,140.6,127.39999999999999
31256,38,10.2,163.0,152.8
31257,32,4.6,163.2,158.6
31258,21,0.0,111.4,111.4
31259,38,6.0,172.4,166.4
31260,33,13.0,173.2,160.2
31262,34,6.0,162.4,156.4
31263,32,4.8,151.8,147.0
31265,41,4.6,131.0,126.4
31268,38,6.4,166.4,160.0
31269,53,1.4,161.8,160.4
31270,32,4.8,150.4,145.6
31272,32,4.2,156.4,152.20000000000002
31273,14,4.4,127.8,123.39999999999999
31275,15,4.4,123.4,119.0
31276,15,3.2,127.6,124.39999999999999
31277,30,4.8,151.0,146.2
31278,47,0.2,128.2,127.99999999999999
31280,45,4.8,114.2,109.4
31281,24,0.0,143.8,143.8
31282,7,8.0,120.2,112.2
31286,11,1.0,161.8,160.8
31287,73,13.2,168.6,155.4
31288,32,18.0,165.2,147.2
31289,29,1.8,143.8,142.0
31290,33,4.8,143.2,138.39999999999998
31291,30,7.4,135.6,128.2
31292,33,2.4,143.8,141.4
31293,31,6.6,148.4,141.8
31295,30,1.8,133.6,131.79999999999998
31296,37,6.4,159.8,153.4
31297,60,13.8,152.0,138.2
31298,34,11.2,171.2,160.0
31299,33,5.0,135.6,130.6
31300,44,4.8,169.6,164.79999999999998
31301,12,7.6,139.8,132.20000000000002
31302,35,4.8,154.8,150.0
31303,62,2.0,163.6,161.6
31306,26,11.6,142.4,130.8
31307,22,13.8,142.4,128.6
31309,17,11.4,162.2,150.79999999999998
31310,34,6.2,147.2,141.0
31313,31,3.4,145.8,142.4
31314,37,5.2,171.4,166.20000000000002
31315,29,19.2,151.0,131.8
31316,42,4.8,146.2,141.39999999999998
31318,22,4.2,158.4,154.20000000000002
31319,38,4.6,154.4,149.8
31321,31,3.2,153.2,150.0
31322,57,12.8,120.0,107.2
31324,31,6.4,133.8,127.4
31326,31,12.6,168.4,155.8
31327,33,7.2,143.6,136.4
31328,33,6.6,144.6,138.0
31329,67,10.6,145.2,134.6
31330,32,4.8,139.6,134.79999999999998
31331,35,7.0,128.0,121.0
31332,42,3.4,151.4,148.0
31333,33,4.4,154.4,150.0
31335,21,13.4,148.4,135.0
31336,33,4.8,145.2,140.39999999999998
31338,40,8.2,153.2,145.0
31339,27,1.0,126.6,125.6
31341,17,4.6,145.4,140.8
31342,42,10.2,150.2,140.0
31343,37,2.4,161.6,159.2
31344,41,6.4,155.8,149.4
31346,5,0.0,37.8,37.8
31347,38,3.8,133.2,129.39999999999998
31349,23,0.6,132.2,131.6
31350,15,10.0,140.6,130.6
31351,44,10.4,175.8,165.4
31353,35,6.2,143.6,137.4
31354,41,8.0,135.6,127.6
31356,33,7.2,137.4,130.20000000000002
31357,12,19.2,133.4,114.2
31358,8,22.0,132.0,110.0
31360,42,1.0,150.6,149.6
31362,27,10.0,142.6,132.6
31363,12,14.2,130.2,115.99999999999999
31365,62,0.6,137.4,136.8
31367,39,5.6,141.4,135.8
31368,54,4.8,144.2,139.39999999999998
31370,25,3.2,126.0,122.8
31371,31,19.2,126.6,107.39999999999999
31372,17,9.8,166.4,156.6
31373,36,5.4,143.2,137.79999999999998
31374,38,4.6,151.8,147.20000000000002
31375,35,6.6,163.4,156.8
31377,38,14.4,158.2,143.79999999999998
31378,28,4.2,137.4,133.20000000000002
31379,24,15.0,139.4,124.4
31381,29,14.8,169.0,154.2
31382,31,4.6,148.0,143.4
31383,32,10.2,148.0,137.8
31384,33,18.4,154.8,136.4
31385,31,4.6,158.2,153.6
31387,39,5.6,159.6,154.0
31388,48,0.8,136.0,135.2
31390,33,13.8,158.0,144.2
31391,15,4.4,134.6,130.2
31392,39,4.6,166.4,161.8
31393,75,6.8,164.4,157.6
31395,28,40.0,143.6,103.6
31396,29,1.8,133.6,131.79999999999998
31399,27,6.0,138.2,132.2
31401,38,5.2,171.8,166.60000000000002
31403,46,11.4,164.6,153.2
31404,34,4.8,154.0,149.2
31408,13,4.8,92.2,87.4
31409,27,13.4,131.4,118.0
31410,42,1.4,162.2,160.79999999999998
31411,34,6.4,161.2,154.79999999999998
31413,48,3.2,153.0,149.8
31414,7,0.0,93.6,93.6
31415,34,11.4,140.2,128.79999999999998
31416,17,0.0,168.6,168.6
31417,31,3.2,151.4,148.20000000000002
31418,47,3.0,154.2,151.2
31419,28,17.6,142.8,125.20000000000002
31420,34,1.8,136.2,134.39999999999998
31422,28,4.6,142.4,137.8
31423,30,5.2,145.6,140.4
31426,5,13.8,152.8,139.0
31427,32,4.2,151.6,147.4
31430,36,3.6,151.4,147.8
31431,35,6.2,153.8,147.60000000000002
31433,16,4.6,156.8,152.20000000000002
31434,28,4.4,149.8,145.4
31435,8,13.2,124.2,111.0
31436,32,12.2,164.8,152.60000000000002
31437,33,5.4,168.4,163.0
31438,39,5.0,136.6,131.6
31439,34,5.0,171.0,166.0
31440,26,4.6,157.4,152.8
31441,35,2.6,138.2,135.6
31442,24,4.6,118.6,114.0
31443,31,1.6,149.0,147.4
31445,35,13.4,170.6,157.2
31446,32,5.6,140.0,134.4
31448,18,12.6,132.6,120.0
31449,34,7.2,139.4,132.20000000000002
31450,27,0.4,134.6,134.2
31453,35,4.2,144.6,140.4
31456,36,4.8,174.8,170.0
31457,36,18.2,173.6,155.4
31458,32,3.4,141.2,137.79999999999998
31461,34,4.8,148.6,143.79999999999998
31462,34,5.4,148.8,143.4
31463,30,8.2,158.2,150.0
31464,8,3.2,124.6,121.39999999999999
31466,52,4.8,144.0,139.2
31467,62,0.6,138.6,138.0
31471,30,1.6,152.6,151.0
31472,33,3.8,136.4,132.6
31473,58,4.0,165.6,161.6
31475,40,4.6,141.6,137.0
31477,11,26.0,139.0,113.0
31478,16,9.8,151.2,141.39999999999998
31482,35,1.0,139.4,138.4
31484,32,0.6,129.6,129.0
31485,43,4.8,151.6,146.79999999999998
31487,32,9.0,166.0,157.0
31489,21,4.8,148.8,144.0
31490,20,0.0,135.8,135.8
31492,37,0.8,144.6,143.79999999999998
31493,37,6.2,158.2,152.0
31494,9,1.4,107.6,106.19999999999999
31497,32,8.4,130.8,122.4
31498,28,11.4,145.6,134.2
31502,14,6.4,134.0,127.6
31503,28,5.6,126.2,120.60000000000001
31504,31,4.8,142.8,138.0
31505,48,1.0,163.8,162.8
31506,30,7.4,142.2,134.79999999999998
31508,36,5.0,147.8,142.8
31509,30,9.4,159.6,150.2
31510,40,2.4,147.6,145.2
31511,29,4.8,155.4,150.6
31512,16,3.2,137.0,133.8
31513,30,4.4,147.2,142.79999999999998
31515,27,4.2,136.2,132.0
31516,15,1.8,112.8,111.0
31517,46,5.0,163.2,158.2
31518,25,4.2,136.4,132.20000000000002
31519,35,0.0,144.4,144.4
31522,22,4.2,140.8,136.60000000000002
31523,39,2.2,170.4,168.20000000000002
31524,8,15.4,157.2,141.79999999999998
31525,31,7.6,133.6,126.0
31526,8,30.2,153.4,123.2
31527,10,6.6,164.2,157.6
31528,12,8.4,131.8,123.4
31530,32,7.0,153.6,146.6
31533,11,0.8,160.6,159.79999999999998
31534,24,6.4,128.2,121.79999999999998
31535,39,2.2,151.0,148.8
31536,37,2.2,142.2,140.0
31537,7,3.8,133.2,129.39999999999998
31538,34,1.4,151.2,149.79999999999998
31539,30,2.4,136.4,134.0
31540,24,12.0,134.0,122.0
31543,39,4.4,158.4,154.0
31544,23,2.8,126.0,123.2
31546,35,1.6,140.0,138.4
31547,17,5.4,146.4,141.0
31549,20,6.6,141.0,134.4
31550,22,4.2,144.8,140.60000000000002
31551,7,16.2,117.0,100.8
31553,34,11.6,150.0,138.4
31556,18,0.2,126.0,125.8
31557,33,5.6,139.8,134.20000000000002
31558,42,0.0,150.8,150.8
31559,66,0.8,142.6,141.79999999999998
31560,32,0.0,137.6,137.6
31561,27,4.8,136.6,131.79999999999998
31562,37,2.0,146.2,144.2
31563,65,8.6,140.8,132.20000000000002
31564,26,4.8,143.0,138.2
31565,67,8.6,139.6,131.0
31567,35,5.4,154.0,148.6
31570,62,5.8,150.2,144.39999999999998
31571,12,6.0,152.4,146.4
31572,61,0.2,132.8,132.60000000000002
31573,30,0.6,133.6,133.0
31574,62,0.4,143.4,143.0
31576,55,0.4,123.6,123.19999999999999
31577,14,4.4,145.0,140.6
31579,11,3.2,129.2,125.99999999999999
31582,27,2.8,99.8,97.0
31583,35,5.2,144.2,139.0
31584,33,4.8,159.6,154.79999999999998
31585,35,5.4,140.4,135.0
31586,30,2.8,138.0,135.2
31587,33,5.0,158.8,153.8
31589,65,0.0,135.6,135.6
31590,34,2.0,145.2,143.2
31594,37,1.8,162.2,160.39999999999998
31595,34,4.4,146.0,141.6
31597,17,13.4,127.6,114.19999999999999
31598,27,3.8,165.0,161.2
31599,27,5.2,145.6,140.4
31601,53,0.0,140.0,140.0
31603,55,0.4,118.8,118.39999999999999
31604,6,21.4,95.4,74.0
31605,31,13.8,145.6,131.79999999999998
31606,25,17.0,139.0,122.0
31607,39,2.0,154.4,152.4
31608,14,5.6,128.4,122.80000000000001
31609,24,4.6,127.6,123.0
31611,34,7.0,140.6,133.6
31612,75,0.4,150.0,149.6
31616,32,5.4,140.0,134.6
31617,34,2.6,151.8,149.20000000000002
31618,41,5.6,146.8,141.20000000000002
31619,35,2.4,143.8,141.4
31620,22,8.8,136.0,127.2
31621,32,4.8,125.2,120.4
31622,38,5.8,132.4,126.60000000000001
31623,31,12.0,134.4,122.4
31625,38,4.0,152.6,148.6
31626,34,5.0,143.8,138.8
31627,39,4.0,157.6,153.6
31628,27,0.0,137.8,137.8
31629,56,1.2,121.8,120.6
31632,28,4.2,142.8,138.60000000000002
31633,29,1.8,139.2,137.39999999999998
31634,36,2.6,152.4,149.8
31635,42,4.8,149.8,145.0
31636,30,5.2,129.0,123.8
31637,26,6.6,141.6,135.0
31638,34,4.6,124.6,120.0
31640,30,5.4,146.4,141.0
31641,29,3.8,145.2,141.39999999999998
31642,33,6.2,136.4,130.20000000000002
31643,30,7.0,144.2,137.2
31644,44,8.4,144.4,136.0
31645,31,27.0,147.4,120.4
31648,9,12.4,161.6,149.2
31649,47,2.4,153.4,151.0
31650,39,0.0,121.8,121.8
31651,27,5.0,140.2,135.2
31653,34,6.0,155.6,149.6
31654,25,11.4,128.8,117.4
31655,29,0.0,124.2,124.2
31656,33,6.2,154.2,148.0
31657,32,1.4,138.0,136.6
31658,32,4.2,139.8,135.60000000000002
31659,30,3.2,137.4,134.20000000000002
31661,22,2.2,140.8,138.60000000000002
31662,33,4.2,118.2,114.0
31665,13,0.6,115.6,115.0
31666,26,8.0,143.0,135.0
31667,80,0.6,153.8,153.20000000000002
31668,34,6.4,151.0,144.6
31669,37,6.6,155.8,149.20000000000002
31670,45,7.0,159.0,152.0
31671,37,6.8,155.8,149.0
31672,74,0.8,154.6,153.79999999999998
31673,32,8.2,140.4,132.20000000000002
31674,66,0.4,143.8,143.4
31676,20,0.6,121.6,121.0
31677,32,5.0,145.4,140.4
31678,30,6.4,142.8,136.4
31679,43,5.4,163.2,157.79999999999998
31680,12,0.6,121.0,120.4
31682,27,6.2,141.4,135.20000000000002
31683,37,7.6,146.2,138.6
31684,38,3.0,159.4,156.4
31685,44,5.0,149.2,144.2
31686,33,8.0,125.8,117.8
31687,35,6.0,145.6,139.6
31688,65,3.4,135.8,132.4
31690,10,0.0,147.8,147.8
31691,35,9.4,137.0,127.6
31692,35,6.2,133.8,127.60000000000001
31693,34,6.0,162.0,156.0
31694,30,5.2,142.8,137.60000000000002
31696,35,0.4,130.2,129.79999999999998
31697,39,0.0,151.6,151.6
31698,9,0.4,78.6,78.19999999999999
31699,14,22.0,127.4,105.4
31701,23,2.4,135.2,132.79999999999998
31702,21,4.4,150.8,146.4
31704,13,0.0,134.6,134.6
31705,17,4.6,155.6,151.0
31707,29,8.2,134.6,126.39999999999999
31708,51,2.2,156.8,154.60000000000002
31709,76,2.2,136.4,134.20000000000002
31710,25,4.8,122.2,117.4
31712,23,5.0,138.4,133.4
31713,41,0.0,155.4,155.4
31714,14,10.4,102.8,92.39999999999999
31715,36,6.0,137.8,131.8
31716,22,4.2,142.8,138.60000000000002
31720,15,4.4,141.6,137.2
31721,40,5.4,160.2,154.79999999999998
31722,33,11.6,136.2,124.6
31724,30,4.8,136.2,131.39999999999998
31725,21,11.0,155.0,144.0
31727,35,1.2,141.2,140.0
31728,64,7.8,120.6,112.8
31729,12,7.0,114.8,107.8
31730,29,6.8,138.0,131.2
31731,19,4.4,144.4,140.0
31732,33,3.6,142.4,138.8
31733,24,1.4,144.6,143.2
31734,15,12.4,143.8,131.4
31735,31,3.2,146.8,143.60000000000002
31737,13,4.8,84.0,79.2
31739,25,4.4,137.6,133.2
31740,27,57.4,134.2,76.79999999999998
31742,41,0.0,146.0,146.0
31744,12,0.0,121.4,121.4
31746,31,4.8,144.8,140.0
31747,23,4.4,145.6,141.2
31748,35,4.4,143.0,138.6
31750,17,9.2,116.8,107.6
31752,31,4.2,140.0,135.8
31753,27,4.8,140.0,135.2
31754,31,5.6,151.4,145.8
31756,33,5.4,151.8,146.4
31757,30,4.8,138.4,133.6
31758,35,0.6,134.4,133.8
31759,32,9.2,142.4,133.20000000000002
31761,55,2.0,138.4,136.4
31762,71,1.0,142.2,141.2
31763,67,0.0,139.6,139.6
31764,57,0.0,139.8,139.8
31765,8,6.6,102.0,95.4
31766,27,2.4,138.2,135.79999999999998
31767,19,2.4,140.4,138.0
31768,32,5.0,141.0,136.0
31770,40,11.4,154.6,143.2
31772,29,4.0,140.0,136.0
31776,30,11.8,142.4,130.6
31778,31,2.8,145.2,142.39999999999998
31783,23,12.0,160.4,148.4
31784,33,2.2,139.8,137.60000000000002
31785,30,4.8,136.6,131.79999999999998
31786,70,2.2,152.2,150.0
31787,43,5.0,143.6,138.6
31788,32,2.6,145.6,143.0
31789,30,5.6,124.2,118.60000000000001
31790,68,1.2,143.4,142.20000000000002
31791,34,1.8,125.6,123.8
31792,28,7.0,133.6,126.6
31793,38,5.6,151.6,146.0
31794,37,5.8,156.4,150.6
31796,38,6.0,142.6,136.6
31797,28,6.6,136.4,129.8
31799,33,11.2,142.0,130.8
31800,57,4.0,140.6,136.6
31801,35,2.8,126.6,123.8
31805,60,0.6,134.8,134.20000000000002
31807,23,0.0,159.0,159.0
31808,33,2.6,140.0,137.4
31809,26,2.4,138.4,136.0
31810,31,5.2,150.6,145.4
31811,6,10.0,114.2,104.2
31812,60,0.0,139.6,139.6
31813,35,7.0,141.8,134.8
31814,19,14.2,154.2,140.0
31816,34,3.4,148.0,144.6
31817,32,4.0,128.8,124.80000000000001
31818,25,4.8,129.4,124.60000000000001
31821,23,7.0,100.6,93.6
31822,35,3.6,135.0,131.4
31823,30,5.0,147.2,142.2
31824,37,5.2,152.6,147.4
31825,13,4.4,138.2,133.79999999999998
31827,35,4.6,145.2,140.6
31829,32,7.4,144.2,136.79999999999998
31830,32,4.4,157.0,152.6
31831,28,0.0,126.6,126.6
31832,24,2.0,151.4,149.4
31833,32,1.4,137.6,136.2
31834,26,3.2,125.2,122.0
31835,27,4.8,143.4,138.6
31836,26,4.8,120.4,115.60000000000001
31837,35,5.2,142.6,137.4
31838,28,3.6,128.4,124.80000000000001
31839,73,0.0,154.8,154.8
31841,70,0.2,139.4,139.20000000000002
31842,38,4.8,140.0,135.2
31843,48,3.4,146.8,143.4
31845,36,5.4,133.6,128.2
31846,60,1.4,131.2,129.79999999999998
31847,29,9.0,141.6,132.6
31848,25,0.8,146.8,146.0
31850,31,7.8,149.2,141.39999999999998
31851,17,2.0,144.2,142.2
31852,9,8.2,117.4,109.2
31853,59,0.0,137.8,137.8
31855,35,0.6,135.2,134.6
31856,29,5.6,129.0,123.4
31857,5,6.6,98.8,92.2
31858,33,6.6,152.8,146.20000000000002
31860,28,2.0,141.6,139.6
31861,38,6.8,141.2,134.39999999999998
31862,19,0.2,137.8,137.60000000000002
31864,30,4.2,140.4,136.20000000000002
31866,26,8.8,127.8,119.0
31868,23,2.4,145.0,142.6
31869,58,2.8,139.0,136.2
31871,33,2.8,135.8,133.0
31872,29,1.0,135.0,134.0
31873,65,0.0,146.6,146.6
31874,35,14.6,142.0,127.4
31875,28,5.6,140.2,134.6
31876,19,0.0,147.0,147.0
31881,54,0.6,145.6,145.0
31882,32,5.8,142.8,137.0
31883,30,19.8,152.2,132.39999999999998
31885,32,3.4,129.2,125.79999999999998
31886,30,5.0,142.4,137.4
31887,5,14.4,138.0,123.6
31889,17,5.4,135.6,130.2
31890,33,9.4,154.6,145.2
31891,26,13.4,139.4,126.0
31892,31,3.4,146.6,143.2
31894,39,0.0,145.6,145.6
31895,35,5.6,145.0,139.4
31898,75,1.4,149.4,148.0
31899,30,1.6,127.6,126.0
31900,32,7.2,124.4,117.2
31902,39,6.2,148.2,142.0
31904,65,2.2,127.0,124.8
31905,30,7.0,128.0,121.0
31906,36,0.0,130.0,130.0
31907,23,7.0,129.2,122.19999999999999
31908,22,4.6,149.4,144.8
31912,30,3.6,129.4,125.80000000000001
31913,33,5.8,147.8,142.0
31914,35,5.8,154.8,149.0
31917,13,0.2,125.4,125.2
31918,20,3.6,147.2,143.6
31919,25,4.8,130.6,125.8
31920,18,4.4,117.8,113.39999999999999
31921,33,4.8,120.2,115.4
31924,31,5.4,149.2,143.79999999999998
31925,34,1.6,141.2,139.6
31927,33,5.6,136.8,131.20000000000002
31928,38,6.0,144.4,138.4
31930,64,3.6,140.6,137.0
31931,31,10.8,141.0,130.2
31932,32,4.8,139.2,134.39999999999998
31933,37,3.2,146.4,143.20000000000002
31934,14,0.0,132.6,132.6
31937,32,6.8,129.0,122.2
31938,34,1.4,135.8,134.4
31939,24,14.0,144.2,130.2
31940,81,0.2,148.8,148.60000000000002
31941,35,0.6,140.4,139.8
31943,23,4.0,120.2,116.2
31944,32,5.0,151.8,146.8
31945,67,0.8,125.8,125.0
31946,76,4.4,142.6,138.2
31947,36,5.0,142.4,137.4
31948,27,1.0,127.4,126.4
31949,19,5.4,108.0,102.6
31950,32,3.4,149.6,146.2
31951,28,0.6,145.4,144.8
31953,31,6.6,149.2,142.6
31954,62,0.0,138.8,138.8
31955,36,5.4,134.6,129.2
31957,31,3.6,131.6,128.0
31958,58,4.8,139.0,134.2
31960,31,8.4,150.2,141.79999999999998
31962,30,17.0,146.0,129.0
31965,26,4.8,128.2,123.39999999999999
31966,23,7.2,122.4,115.2
31967,34,3.0,141.4,138.4
31968,21,3.4,136.0,132.6
31969,57,0.0,141.0,141.0
31971,30,1.8,126.4,124.60000000000001
31972,18,8.6,146.4,137.8
31974,67,4.6,146.2,141.6
31978,19,4.4,125.0,120.6
31979,23,6.0,92.6,86.6
31980,14,3.4,151.2,147.79999999999998
31982,34,0.0,140.2,140.2
31983,33,2.8,145.6,142.79999999999998
31985,58,3.0,131.6,128.6
31986,32,3.4,126.0,122.6
31987,18,49.8,140.6,90.8
31988,22,1.0,139.2,138.2
31989,27,0.6,132.0,131.4
31990,31,8.8,142.4,133.6
31991,29,4.2,129.6,125.39999999999999
31992,29,4.8,137.2,132.39999999999998
31994,33,4.0,132.8,128.8
31996,37,0.4,147.2,146.79999999999998
31997,33,1.8,119.2,117.4
31998,33,4.2,134.8,130.60000000000002
31999,24,5.2,125.0,119.8
32000,8,20.4,152.0,131.6
32007,26,4.8,122.2,117.4
32008,26,11.0,145.0,134.0
32009,24,0.2,130.0,129.8
32010,22,12.8,142.4,129.6
32012,21,8.6,153.8,145.20000000000002
32013,32,3.8,138.4,134.6
32015,8,1.8,75.2,73.4
32016,34,7.4,144.6,137.2
32017,27,0.0,132.4,132.4
32018,5,15.4,82.4,67.0
32019,33,5.4,138.2,132.79999999999998
32020,36,4.6,141.0,136.4
32021,38,0.0,142.6,142.6
32022,47,3.8,147.6,143.79999999999998
32023,28,2.4,139.4,137.0
32024,28,9.0,121.8,112.8
32026,45,7.4,122.0,114.6
32027,47,3.6,144.0,140.4
32029,28,6.0,143.8,137.8
32031,38,9.6,141.0,131.4
32032,39,5.8,138.6,132.79999999999998
32033,29,4.6,144.0,139.4
32034,30,5.2,144.8,139.60000000000002
32035,43,5.2,148.0,142.8
32036,28,4.8,135.0,130.2
32037,46,2.4,150.0,147.6
32040,29,2.4,134.0,131.6
32043,31,4.4,134.0,129.6
32044,30,7.6,142.4,134.8
32045,5,3.0,84.4,81.4
32046,40,2.4,141.4,139.0
32047,35,3.8,134.0,130.2
32049,30,5.0,140.4,135.4
32051,37,3.2,153.4,150.20000000000002
32052,36,3.2,144.4,141.20000000000002
32053,55,2.8,137.8,135.0
32054,40,5.2,143.6,138.4
32055,58,0.4,133.4,133.0
32058,32,12.4,139.8,127.4
32060,28,4.8,140.4,135.6
32061,27,3.6,123.2,119.60000000000001
32063,37,4.6,145.8,141.20000000000002
32069,28,4.8,133.0,128.2
32072,31,15.2,144.8,129.60000000000002
32075,32,3.6,144.0,140.4
32076,40,6.6,144.4,137.8
32079,34,3.8,134.0,130.2
32080,34,5.0,136.6,131.6
32081,24,5.2,121.8,116.6
32082,68,1.6,139.8,138.20000000000002
32083,59,6.2,138.4,132.20000000000002
32084,32,0.2,125.2,125.0
32086,34,3.8,151.0,147.2
32087,27,4.8,135.6,130.79999999999998
32088,37,3.0,132.6,129.6
32092,28,4.6,136.6,132.0
32093,35,4.2,140.0,135.8
32095,23,30.2,127.8,97.6
32096,18,17.0,110.4,93.4
32097,31,28.4,141.8,113.4
32099,28,2.6,132.2,129.6
32101,17,1.6,128.2,126.6
32104,27,6.8,111.0,104.2
32105,8,0.4,144.6,144.2
32107,67,3.0,138.0,135.0
32108,12,15.2,120.0,104.8
32109,26,10.6,136.8,126.20000000000002
32110,34,6.4,133.0,126.6
32111,34,1.6,145.8,144.20000000000002
32114,28,4.4,135.8,131.4
32115,28,2.8,129.6,126.8
32116,52,12.8,130.8,118.00000000000001
32117,37,5.0,123.2,118.2
32118,31,5.6,136.4,130.8
32121,38,3.0,149.2,146.2
32122,28,2.4,134.8,132.4
32123,33,4.8,140.8,136.0
32124,25,1.0,79.4,78.4
32125,32,4.8,145.8,141.0
32126,29,0.2,143.6,143.4
32127,9,19.4,88.2,68.80000000000001
32129,44,3.6,121.4,117.80000000000001
32130,34,4.0,121.6,117.6
32131,31,0.2,133.6,133.4
32132,47,1.8,148.8,147.0
32134,41,2.4,144.0,141.6
32135,43,2.8,145.0,142.2
32136,28,17.2,135.8,118.60000000000001
32137,18,0.0,138.0,138.0
32138,61,0.6,128.4,127.80000000000001
32139,13,4.4,113.6,109.19999999999999
32141,28,5.0,140.0,135.0
32142,29,4.6,134.8,130.20000000000002
32143,28,5.2,133.0,127.8
32144,29,3.8,136.0,132.2
32145,35,4.8,142.8,138.0
32146,33,5.0,145.4,140.4
32148,61,2.6,122.2,119.60000000000001
32149,21,11.2,130.2,118.99999999999999
32151,32,4.0,120.0,116.0
32152,36,9.4,128.2,118.79999999999998
32153,18,4.4,126.0,121.6
32154,26,0.0,138.2,138.2
32156,34,4.0,132.4,128.4
32157,33,2.4,140.0,137.6
32158,31,11.4,144.0,132.6
32159,34,0.4,144.4,144.0
32160,32,7.6,127.6,120.0
32161,27,28.2,140.4,112.2
32162,33,3.8,129.2,125.39999999999999
32164,24,4.6,133.2,128.6
32166,26,5.4,126.0,120.6
32167,25,10.0,146.8,136.8
32168,21,0.2,129.0,128.8
32170,23,4.8,131.0,126.2
32172,22,11.0,136.4,125.4
32173,36,4.4,125.2,120.8
32174,25,0.0,121.8,121.8
32175,26,0.0,141.4,141.4
32176,24,3.2,124.8,121.6
32178,37,5.0,152.0,147.0
32179,31,0.0,127.2,127.2
32180,12,0.4,135.6,135.2
32181,20,45.4,132.4,87.0
32182,37,1.6,147.0,145.4
32183,30,7.4,143.8,136.4
32185,35,5.6,145.2,139.6
32186,21,0.4,149.6,149.2
32187,42,4.0,134.2,130.2
32188,26,4.8,122.6,117.8
32189,22,12.4,121.6,109.19999999999999
32191,28,4.6,133.8,129.20000000000002
32192,28,4.8,133.0,128.2
32194,27,4.6,133.6,129.0
32196,5,17.8,113.2,95.4
32197,11,1.2,115.4,114.2
32198,30,5.2,137.4,132.20000000000002
32199,37,6.4,152.4,146.0
32200,35,4.4,131.8,127.4
32201,37,2.0,146.6,144.6
32202,17,0.6,132.4,131.8
32204,39,3.4,136.0,132.6
32205,9,5.2,73.8,68.6
32206,30,2.6,137.2,134.6
32207,12,8.4,132.2,123.79999999999998
32208,30,10.0,131.8,121.80000000000001
32209,29,1.2,120.6,119.39999999999999
32210,45,4.6,129.8,125.20000000000002
32211,31,4.0,143.2,139.2
32213,41,2.6,153.4,150.8
32214,24,25.8,128.0,102.2
32215,12,0.8,119.6,118.8
32216,27,18.8,144.2,125.39999999999999
32217,29,4.8,122.6,117.8
32218,27,18.8,145.6,126.8
32219,11,14.4,125.6,111.19999999999999
32220,13,2.0,144.8,142.8
32221,18,4.0,126.0,122.0
32222,33,3.0,136.8,133.8
32223,26,3.0,137.4,134.4
32226,36,6.4,149.0,142.6
32227,22,20.8,144.0,123.2
32230,32,2.2,128.0,125.8
32231,9,25.0,142.4,117.4
32232,63,0.6,125.0,124.4
32233,29,9.8,140.8,131.0
32234,32,6.2,127.4,121.2
32237,33,5.0,140.8,135.8
32238,16,13.4,137.6,124.19999999999999
32241,49,6.8,130.2,123.39999999999999
32242,42,6.4,147.8,141.4
32243,34,7.2,130.8,123.60000000000001
32244,25,16.4,135.0,118.6
32245,29,2.6,142.8,140.20000000000002
32246,34,18.0,151.2,133.2
32248,30,3.0,137.2,134.2
32249,22,14.8,132.4,117.60000000000001
32250,24,3.6,123.2,119.60000000000001
32252,21,4.4,126.2,121.8
32253,15,8.4,144.2,135.79999999999998
32254,40,9.6,145.4,135.8
32255,39,4.8,119.2,114.4
32258,25,3.8,123.8,120.0
32259,19,4.6,135.8,131.20000000000002
32260,24,4.6,135.8,131.20000000000002
32261,28,2.6,141.2,138.6
32263,26,1.6,127.4,125.80000000000001
32264,12,0.0,92.4,92.4
32265,38,1.4,142.6,141.2
32267,15,8.6,125.4,116.80000000000001
32268,6,7.0,98.0,91.0
32269,10,12.8,147.0,134.2
32270,31,2.4,96.0,93.6
32271,24,4.2,124.6,120.39999999999999
32272,29,2.6,147.8,145.20000000000002
32273,32,9.0,147.4,138.4
32274,19,1.4,126.4,125.0
32275,12,16.4,128.2,111.79999999999998
32276,30,4.0,123.8,119.8
32277,36,9.2,136.4,127.2
32279,5,9.4,141.4,132.0
32280,20,4.6,105.0,100.4
32281,27,6.8,138.2,131.39999999999998
32284,39,4.2,136.8,132.60000000000002
32285,27,17.0,138.4,121.4
32286,34,6.0,144.4,138.4
32287,27,8.8,144.2,135.39999999999998
32288,34,3.4,131.4,128.0
32290,28,7.4,139.2,131.79999999999998
32291,6,8.0,146.4,138.4
32292,14,15.6,125.2,109.60000000000001
32294,35,6.4,130.2,123.79999999999998
32299,24,4.4,134.2,129.79999999999998
32301,23,4.4,135.2,130.79999999999998
32303,32,3.0,145.4,142.4
32305,25,12.8,136.2,123.39999999999999
32306,27,6.2,142.8,136.60000000000002
32307,23,7.2,137.8,130.60000000000002
32309,19,6.4,122.4,116.0
32310,25,5.2,120.8,115.6
32312,36,6.0,147.8,141.8
32313,7,49.2,89.0,39.8
32314,30,4.6,136.0,131.4
32315,23,4.2,124.8,120.6
32316,47,1.2,119.4,118.2
32317,27,12.0,135.4,123.4
32318,31,4.8,129.4,124.60000000000001
32319,40,6.0,122.8,116.8
32320,18,10.6,145.6,135.0
32323,28,4.4,134.0,129.6
32326,38,9.2,126.6,117.39999999999999
32330,59,7.2,131.6,124.39999999999999
32331,37,5.0,133.4,128.4
32332,41,13.2,85.4,72.2
32333,10,12.6,134.4,121.80000000000001
32334,22,0.2,142.2,142.0
32335,33,2.2,123.2,121.0
32336,17,9.6,123.0,113.4
32337,36,6.0,122.8,116.8
32339,62,4.2,137.0,132.8
32340,22,6.4,131.4,125.0
32343,25,4.4,127.8,123.39999999999999
32344,24,7.8,120.4,112.60000000000001
32345,61,3.8,139.0,135.2
32346,56,4.2,133.4,129.20000000000002
32347,30,2.2,136.4,134.20000000000002
32348,54,1.2,120.6,119.39999999999999
32349,18,9.6,113.2,103.60000000000001
32350,40,2.8,131.2,128.39999999999998
32351,27,13.8,127.8,114.0
32353,30,11.2,140.2,129.0
32354,26,0.0,125.2,125.2
32355,31,4.8,123.6,118.8
32356,65,2.2,123.4,121.2
32357,29,11.8,136.4,124.60000000000001
32358,30,3.6,125.2,121.60000000000001
32359,35,5.0,139.6,134.6
32360,55,0.2,130.4,130.20000000000002
32361,37,8.0,135.8,127.80000000000001
32362,24,8.6,127.6,119.0
32363,25,5.4,130.6,125.19999999999999
32364,32,2.6,136.4,133.8
32365,27,2.8,129.0,126.2
32366,29,5.0,140.8,135.8
32367,22,2.6,131.6,129.0
32368,27,10.6,129.4,118.80000000000001
32369,57,4.6,133.2,128.6
32370,32,4.0,129.2,125.19999999999999
32371,38,1.4,126.0,124.6
32373,30,13.4,136.8,123.4
32374,29,10.4,128.8,118.4
32376,23,1.4,122.4,121.0
32377,11,0.8,107.4,106.60000000000001
32378,26,7.8,137.2,129.39999999999998
32380,30,4.0,118.4,114.4
32381,29,8.6,132.6,124.0
32382,29,6.0,131.0,125.0
32383,26,1.0,129.8,128.8
32384,15,3.6,96.0,92.4
32385,20,1.6,133.2,131.6
32386,60,1.4,127.8,126.39999999999999
32387,36,4.8,146.8,142.0
32388,30,5.2,140.0,134.8
32389,21,12.6,129.2,116.6
32390,30,13.8,141.2,127.39999999999999
32391,6,4.0,85.2,81.2
32392,38,6.6,139.8,133.20000000000002
32393,24,6.6,125.0,118.4
32400,51,6.8,131.8,125.00000000000001
32402,12,16.4,136.8,120.4
32403,24,12.2,141.6,129.4
32405,33,5.6,142.0,136.4
32407,37,11.0,143.6,132.6
32408,27,6.4,133.2,126.79999999999998
32409,20,16.4,133.8,117.4
32410,13,9.6,98.2,88.60000000000001
32411,55,11.2,121.8,110.6
32414,41,5.4,146.0,140.6
32415,24,0.0,129.4,129.4
32416,37,4.8,144.6,139.79999999999998
32417,37,4.8,146.0,141.2
32418,31,5.0,132.6,127.6
32419,27,3.8,117.6,113.8
32420,29,2.6,138.8,136.20000000000002
32422,32,2.6,131.4,128.8
32423,26,0.6,116.2,115.60000000000001
32424,25,14.0,125.6,111.6
32425,9,6.6,140.2,133.6
32427,31,4.8,141.4,136.6
32430,33,3.0,138.4,135.4
32431,22,1.0,88.6,87.6
32432,12,12.4,109.2,96.8
32433,29,6.0,124.2,118.2
32434,39,0.0,124.0,124.0
32436,35,5.4,143.2,137.79999999999998
32437,31,4.0,124.4,120.4
32438,35,5.4,122.0,116.6
32439,30,4.8,130.0,125.2
32441,31,4.4,131.6,127.19999999999999
32442,20,4.2,122.0,117.8
32446,37,2.2,132.4,130.20000000000002
32447,20,8.6,136.0,127.4
32448,36,5.6,143.4,137.8
32449,19,8.2,130.2,121.99999999999999
32452,40,11.0,145.0,134.0
32453,21,14.6,136.8,122.20000000000002
32454,33,11.2,145.4,134.20000000000002
32456,25,6.4,123.2,116.8
32457,14,0.2,134.0,133.8
32458,34,8.0,144.6,136.6
32459,24,11.8,117.6,105.8
32460,36,6.4,138.0,131.6
32461,14,9.8,92.2,82.4
32462,35,5.0,137.0,132.0
32463,26,5.0,128.4,123.4
32464,10,7.0,87.6,80.6
32465,30,4.8,146.0,141.2
32466,31,2.8,125.0,122.2
32467,26,6.2,120.6,114.39999999999999
32468,14,8.0,118.2,110.2
32469,31,22.8,144.2,121.39999999999999
32470,21,0.0,128.4,128.4
32471,27,5.0,124.0,119.0
32472,26,3.6,128.2,124.6
32473,34,4.2,143.4,139.20000000000002
32475,38,4.8,130.4,125.60000000000001
32477,21,14.6,129.0,114.4
32478,8,13.6,89.8,76.2
32480,36,8.4,142.6,134.2
32481,25,8.8,128.8,120.00000000000001
32484,30,7.2,123.8,116.6
32487,15,13.2,108.6,95.39999999999999
32488,24,5.8,120.2,114.4
32489,12,12.6,121.8,109.2
32490,29,5.8,131.6,125.8
32491,39,3.8,141.6,137.79999999999998
32492,26,9.2,138.4,129.20000000000002
32493,59,11.8,121.0,109.2
32496,33,3.4,142.6,139.2
32497,37,8.2,141.2,133.0
32498,29,5.6,136.6,131.0
32499,32,7.4,136.0,128.6
32500,34,4.2,144.6,140.4
32502,20,0.0,126.2,126.2
32503,24,15.2,123.8,108.6
32504,33,4.4,143.0,138.6
32507,11,4.4,122.0,117.6
32508,30,4.0,124.2,120.2
32509,19,7.0,125.4,118.4
32512,17,8.4,122.6,114.19999999999999
32513,36,3.4,131.8,128.4
32514,32,2.8,124.4,121.60000000000001
32515,11,1.0,112.4,111.4
32516,25,8.6,120.4,111.80000000000001
32517,31,0.4,137.2,136.79999999999998
32519,26,4.4,126.0,121.6
32522,50,3.6,129.8,126.20000000000002
32524,6,0.0,79.0,79.0
32525,33,0.4,128.2,127.79999999999998
32526,30,3.8,140.2,136.39999999999998
32528,27,5.2,126.8,121.6
32531,27,5.4,127.2,121.8
32532,54,2.6,126.2,123.60000000000001
32533,31,6.8,135.6,128.79999999999998
32537,31,6.6,121.6,115.0
32538,28,5.2,126.0,120.8
32539,28,4.6,128.8,124.20000000000002
32540,13,7.4,102.6,95.19999999999999
32542,27,4.6,125.8,121.2
32543,27,8.4,133.8,125.4
32545,33,4.2,120.8,116.6
32546,29,1.2,139.6,138.4
32547,45,11.6,131.0,119.4
32550,40,4.6,124.6,120.0
32551,26,8.4,130.2,121.79999999999998
32553,28,7.2,131.6,124.39999999999999
32554,27,7.0,125.0,118.0
32555,37,5.2,130.2,124.99999999999999
32556,33,4.2,134.4,130.20000000000002
32557,35,5.0,125.2,120.2
32559,30,2.0,130.4,128.4
32560,36,3.8,128.6,124.8
32561,31,4.6,126.4,121.80000000000001
32562,41,4.4,120.8,116.39999999999999
32563,54,6.8,129.6,122.8
32565,61,6.8,129.4,122.60000000000001
32566,56,1.0,128.2,127.19999999999999
32567,25,10.4,127.2,116.8
32568,30,5.6,125.8,120.2
32570,29,24.2,119.4,95.2
32571,26,0.0,124.2,124.2
32573,29,3.0,119.6,116.6
32574,44,3.6,140.8,137.20000000000002
32575,24,13.6,128.4,114.80000000000001
32576,40,1.2,119.2,118.0
32577,22,5.2,120.2,115.0
32578,19,5.2,134.0,128.8
32579,23,4.6,126.6,122.0
32584,29,5.6,140.6,135.0
32585,57,3.2,125.2,122.0
32586,28,4.8,111.0,106.2
32588,57,0.8,122.4,121.60000000000001
32589,75,8.6,122.0,113.4
32591,31,4.4,131.8,127.4
32592,58,1.8,121.2,119.4
32593,55,0.8,119.6,118.8
32594,53,6.8,120.2,113.4
32595,26,6.2,124.2,118.0
32596,67,8.6,120.4,111.80000000000001
32598,31,4.2,127.2,123.0
32599,35,6.8,133.6,126.8
32600,27,2.6,126.0,123.4
32602,31,4.6,134.8,130.20000000000002
32603,19,7.8,125.4,117.60000000000001
32604,27,4.6,124.2,119.60000000000001
32605,33,4.2,132.6,128.4
32606,25,6.4,120.4,114.0
32607,72,1.8,120.0,118.2
32608,24,4.6,126.2,121.60000000000001
32609,28,5.8,139.0,133.2
32610,26,5.0,121.6,116.6
32611,30,6.0,124.4,118.4
32612,55,13.2,122.2,109.0
32615,27,4.6,125.6,121.0
32618,33,4.8,120.8,116.0
32619,28,4.6,121.0,116.4
32620,18,12.6,123.0,110.4
32621,28,4.2,129.0,124.8
32622,28,4.6,125.8,121.2
32625,17,14.8,130.4,115.60000000000001
32626,44,0.8,139.6,138.79999999999998
32627,15,16.0,121.6,105.6
32630,25,1.2,123.0,121.8
32631,30,1.2,130.0,128.8
32632,6,7.0,119.2,112.2
32633,32,4.8,124.4,119.60000000000001
32634,24,4.8,120.4,115.60000000000001
32635,9,74.0,136.6,62.599999999999994
32637,24,11.4,126.4,115.0
32638,28,6.8,134.0,127.2
32639,30,9.8,133.4,123.60000000000001
32641,40,1.8,126.8,125.0
32642,27,2.2,123.6,121.39999999999999
32645,11,17.6,125.4,107.80000000000001
32649,49,11.0,120.6,109.6
32650,27,1.2,124.2,123.0
32651,6,17.6,102.0,84.4
32652,14,13.4,126.0,112.6
32653,25,8.2,121.6,113.39999999999999
32654,30,8.2,132.8,124.60000000000001
32656,24,8.4,122.8,114.39999999999999
32657,24,1.4,119.0,117.6
32658,33,4.8,120.0,115.2
32659,28,3.6,117.6,114.0
32660,27,12.2,130.2,117.99999999999999
32661,28,3.4,122.8,119.39999999999999
32662,19,0.0,125.0,125.0
32664,27,7.4,125.2,117.8
32666,11,16.8,110.8,94.0
32667,27,15.2,127.8,112.6
32668,14,4.4,116.6,112.19999999999999
32669,25,2.6,131.4,128.8
32672,9,9.8,123.0,113.2
32673,30,7.2,127.6,120.39999999999999
32674,25,4.0,123.0,119.0
32675,26,6.4,125.6,119.19999999999999
32676,27,2.6,122.8,120.2
32677,23,14.0,121.8,107.8
32678,35,10.2,129.0,118.8
32679,27,1.2,122.2,121.0
32681,26,6.2,119.2,113.0
32682,27,7.0,120.6,113.6
32683,24,9.0,126.6,117.6
32685,20,9.8,118.0,108.2
32687,27,12.0,123.4,111.4
32688,6,12.4,71.2,58.800000000000004
32689,26,4.8,128.0,123.2
32692,28,4.8,126.8,122.0
32693,15,17.0,121.4,104.4
32694,38,14.8,131.2,116.39999999999999
32695,22,16.0,125.0,109.0
32698,25,11.6,118.6,107.0
32700,45,3.0,120.6,117.6
32701,14,12.0,127.6,115.6
32702,34,7.2,120.4,113.2
32703,27,4.0,123.2,119.2
32704,28,1.0,121.6,120.6
32706,29,2.6,126.0,123.4
32707,10,4.8,85.0,80.2
32708,41,1.2,123.8,122.6
32709,22,26.2,120.8,94.6
32711,15,7.0,117.0,110.0
32712,7,13.4,84.4,71.0
32713,29,4.6,118.0,113.4
32714,28,1.4,123.8,122.39999999999999
32715,25,21.6,120.4,98.80000000000001
32716,36,0.0,125.8,125.8
32720,23,21.6,123.2,101.6
32721,32,5.2,125.0,119.8
32723,17,3.2,124.8,121.6
32724,23,5.0,120.2,115.2
32725,24,4.6,119.4,114.80000000000001
32726,31,9.6,120.0,110.4
32728,29,5.6,122.8,117.2
32729,19,0.0,123.4,123.4
32731,24,6.0,122.0,116.0
32735,110,2.6,447.0,444.4
32737,5,24.8,132.8,108.00000000000001
32738,63,0.6,284.8,284.2
32742,25,10.6,281.4,270.79999999999995
32743,50,2.4,272.8,270.40000000000003
32744,96,4.6,440.8,436.2
32745,111,13.0,439.2,426.2
32746,5,49.2,83.0,33.8
32747,149,1.0,424.6,423.6
32748,92,6.4,432.0,425.6
32749,40,5.8,197.6,191.79999999999998
32750,6,4.8,83.4,78.60000000000001
32751,47,4.0,206.2,202.2
32752,74,0.0,386.2,386.2
32755,41,0.0,156.4,156.4
32757,85,3.2,162.4,159.20000000000002
32759,87,4.2,370.8,366.6
32760,99,13.4,429.6,416.20000000000005
32762,55,1.4,279.2,277.8
32763,35,4.0,174.2,170.2
32764,95,8.8,396.0,387.2
32766,105,0.8,432.2,431.4
32767,81,6.6,388.4,381.79999999999995
32768,29,0.0,207.2,207.2
32769,26,0.0,136.8,136.8
32772,43,8.2,210.2,202.0
32774,73,6.2,363.2,357.0
32775,61,0.6,342.0,341.4
32776,92,7.0,446.6,439.6
32778,88,9.2,350.0,340.8
32779,106,2.8,440.2,437.4
32783,144,13.0,435.6,422.6
32784,73,3.6,359.0,355.4
32785,39,4.6,212.0,207.4
32788,126,13.0,410.4,397.4
32789,74,0.0,438.2,438.2
32790,24,12.0,285.6,273.6
32791,145,0.2,408.4,408.2
32792,105,1.0,428.2,427.2
32794,99,2.0,408.8,406.8
32795,24,2.6,291.4,288.79999999999995
32796,16,0.4,183.4,183.0
32797,87,5.6,444.2,438.59999999999997
32798,36,0.0,191.4,191.4
32799,136,4.2,442.4,438.2
32800,136,1.4,287.6,286.20000000000005
32801,77,4.8,327.8,323.0
32802,42,4.2,168.0,163.8
32803,102,0.6,419.8,419.2
32804,66,2.6,361.6,359.0
32806,147,10.6,436.8,426.2
32807,92,0.0,430.2,430.2
32808,76,7.8,281.2,273.4
32810,41,0.0,203.4,203.4
32811,62,3.8,437.8,434.0
32812,28,3.4,138.8,135.4
32813,36,1.6,134.6,133.0
32814,12,4.0,197.6,193.6
32815,137,13.2,410.4,397.2
32816,21,0.8,224.0,223.2
32819,81,1.2,410.0,408.8
32823,71,0.8,422.8,422.0
32824,180,11.8,433.2,421.4
32825,107,3.2,431.6,428.40000000000003
32826,36,3.4,148.8,145.4
32827,34,3.8,179.0,175.2
32830,133,6.6,386.2,379.59999999999997
32831,87,0.0,271.4,271.4
32832,91,10.0,293.0,283.0
32834,13,0.6,108.4,107.80000000000001
32835,98,3.8,418.0,414.2
32836,92,1.2,427.8,426.6
32839,23,1.6,412.4,410.79999999999995
32840,42,4.2,209.2,205.0
32841,112,1.6,422.0,420.4
32842,107,5.8,232.0,226.2
32843,86,35.6,410.6,375.0
32844,103,0.0,427.8,427.8
32845,102,7.4,427.0,419.6
32848,94,0.6,428.2,427.59999999999997
32849,109,4.4,422.8,418.40000000000003
32850,43,22.8,218.6,195.79999999999998
32851,116,9.0,421.0,412.0
32853,33,3.8,142.0,138.2
32854,92,6.0,423.8,417.8
32855,36,13.6,144.4,130.8
32856,149,0.6,432.4,431.79999999999995
32857,29,5.6,141.2,135.6
32858,98,2.6,427.8,425.2
32859,94,4.8,403.0,398.2
32860,56,0.6,405.0,404.4
32861,40,18.0,398.8,380.8
32862,14,1.0,210.8,209.8
32863,96,10.2,429.4,419.2
32864,86,30.0,418.8,388.8
32865,88,18.8,401.8,383.0
32866,106,0.6,427.4,426.79999999999995
32868,181,1.6,406.6,405.0
32869,40,0.0,377.4,377.4
32870,96,5.4,415.8,410.40000000000003
32872,107,12.0,425.4,413.4
32873,5,10.6,88.4,77.80000000000001
32876,97,5.0,360.2,355.2
32877,104,2.2,399.6,397.40000000000003
32878,6,14.6,135.6,121.0
32879,5,4.8,131.6,126.8
32881,19,14.8,215.2,200.39999999999998
32882,88,6.4,401.2,394.8
32883,106,0.2,422.4,422.2
32884,6,6.8,145.6,138.79999999999998
32889,20,7.6,255.4,247.8
32890,44,14.0,350.6,336.6
32891,111,12.6,398.4,385.79999999999995
32892,85,12.4,374.4,362.0
32894,85,4.0,394.8,390.8
32895,95,0.2,432.6,432.40000000000003
32898,89,6.4,273.4,267.0
32899,38,8.0,280.0,272.0
32900,86,21.4,406.2,384.8
32901,25,5.0,302.8,297.8
32906,54,4.8,167.0,162.2
32907,29,13.6,364.0,350.4
32908,63,0.0,238.0,238.0
32910,63,5.6,436.4,430.79999999999995
32911,54,3.6,275.8,272.2
32912,55,3.0,219.6,216.6
32913,28,3.6,168.2,164.6
32915,79,3.4,361.8,358.40000000000003
32916,95,10.0,413.2,403.2
32917,71,3.4,424.4,421.0
32918,44,10.6,362.6,352.0
32919,29,8.4,139.0,130.6
32920,69,2.8,264.4,261.59999999999997
32921,105,11.6,422.8,411.2
32923,97,5.2,380.6,375.40000000000003
32926,72,5.2,327.4,322.2
32927,113,10.0,424.2,414.2
32928,109,1.8,421.8,420.0
32930,33,4.2,143.2,139.0
32932,102,6.8,419.0,412.2
32933,27,0.2,268.8,268.6
32934,31,8.6,351.8,343.2
32935,95,1.2,420.0,418.8
32936,39,13.8,142.2,128.39999999999998
32938,104,7.4,421.4,414.0
32939,105,1.0,419.6,418.6
32940,105,2.6,372.2,369.59999999999997
32942,96,6.8,411.4,404.59999999999997
32945,92,5.4,413.8,408.40000000000003
32948,74,7.2,292.6,285.40000000000003
32950,49,4.4,206.0,201.6
32952,93,2.0,398.8,396.8
32953,84,5.2,412.2,407.0
32954,98,2.4,414.8,412.40000000000003
32955,29,1.2,337.0,335.8
32956,17,8.4,138.8,130.4
32959,110,0.0,426.2,426.2
32960,91,2.8,382.8,380.0
32961,28,27.8,246.2,218.39999999999998
32962,53,9.4,215.0,205.6
32963,101,2.0,410.4,408.4
32964,85,15.0,426.2,411.2
32967,80,0.6,385.4,384.79999999999995
32968,34,3.0,141.4,138.4
32969,87,9.0,418.6,409.6
32970,102,4.8,412.4,407.59999999999997
32971,7,21.8,87.4,65.60000000000001
32973,26,9.4,143.4,134.0
32976,84,1.8,407.2,405.4
32980,106,4.2,413.2,409.0
32981,86,1.2,394.4,393.2
32983,20,5.6,163.6,158.0
32984,79,5.2,276.8,271.6
32985,75,7.8,359.0,351.2
32987,86,12.4,415.4,403.0
32988,83,5.6,352.8,347.2
32989,65,6.8,290.0,283.2
32990,10,0.0,90.2,90.2
32991,28,10.0,404.0,394.0
32992,52,4.2,405.4,401.2
32993,14,0.8,183.2,182.39999999999998
32994,34,15.2,411.4,396.2
32995,23,0.0,399.2,399.2
32997,12,8.0,215.2,207.2
32999,52,2.0,247.8,245.8
33000,95,5.4,412.6,407.20000000000005
33003,80,8.0,407.6,399.6
33005,16,3.6,141.8,138.20000000000002
33006,56,8.2,282.8,274.6
33007,128,10.0,404.6,394.6
33009,51,12.2,276.8,264.6
33010,90,26.6,413.6,387.0
33012,92,7.0,419.8,412.8
33013,85,58.2,423.4,365.2
33014,64,2.2,425.0,422.8
33015,123,1.2,389.6,388.40000000000003
33016,26,4.2,284.2,280.0
33017,91,95.0,411.8,316.8
33019,61,0.0,419.4,419.4
33020,55,9.6,270.2,260.59999999999997
33021,27,2.0,206.4,204.4
33023,38,2.8,290.6,287.8
33024,68,9.2,284.8,275.6
33025,73,0.0,401.6,401.6
33026,68,11.4,384.4,373.0
33027,111,14.2,420.4,406.2
33028,42,5.2,289.6,284.40000000000003
33029,27,0.0,217.0,217.0
33030,83,10.6,415.4,404.79999999999995
33031,65,1.2,320.6,319.40000000000003
33032,80,14.0,402.4,388.4
33033,50,3.8,362.0,358.2
33034,93,9.6,414.2,404.59999999999997
33035,50,1.0,278.0,277.0
33036,8,9.0,162.8,153.8
33038,11,0.2,149.8,149.60000000000002
33039,12,10.2,189.0,178.8
33040,94,14.8,397.6,382.8
33043,9,25.6,202.4,176.8
33046,76,2.6,363.6,361.0
33047,84,18.8,281.8,263.0
33048,91,4.8,365.4,360.59999999999997
33051,6,14.8,144.2,129.39999999999998
33052,7,7.0,182.0,175.0
33054,81,1.6,276.0,274.4
33055,62,5.0,397.8,392.8
33056,61,3.6,216.2,212.6
33057,86,9.0,398.8,389.8
33059,41,1.4,217.2,215.79999999999998
33061,7,9.8,142.2,132.39999999999998
33063,81,23.4,362.4,339.0
33065,51,5.2,402.4,397.2
33067,86,10.8,372.4,361.59999999999997
33068,62,6.4,285.4,279.0
33069,87,2.0,387.0,385.0
33070,65,1.4,282.2,280.8
33071,84,8.4,410.4,402.0
33072,104,16.8,416.2,399.4
33073,82,58.2,407.4,349.2
33074,46,1.2,388.2,387.0
33076,9,0.0,140.8,140.8
33077,17,10.4,175.6,165.2
33078,95,9.4,407.6,398.20000000000005
33079,92,9.8,412.6,402.8
33080,45,0.2,214.6,214.4
33084,39,13.6,382.2,368.59999999999997
33086,20,1.0,279.4,278.4
33087,27,51.8,399.8,348.0
33088,68,11.4,409.6,398.20000000000005
33089,11,20.6,204.2,183.6
33090,78,11.8,401.2,389.4
33092,45,0.2,399.2,399.0
33093,95,16.4,395.2,378.8
33095,106,3.6,368.4,364.79999999999995
33096,91,0.0,401.0,401.0
33097,47,16.0,400.8,384.8
33098,111,8.4,413.6,405.20000000000005
33099,23,1.2,190.6,189.4
33100,14,10.0,211.2,201.2
33101,18,17.6,293.4,275.79999999999995
33104,50,10.2,406.8,396.6
33105,22,10.2,255.2,245.0
33106,67,3.0,415.4,412.4
33108,41,12.0,404.0,392.0
33109,56,10.2,410.2,400.0
33110,10,10.0,134.8,124.80000000000001
33111,94,11.2,345.0,333.8
33114,91,10.8,418.6,407.8
33115,34,5.8,83.6,77.8
33117,79,0.4,280.8,280.40000000000003
33118,12,4.2,194.2,190.0
33120,76,21.0,361.6,340.6
33123,76,15.8,359.4,343.59999999999997
33124,70,15.2,362.2,347.0
33125,66,4.2,348.8,344.6
33126,29,7.0,193.2,186.2
33128,82,1.8,385.6,383.8
33130,84,2.4,410.8,408.40000000000003
33132,84,7.2,386.8,379.6
33133,86,2.0,352.2,350.2
33135,122,3.8,365.8,362.0
33137,94,3.8,309.6,305.8
33138,85,26.6,399.4,372.79999999999995
33139,36,8.6,214.6,206.0
33144,83,14.0,392.2,378.2
33146,10,10.0,185.2,175.2
33147,65,9.6,355.2,345.59999999999997
33149,83,1.0,367.0,366.0
33150,65,6.6,360.6,354.0
33152,70,15.6,382.2,366.59999999999997
33153,58,3.4,352.6,349.20000000000005
33154,141,0.8,404.8,404.0
33155,35,4.0,131.8,127.80000000000001
33158,90,10.8,396.8,386.0
33159,98,4.0,394.6,390.6
33160,38,0.2,376.6,376.40000000000003
33161,90,12.2,385.0,372.8
33162,16,11.8,258.8,247.0
33163,72,9.0,262.8,253.8
33164,14,14.0,128.6,114.6
33165,69,6.2,347.8,341.6
33167,5,9.6,107.2,97.60000000000001
33168,95,0.6,358.2,357.59999999999997
33171,48,6.4,169.2,162.79999999999998
33173,5,7.4,200.2,192.79999999999998
33175,20,9.4,128.0,118.6
33176,5,12.4,76.4,64.0
33177,73,4.0,392.0,388.0
33178,68,2.2,339.8,337.6
33180,79,7.4,408.8,401.40000000000003
33181,101,27.6,403.0,375.4
33182,40,6.4,145.6,139.2
33184,127,2.8,394.0,391.2
33185,90,8.8,390.2,381.4
33186,98,16.2,390.4,374.2
33187,38,2.8,159.4,156.6
33188,77,2.6,401.8,399.2
33190,108,1.4,381.6,380.20000000000005
33191,72,8.6,390.8,382.2
33192,49,8.4,238.2,229.79999999999998
33193,18,96.4,169.0,72.6
33195,33,9.2,165.2,156.0
33196,68,10.0,297.4,287.4
33198,17,2.8,145.0,142.2
33199,111,0.2,362.2,362.0
33200,85,3.0,398.2,395.2
33201,68,13.4,285.0,271.6
33203,31,2.2,326.8,324.6
33204,6,7.6,120.4,112.80000000000001
33208,37,0.2,274.4,274.2
33209,59,12.0,293.4,281.4
33210,15,1.4,177.2,175.79999999999998
33211,46,0.0,269.4,269.4
33213,24,1.2,144.4,143.20000000000002
33214,94,16.8,401.0,384.2
33215,94,13.4,387.0,373.6
33216,35,5.6,144.4,138.8
33217,77,13.4,367.0,353.6
33218,100,6.6,372.0,365.4
33222,81,16.0,400.4,384.4
33223,44,7.4,404.0,396.6
33224,7,1.8,147.0,145.2
33225,74,4.4,289.4,285.0
33226,44,9.0,398.8,389.8
33229,96,10.4,404.8,394.40000000000003
33230,67,8.0,202.6,194.6
33233,93,21.0,401.6,380.6
33234,117,0.0,381.0,381.0
33235,59,10.2,289.0,278.8
33239,89,10.2,387.4,377.2
33240,90,16.8,398.4,381.59999999999997
33241,98,10.2,394.4,384.2
33243,89,2.4,386.8,384.40000000000003
33247,86,5.8,406.4,400.59999999999997
33249,43,6.2,392.6,386.40000000000003
33250,7,9.2,105.0,95.8
33251,15,1.8,285.0,283.2
33252,10,9.8,140.6,130.79999999999998
33253,16,5.8,186.4,180.6
33255,19,11.2,268.8,257.6
33256,106,2.6,358.2,355.59999999999997
33257,5,0.0,85.4,85.4
33258,40,5.4,143.2,137.79999999999998
33259,13,4.4,165.8,161.4
33260,27,0.0,129.6,129.6
33261,99,14.6,391.8,377.2
33265,52,3.2,227.8,224.60000000000002
33266,64,3.2,287.2,284.0
33267,51,3.2,216.6,213.4
33268,46,22.8,393.4,370.59999999999997
33269,43,9.4,218.6,209.2
33270,12,9.8,198.2,188.39999999999998
33271,104,9.2,382.0,372.8
33273,150,8.8,394.8,386.0
33278,88,18.2,387.8,369.6
33280,97,4.4,357.8,353.40000000000003
33281,118,3.2,386.0,382.8
33282,9,4.8,116.8,112.0
33283,52,4.6,396.4,391.79999999999995
33284,37,0.6,174.4,173.8
33285,62,1.2,324.8,323.6
33286,82,10.8,383.0,372.2
33288,49,3.0,231.2,228.2
33289,95,5.4,402.8,397.40000000000003
33290,9,14.8,108.8,94.0
33291,34,0.0,275.8,275.8
33292,36,15.8,215.0,199.2
33293,7,3.6,131.2,127.6
33294,64,5.8,287.8,282.0
33295,79,1.4,369.8,368.40000000000003
33296,27,0.4,207.8,207.4
33297,105,6.0,402.6,396.6
33298,87,12.6,400.4,387.79999999999995
33301,19,0.0,263.6,263.6
33302,95,0.2,369.2,369.0
33304,91,2.4,391.4,389.0
33308,91,0.0,398.6,398.6
33309,8,15.0,68.0,53.0
33311,84,1.4,387.0,385.6
33312,99,5.6,363.0,357.4
33314,44,2.8,399.4,396.59999999999997
33316,35,11.4,385.4,374.0
33318,61,6.4,334.8,328.40000000000003
33319,10,0.0,198.2,198.2
33320,86,0.4,358.6,358.20000000000005
33321,55,9.2,313.6,304.40000000000003
33322,12,0.0,49.6,49.6
33323,39,53.6,396.8,343.2
33324,43,9.8,217.8,208.0
33325,18,13.8,206.0,192.2
33326,76,0.2,382.2,382.0
33327,43,6.2,395.2,389.0
33328,69,13.0,399.8,386.8
33329,14,5.0,63.0,58.0
33331,66,5.6,282.4,276.79999999999995
33332,92,0.0,384.6,384.6
33333,81,11.2,368.0,356.8
33335,5,0.0,11.2,11.2
33336,17,5.6,200.4,194.8
33337,98,1.4,395.2,393.8
33339,95,14.4,385.6,371.20000000000005
33340,83,39.6,394.8,355.2
33341,70,9.8,384.0,374.2
33342,5,10.8,91.8,81.0
33343,91,1.6,378.8,377.2
33344,50,0.0,269.4,269.4
33345,73,2.2,320.6,318.40000000000003
33346,27,4.8,290.2,285.4
33347,54,2.8,279.4,276.59999999999997
33348,61,8.0,354.2,346.2
33349,119,4.0,402.8,398.8
33352,35,12.6,377.4,364.79999999999995
33353,121,0.0,388.4,388.4
33354,67,5.2,335.6,330.40000000000003
33355,67,43.4,323.8,280.40000000000003
33356,84,17.8,392.8,375.0
33357,82,3.6,392.2,388.59999999999997
33358,84,9.2,396.2,387.0
33359,60,4.4,281.8,277.40000000000003
33362,82,14.6,383.4,368.79999999999995
33363,87,14.8,380.4,365.59999999999997
33364,69,17.6,386.2,368.59999999999997
33365,12,11.2,171.2,160.0
33366,84,1.0,385.6,384.6
33367,48,27.8,389.6,361.8
33368,75,11.2,383.2,372.0
33370,63,13.8,375.4,361.59999999999997
33371,77,20.6,401.8,381.2
33372,163,15.4,390.0,374.6
33373,78,19.0,400.2,381.2
33374,68,13.8,381.2,367.4
33375,77,13.2,384.4,371.2
33377,92,4.4,381.0,376.6
33379,97,1.2,394.4,393.2
33380,92,0.4,381.2,380.8
33381,86,5.0,390.0,385.0
33382,41,2.2,351.0,348.8
33384,85,2.6,387.8,385.2
33385,67,0.0,284.6,284.6
33386,52,24.0,356.2,332.2
33387,37,33.6,343.8,310.2
33388,82,2.8,365.4,362.59999999999997
33389,37,36.6,357.4,320.79999999999995
33390,39,2.2,369.4,367.2
33391,70,45.8,389.8,344.0
33393,42,4.4,300.0,295.6
33395,67,11.2,372.6,361.40000000000003
33396,78,5.0,358.2,353.2
33397,86,18.2,341.2,323.0
33398,86,0.4,389.4,389.0
33399,67,5.2,373.4,368.2
33400,48,12.8,379.6,366.8
33401,51,17.4,263.4,245.99999999999997
33402,89,7.6,392.2,384.59999999999997
33403,28,2.4,308.8,306.40000000000003
33404,87,7.0,394.2,387.2
33405,79,5.6,389.8,384.2
33406,78,3.6,350.8,347.2
33408,14,11.2,133.6,122.39999999999999
33409,92,0.0,380.4,380.4
33411,32,1.2,343.2,342.0
33413,24,0.0,211.0,211.0
33414,93,1.4,330.0,328.6
33415,23,1.2,228.2,227.0
33421,79,8.2,373.0,364.8
33424,81,10.4,360.8,350.40000000000003
33425,35,5.8,179.2,173.39999999999998
33426,93,8.4,331.6,323.20000000000005
33427,113,0.0,362.8,362.8
33430,45,17.6,345.0,327.4
33431,125,5.4,348.6,343.20000000000005
33432,28,10.6,345.4,334.79999999999995
33433,80,3.6,346.6,343.0
33434,15,7.8,123.4,115.60000000000001
33437,87,0.0,332.8,332.8
33438,42,10.0,200.0,190.0
33440,75,0.0,174.4,174.4
33441,38,0.8,338.2,337.4
33442,58,0.2,282.0,281.8
33443,23,5.6,139.6,134.0
33445,17,11.4,134.6,123.19999999999999
33447,72,3.6,331.8,328.2
33448,68,4.6,364.4,359.79999999999995
33449,39,5.8,175.8,170.0
33451,88,2.8,358.4,355.59999999999997
33452,29,8.6,144.6,136.0
33453,90,15.4,355.2,339.8
33454,46,1.0,145.0,144.0
33455,42,4.8,212.6,207.79999999999998
33457,73,6.4,317.8,311.40000000000003
33458,80,0.8,357.2,356.4
33459,70,4.8,327.4,322.59999999999997
33460,77,2.4,334.0,331.6
33461,43,9.0,202.6,193.6
33462,72,0.0,319.8,319.8
33464,26,0.6,135.2,134.6
33465,33,8.4,186.2,177.79999999999998
33467,31,11.6,191.8,180.20000000000002
33468,80,4.6,361.8,357.2
33469,94,5.2,361.8,356.6
33471,75,7.0,360.8,353.8
33472,44,10.6,203.0,192.4
33476,75,11.4,282.2,270.8
33477,74,1.0,356.4,355.4
33479,79,0.4,350.4,350.0
33480,50,7.4,215.8,208.4
33481,90,0.0,361.0,361.0
33482,82,7.8,350.4,342.59999999999997
33484,72,3.6,331.4,327.79999999999995
33485,73,0.0,354.2,354.2
33486,63,5.2,336.8,331.6
33488,65,14.2,351.4,337.2
33490,89,5.6,320.0,314.4
33492,68,13.6,360.4,346.79999999999995
33493,14,0.0,143.6,143.6
33494,58,3.4,353.0,349.6
33495,101,0.0,366.4,366.4
33496,32,3.0,169.2,166.2
33497,103,1.2,358.0,356.8
33501,86,7.6,350.6,343.0
33502,47,4.6,202.6,198.0
33503,13,8.6,215.2,206.6
33504,50,11.6,253.6,242.0
33505,20,12.0,234.4,222.4
33507,83,2.2,361.8,359.6
33509,59,10.6,305.6,295.0
33511,89,0.6,342.2,341.59999999999997
33513,84,7.0,357.0,350.0
33514,76,7.8,358.0,350.2
33515,72,2.4,352.6,350.20000000000005
33516,84,7.2,355.4,348.2
33518,44,0.0,209.8,209.8
33521,24,0.0,251.6,251.6
33522,81,0.8,352.2,351.4
33523,82,0.0,338.8,338.8
33524,41,11.4,207.4,196.0
33525,82,8.6,335.8,327.2
33528,43,0.0,299.6,299.6
33530,94,10.6,356.2,345.59999999999997
33531,74,14.2,354.8,340.6
33534,39,17.2,152.6,135.4
33536,8,55.4,288.8,233.4
33537,69,3.6,337.6,334.0
33539,65,3.8,320.0,316.2
33540,41,5.6,213.8,208.20000000000002
33541,18,1.6,294.8,293.2
33542,7,4.8,139.8,135.0
33543,6,19.4,142.8,123.4
33544,34,4.6,158.6,154.0
33545,27,15.2,135.4,120.2
33546,74,2.0,333.0,331.0
33547,68,27.6,338.0,310.4
33548,42,13.6,312.4,298.79999999999995
33549,83,1.0,339.0,338.0
33551,61,5.8,309.8,304.0
33552,48,8.2,324.4,316.2
33553,17,1.2,214.4,213.20000000000002
33554,41,17.6,176.8,159.20000000000002
33555,38,2.4,144.2,141.79999999999998
33556,8,16.8,183.0,166.2
33557,80,21.2,338.8,317.6
33558,65,0.4,284.4,284.0
33559,15,8.4,139.0,130.6
33560,63,5.4,321.6,316.20000000000005
33562,28,16.6,273.2,256.59999999999997
33563,59,8.4,306.0,297.6
33564,64,6.8,316.0,309.2
33565,27,0.0,140.8,140.8
33566,58,5.0,263.2,258.2
33567,56,1.8,295.8,294.0
33568,14,11.2,166.8,155.60000000000002
33569,5,19.0,110.2,91.2
33570,63,2.0,275.4,273.4
33571,40,7.2,175.0,167.8
33573,14,14.6,132.6,118.0
33574,18,6.8,196.2,189.39999999999998
33575,36,6.2,203.2,197.0
33577,9,3.0,210.2,207.2
33578,47,9.4,217.4,208.0
33581,23,22.4,204.0,181.6
33582,24,0.0,122.0,122.0
33584,5,9.2,161.0,151.8
33585,17,7.2,146.4,139.20000000000002
33586,33,5.0,181.0,176.0
33587,31,20.4,147.6,127.19999999999999
33588,20,1.6,145.6,144.0
33590,11,0.0,147.0,147.0
33592,12,7.2,117.0,109.8
33593,35,0.0,143.4,143.4
33595,27,2.6,139.2,136.6
33597,46,0.0,147.6,147.6
33598,25,7.4,136.6,129.2
33599,44,0.0,148.2,148.2
33600,27,10.6,151.0,140.4
33602,30,4.8,162.2,157.39999999999998
33603,32,4.8,139.8,135.0
33604,20,10.4,130.8,120.4
33606,30,2.2,142.6,140.4
33607,27,5.2,138.4,133.20000000000002
33608,26,4.8,126.0,121.2
33609,35,0.0,144.6,144.6
33611,25,1.4,139.8,138.4
33613,23,4.2,139.2,135.0
33616,19,24.8,127.0,102.2
33618,12,63.6,119.6,55.99999999999999
33620,36,4.8,138.4,133.6
33621,13,4.2,130.4,126.2
33622,25,3.4,129.6,126.19999999999999
33623,29,12.8,145.2,132.39999999999998
33624,7,20.4,105.2,84.80000000000001
33626,32,5.0,132.4,127.4
33627,30,4.8,135.0,130.2
33628,26,30.2,142.8,112.60000000000001
33629,33,3.0,132.6,129.6
33630,25,4.8,131.4,126.60000000000001
33631,25,2.0,145.8,143.8
33633,20,4.4,130.0,125.6
33635,24,2.6,134.4,131.8
33636,25,4.8,132.0,127.2
33637,27,9.4,133.4,124.0
33639,17,10.6,112.6,102.0
33640,33,4.6,123.2,118.60000000000001
33641,18,8.0,116.0,108.0
33642,27,5.0,126.4,121.4
33643,26,20.0,125.8,105.8
